record_id,subscription_id,virtual_time,real_time,stage,payload
a43d852d-59d4-4257-a9c5-f3071b353ba7,sub_0138,2026-08-25T09:19:49.502659+00:00,2026-08-26T07:34:24.861280+00:00,ingest,"{""attempt_number"": 1, ""error_reason"": ""card_expired"", ""error_source"": ""issuer"", ""error_step"": ""payment_authentication"", ""event_id"": ""evt_0138"", ""invoice_id"": ""inv_0138"", ""occurred_at"": ""2026-08-25T09:19:49.502659Z"", ""source"": ""cohort"", ""subscription_id"": ""sub_0138""}"
317ebf52-243b-4332-8ca5-670cc777808c,sub_0138,2026-08-25T09:19:49.502659+00:00,2026-08-26T13:31:20.598822+00:00,ingest,"{""attempt_number"": 1, ""error_reason"": ""card_expired"", ""error_source"": ""issuer"", ""error_step"": ""payment_authentication"", ""event_id"": ""evt_0138"", ""invoice_id"": ""inv_0138"", ""occurred_at"": ""2026-08-25T09:19:49.502659Z"", ""source"": ""cohort"", ""subscription_id"": ""sub_0138""}"
209ce15b-cc9f-45e8-be07-5e425d89f229,sub_0027,2026-08-25T09:20:49.816374+00:00,2026-08-26T07:34:24.861833+00:00,ingest,"{""attempt_number"": 1, ""error_reason"": ""payment_risk_check_failed"", ""error_source"": ""gateway"", ""error_step"": ""payment_authorization"", ""event_id"": ""evt_0027"", ""invoice_id"": ""inv_0027"", ""occurred_at"": ""2026-08-25T09:20:49.816374Z"", ""source"": ""cohort"", ""subscription_id"": ""sub_0027""}"
e7f7115c-23ed-4a40-bf60-f02073146e7f,sub_0027,2026-08-25T09:20:49.816374+00:00,2026-08-26T13:31:20.602525+00:00,ingest,"{""attempt_number"": 1, ""error_reason"": ""payment_risk_check_failed"", ""error_source"": ""gateway"", ""error_step"": ""payment_authorization"", ""event_id"": ""evt_0027"", ""invoice_id"": ""inv_0027"", ""occurred_at"": ""2026-08-25T09:20:49.816374Z"", ""source"": ""cohort"", ""subscription_id"": ""sub_0027""}"
d8ccaab2-63c8-44aa-b2e8-42f6153ce649,sub_0069,2026-08-25T09:37:51.369028+00:00,2026-08-26T07:34:24.862500+00:00,ingest,"{""attempt_number"": 1, ""error_reason"": ""card_declined"", ""error_source"": ""issuer"", ""error_step"": ""payment_authorization"", ""event_id"": ""evt_0069"", ""invoice_id"": ""inv_0069"", ""occurred_at"": ""2026-08-25T09:37:51.369028Z"", ""source"": ""cohort"", ""subscription_id"": ""sub_0069""}"
10dcafee-4581-4a93-91c1-ac68acff60e6,sub_0069,2026-08-25T09:37:51.369028+00:00,2026-08-26T13:31:20.603065+00:00,ingest,"{""attempt_number"": 1, ""error_reason"": ""card_declined"", ""error_source"": ""issuer"", ""error_step"": ""payment_authorization"", ""event_id"": ""evt_0069"", ""invoice_id"": ""inv_0069"", ""occurred_at"": ""2026-08-25T09:37:51.369028Z"", ""source"": ""cohort"", ""subscription_id"": ""sub_0069""}"
45eeb989-8143-41bf-8d5b-c787758acdef,sub_0093,2026-08-25T09:51:37.466355+00:00,2026-08-26T07:34:24.862950+00:00,ingest,"{""attempt_number"": 1, ""error_reason"": ""bank_technical_error"", ""error_source"": ""bank"", ""error_step"": ""payment_authorization"", ""event_id"": ""evt_0093"", ""invoice_id"": ""inv_0093"", ""occurred_at"": ""2026-08-25T09:51:37.466355Z"", ""source"": ""cohort"", ""subscription_id"": ""sub_0093""}"
9b467252-a664-4a3d-8e3b-1efe41941138,sub_0093,2026-08-25T09:51:37.466355+00:00,2026-08-26T13:31:20.604127+00:00,ingest,"{""attempt_number"": 1, ""error_reason"": ""bank_technical_error"", ""error_source"": ""bank"", ""error_step"": ""payment_authorization"", ""event_id"": ""evt_0093"", ""invoice_id"": ""inv_0093"", ""occurred_at"": ""2026-08-25T09:51:37.466355Z"", ""source"": ""cohort"", ""subscription_id"": ""sub_0093""}"
6f9ccfcd-ddd1-4f74-978c-c594088ee5e7,sub_0039,2026-08-25T09:57:45.139445+00:00,2026-08-26T07:34:24.863461+00:00,ingest,"{""attempt_number"": 1, ""error_reason"": ""payment_risk_check_failed"", ""error_source"": ""gateway"", ""error_step"": ""payment_authorization"", ""event_id"": ""evt_0039"", ""invoice_id"": ""inv_0039"", ""occurred_at"": ""2026-08-25T09:57:45.139445Z"", ""source"": ""cohort"", ""subscription_id"": ""sub_0039""}"
6fe5df14-48c9-48e4-a02e-12609156aada,sub_0039,2026-08-25T09:57:45.139445+00:00,2026-08-26T13:31:20.605203+00:00,ingest,"{""attempt_number"": 1, ""error_reason"": ""payment_risk_check_failed"", ""error_source"": ""gateway"", ""error_step"": ""payment_authorization"", ""event_id"": ""evt_0039"", ""invoice_id"": ""inv_0039"", ""occurred_at"": ""2026-08-25T09:57:45.139445Z"", ""source"": ""cohort"", ""subscription_id"": ""sub_0039""}"
5c45aad3-eac4-4205-81e4-0403952328f4,sub_0103,2026-08-25T10:13:20.774803+00:00,2026-08-26T07:34:24.863921+00:00,ingest,"{""attempt_number"": 1, ""error_reason"": ""insufficient_funds"", ""error_source"": ""bank"", ""error_step"": ""payment_authorization"", ""event_id"": ""evt_0103"", ""invoice_id"": ""inv_0103"", ""occurred_at"": ""2026-08-25T10:13:20.774803Z"", ""source"": ""cohort"", ""subscription_id"": ""sub_0103""}"
7dd6ad98-eae2-4745-a83b-9c04077b2b45,sub_0103,2026-08-25T10:13:20.774803+00:00,2026-08-26T13:31:20.605923+00:00,ingest,"{""attempt_number"": 1, ""error_reason"": ""insufficient_funds"", ""error_source"": ""bank"", ""error_step"": ""payment_authorization"", ""event_id"": ""evt_0103"", ""invoice_id"": ""inv_0103"", ""occurred_at"": ""2026-08-25T10:13:20.774803Z"", ""source"": ""cohort"", ""subscription_id"": ""sub_0103""}"
e27da100-79d6-478d-89d5-9f8e3660fd8a,sub_0182,2026-08-25T10:13:29.357677+00:00,2026-08-26T07:34:24.864334+00:00,ingest,"{""attempt_number"": 1, ""error_reason"": ""card_declined"", ""error_source"": ""issuer"", ""error_step"": ""payment_authorization"", ""event_id"": ""evt_0182"", ""invoice_id"": ""inv_0182"", ""occurred_at"": ""2026-08-25T10:13:29.357677Z"", ""source"": ""cohort"", ""subscription_id"": ""sub_0182""}"
238ae01e-35b8-4591-8423-e1a97120302b,sub_0182,2026-08-25T10:13:29.357677+00:00,2026-08-26T13:31:20.606320+00:00,ingest,"{""attempt_number"": 1, ""error_reason"": ""card_declined"", ""error_source"": ""issuer"", ""error_step"": ""payment_authorization"", ""event_id"": ""evt_0182"", ""invoice_id"": ""inv_0182"", ""occurred_at"": ""2026-08-25T10:13:29.357677Z"", ""source"": ""cohort"", ""subscription_id"": ""sub_0182""}"
91fadd67-f9aa-49e9-b63c-217763f1b783,sub_0064,2026-08-25T10:33:04.576422+00:00,2026-08-26T07:34:24.864738+00:00,ingest,"{""attempt_number"": 1, ""error_reason"": ""payment_risk_check_failed"", ""error_source"": ""gateway"", ""error_step"": ""payment_authorization"", ""event_id"": ""evt_0064"", ""invoice_id"": ""inv_0064"", ""occurred_at"": ""2026-08-25T10:33:04.576422Z"", ""source"": ""cohort"", ""subscription_id"": ""sub_0064""}"
9404c6d5-329b-49d0-a865-dff2c207b2fb,sub_0064,2026-08-25T10:33:04.576422+00:00,2026-08-26T13:31:20.607049+00:00,ingest,"{""attempt_number"": 1, ""error_reason"": ""payment_risk_check_failed"", ""error_source"": ""gateway"", ""error_step"": ""payment_authorization"", ""event_id"": ""evt_0064"", ""invoice_id"": ""inv_0064"", ""occurred_at"": ""2026-08-25T10:33:04.576422Z"", ""source"": ""cohort"", ""subscription_id"": ""sub_0064""}"
6604c457-8017-4a0e-a9bd-68ad48398841,sub_0137,2026-08-25T10:44:02.491323+00:00,2026-08-26T07:34:24.865389+00:00,ingest,"{""attempt_number"": 1, ""error_reason"": ""insufficient_funds"", ""error_source"": ""bank"", ""error_step"": ""payment_authorization"", ""event_id"": ""evt_0137"", ""invoice_id"": ""inv_0137"", ""occurred_at"": ""2026-08-25T10:44:02.491323Z"", ""source"": ""cohort"", ""subscription_id"": ""sub_0137""}"
0770b47f-6bde-4d0d-b0d0-c82765c8ad60,sub_0137,2026-08-25T10:44:02.491323+00:00,2026-08-26T13:31:20.607534+00:00,ingest,"{""attempt_number"": 1, ""error_reason"": ""insufficient_funds"", ""error_source"": ""bank"", ""error_step"": ""payment_authorization"", ""event_id"": ""evt_0137"", ""invoice_id"": ""inv_0137"", ""occurred_at"": ""2026-08-25T10:44:02.491323Z"", ""source"": ""cohort"", ""subscription_id"": ""sub_0137""}"
c9f74dae-afd4-4d37-991f-87c6162a2dfb,sub_0179,2026-08-25T10:46:44.359147+00:00,2026-08-26T07:34:24.866075+00:00,ingest,"{""attempt_number"": 1, ""error_reason"": ""card_declined"", ""error_source"": ""issuer"", ""error_step"": ""payment_authorization"", ""event_id"": ""evt_0179"", ""invoice_id"": ""inv_0179"", ""occurred_at"": ""2026-08-25T10:46:44.359147Z"", ""source"": ""cohort"", ""subscription_id"": ""sub_0179""}"
9db0398e-23a0-412c-ae33-b94274f42d27,sub_0179,2026-08-25T10:46:44.359147+00:00,2026-08-26T13:31:20.608538+00:00,ingest,"{""attempt_number"": 1, ""error_reason"": ""card_declined"", ""error_source"": ""issuer"", ""error_step"": ""payment_authorization"", ""event_id"": ""evt_0179"", ""invoice_id"": ""inv_0179"", ""occurred_at"": ""2026-08-25T10:46:44.359147Z"", ""source"": ""cohort"", ""subscription_id"": ""sub_0179""}"
260ad26a-5867-40bf-92f6-94ef3c9de5d8,sub_0077,2026-08-25T11:23:48.224059+00:00,2026-08-26T07:34:24.866561+00:00,ingest,"{""attempt_number"": 1, ""error_reason"": ""insufficient_funds"", ""error_source"": ""bank"", ""error_step"": ""payment_authorization"", ""event_id"": ""evt_0077"", ""invoice_id"": ""inv_0077"", ""occurred_at"": ""2026-08-25T11:23:48.224059Z"", ""source"": ""cohort"", ""subscription_id"": ""sub_0077""}"
d93d086e-8440-4c36-9faa-d1730f9b06ff,sub_0077,2026-08-25T11:23:48.224059+00:00,2026-08-26T13:31:20.609038+00:00,ingest,"{""attempt_number"": 1, ""error_reason"": ""insufficient_funds"", ""error_source"": ""bank"", ""error_step"": ""payment_authorization"", ""event_id"": ""evt_0077"", ""invoice_id"": ""inv_0077"", ""occurred_at"": ""2026-08-25T11:23:48.224059Z"", ""source"": ""cohort"", ""subscription_id"": ""sub_0077""}"
f352550d-f101-4b8f-badb-a856d866b48e,sub_0091,2026-08-25T11:32:49.591620+00:00,2026-08-26T07:34:24.866994+00:00,ingest,"{""attempt_number"": 1, ""error_reason"": ""insufficient_funds"", ""error_source"": ""bank"", ""error_step"": ""payment_authorization"", ""event_id"": ""evt_0091"", ""invoice_id"": ""inv_0091"", ""occurred_at"": ""2026-08-25T11:32:49.591620Z"", ""source"": ""cohort"", ""subscription_id"": ""sub_0091""}"
ba729963-592a-4e08-88aa-419e33b6d8d0,sub_0091,2026-08-25T11:32:49.591620+00:00,2026-08-26T13:31:20.609389+00:00,ingest,"{""attempt_number"": 1, ""error_reason"": ""insufficient_funds"", ""error_source"": ""bank"", ""error_step"": ""payment_authorization"", ""event_id"": ""evt_0091"", ""invoice_id"": ""inv_0091"", ""occurred_at"": ""2026-08-25T11:32:49.591620Z"", ""source"": ""cohort"", ""subscription_id"": ""sub_0091""}"
5a5e61a8-bad1-47eb-a4d7-dc1fe0949cea,sub_0158,2026-08-25T11:34:00.105179+00:00,2026-08-26T07:34:24.867380+00:00,ingest,"{""attempt_number"": 1, ""error_reason"": ""insufficient_funds"", ""error_source"": ""bank"", ""error_step"": ""payment_authorization"", ""event_id"": ""evt_0158"", ""invoice_id"": ""inv_0158"", ""occurred_at"": ""2026-08-25T11:34:00.105179Z"", ""source"": ""cohort"", ""subscription_id"": ""sub_0158""}"
13398339-a59c-4461-b576-e7fd87b08a79,sub_0158,2026-08-25T11:34:00.105179+00:00,2026-08-26T13:31:20.609728+00:00,ingest,"{""attempt_number"": 1, ""error_reason"": ""insufficient_funds"", ""error_source"": ""bank"", ""error_step"": ""payment_authorization"", ""event_id"": ""evt_0158"", ""invoice_id"": ""inv_0158"", ""occurred_at"": ""2026-08-25T11:34:00.105179Z"", ""source"": ""cohort"", ""subscription_id"": ""sub_0158""}"
f44caea1-d2f0-42eb-bb08-3bba28d9ee70,sub_0040,2026-08-25T11:53:01.912236+00:00,2026-08-26T07:34:24.867759+00:00,ingest,"{""attempt_number"": 1, ""error_reason"": ""bank_technical_error"", ""error_source"": ""bank"", ""error_step"": ""payment_authorization"", ""event_id"": ""evt_0040"", ""invoice_id"": ""inv_0040"", ""occurred_at"": ""2026-08-25T11:53:01.912236Z"", ""source"": ""cohort"", ""subscription_id"": ""sub_0040""}"
c809d80b-a9b6-4fb5-8bb5-770c26f3a3ba,sub_0040,2026-08-25T11:53:01.912236+00:00,2026-08-26T13:31:20.610142+00:00,ingest,"{""attempt_number"": 1, ""error_reason"": ""bank_technical_error"", ""error_source"": ""bank"", ""error_step"": ""payment_authorization"", ""event_id"": ""evt_0040"", ""invoice_id"": ""inv_0040"", ""occurred_at"": ""2026-08-25T11:53:01.912236Z"", ""source"": ""cohort"", ""subscription_id"": ""sub_0040""}"
b8403e22-7c56-434c-aaf8-f03824cf6251,sub_0053,2026-08-25T12:50:15.072875+00:00,2026-08-26T07:34:24.868202+00:00,ingest,"{""attempt_number"": 1, ""error_reason"": ""card_declined"", ""error_source"": ""issuer"", ""error_step"": ""payment_authorization"", ""event_id"": ""evt_0053"", ""invoice_id"": ""inv_0053"", ""occurred_at"": ""2026-08-25T12:50:15.072875Z"", ""source"": ""cohort"", ""subscription_id"": ""sub_0053""}"
eaad775a-4a28-4fab-9c9a-8b928db02809,sub_0053,2026-08-25T12:50:15.072875+00:00,2026-08-26T13:31:20.610494+00:00,ingest,"{""attempt_number"": 1, ""error_reason"": ""card_declined"", ""error_source"": ""issuer"", ""error_step"": ""payment_authorization"", ""event_id"": ""evt_0053"", ""invoice_id"": ""inv_0053"", ""occurred_at"": ""2026-08-25T12:50:15.072875Z"", ""source"": ""cohort"", ""subscription_id"": ""sub_0053""}"
7a2f0ff3-a018-4046-9252-883a263c426f,sub_0185,2026-08-25T12:51:52.952717+00:00,2026-08-26T07:34:24.868627+00:00,ingest,"{""attempt_number"": 1, ""error_reason"": ""card_declined"", ""error_source"": ""issuer"", ""error_step"": ""payment_authorization"", ""event_id"": ""evt_0185"", ""invoice_id"": ""inv_0185"", ""occurred_at"": ""2026-08-25T12:51:52.952717Z"", ""source"": ""cohort"", ""subscription_id"": ""sub_0185""}"
1445e355-21c8-44c3-b822-0b64a8bbf7f9,sub_0185,2026-08-25T12:51:52.952717+00:00,2026-08-26T13:31:20.610841+00:00,ingest,"{""attempt_number"": 1, ""error_reason"": ""card_declined"", ""error_source"": ""issuer"", ""error_step"": ""payment_authorization"", ""event_id"": ""evt_0185"", ""invoice_id"": ""inv_0185"", ""occurred_at"": ""2026-08-25T12:51:52.952717Z"", ""source"": ""cohort"", ""subscription_id"": ""sub_0185""}"
d7d8a817-fc7a-4d24-b08a-ac17ebbed04c,sub_0021,2026-08-25T13:14:55.926489+00:00,2026-08-26T07:34:24.869053+00:00,ingest,"{""attempt_number"": 1, ""error_reason"": ""insufficient_funds"", ""error_source"": ""bank"", ""error_step"": ""payment_authorization"", ""event_id"": ""evt_0021"", ""invoice_id"": ""inv_0021"", ""occurred_at"": ""2026-08-25T13:14:55.926489Z"", ""source"": ""cohort"", ""subscription_id"": ""sub_0021""}"
eefb9224-3d2f-45d5-a8c0-aefbf2a85bf7,sub_0021,2026-08-25T13:14:55.926489+00:00,2026-08-26T13:31:20.611254+00:00,ingest,"{""attempt_number"": 1, ""error_reason"": ""insufficient_funds"", ""error_source"": ""bank"", ""error_step"": ""payment_authorization"", ""event_id"": ""evt_0021"", ""invoice_id"": ""inv_0021"", ""occurred_at"": ""2026-08-25T13:14:55.926489Z"", ""source"": ""cohort"", ""subscription_id"": ""sub_0021""}"
9caeacf0-1eea-4e6b-a555-a432341a4749,sub_0143,2026-08-25T13:39:05.296776+00:00,2026-08-26T07:34:24.869484+00:00,ingest,"{""attempt_number"": 1, ""error_reason"": ""card_declined"", ""error_source"": ""issuer"", ""error_step"": ""payment_authorization"", ""event_id"": ""evt_0143"", ""invoice_id"": ""inv_0143"", ""occurred_at"": ""2026-08-25T13:39:05.296776Z"", ""source"": ""cohort"", ""subscription_id"": ""sub_0143""}"
aee8ed6a-b16e-4025-bc68-17e2152485d5,sub_0143,2026-08-25T13:39:05.296776+00:00,2026-08-26T13:31:20.611696+00:00,ingest,"{""attempt_number"": 1, ""error_reason"": ""card_declined"", ""error_source"": ""issuer"", ""error_step"": ""payment_authorization"", ""event_id"": ""evt_0143"", ""invoice_id"": ""inv_0143"", ""occurred_at"": ""2026-08-25T13:39:05.296776Z"", ""source"": ""cohort"", ""subscription_id"": ""sub_0143""}"
50f3d180-ba0d-426d-8e99-07175d7f98ce,sub_0047,2026-08-25T14:02:01.834223+00:00,2026-08-26T07:34:24.869889+00:00,ingest,"{""attempt_number"": 1, ""error_reason"": ""insufficient_funds"", ""error_source"": ""bank"", ""error_step"": ""payment_authorization"", ""event_id"": ""evt_0047"", ""invoice_id"": ""inv_0047"", ""occurred_at"": ""2026-08-25T14:02:01.834223Z"", ""source"": ""cohort"", ""subscription_id"": ""sub_0047""}"
e98eac1f-0fa4-45b9-8fff-a52ccb7abc64,sub_0047,2026-08-25T14:02:01.834223+00:00,2026-08-26T13:31:20.612297+00:00,ingest,"{""attempt_number"": 1, ""error_reason"": ""insufficient_funds"", ""error_source"": ""bank"", ""error_step"": ""payment_authorization"", ""event_id"": ""evt_0047"", ""invoice_id"": ""inv_0047"", ""occurred_at"": ""2026-08-25T14:02:01.834223Z"", ""source"": ""cohort"", ""subscription_id"": ""sub_0047""}"
a476fad8-7e3c-46cd-b137-3af95631e002,sub_0106,2026-08-25T14:07:25.310925+00:00,2026-08-26T07:34:24.870463+00:00,ingest,"{""attempt_number"": 1, ""error_reason"": ""insufficient_funds"", ""error_source"": ""bank"", ""error_step"": ""payment_authorization"", ""event_id"": ""evt_0106"", ""invoice_id"": ""inv_0106"", ""occurred_at"": ""2026-08-25T14:07:25.310925Z"", ""source"": ""cohort"", ""subscription_id"": ""sub_0106""}"
fdccd79c-14fa-4f81-81f6-3fe699c53938,sub_0106,2026-08-25T14:07:25.310925+00:00,2026-08-26T13:31:20.612693+00:00,ingest,"{""attempt_number"": 1, ""error_reason"": ""insufficient_funds"", ""error_source"": ""bank"", ""error_step"": ""payment_authorization"", ""event_id"": ""evt_0106"", ""invoice_id"": ""inv_0106"", ""occurred_at"": ""2026-08-25T14:07:25.310925Z"", ""source"": ""cohort"", ""subscription_id"": ""sub_0106""}"
0383c5fc-14bb-4662-8fbe-5ba3b96bcac0,sub_0146,2026-08-25T14:08:38.263834+00:00,2026-08-26T07:34:24.870887+00:00,ingest,"{""attempt_number"": 1, ""error_reason"": ""bank_technical_error"", ""error_source"": ""bank"", ""error_step"": ""payment_authorization"", ""event_id"": ""evt_0146"", ""invoice_id"": ""inv_0146"", ""occurred_at"": ""2026-08-25T14:08:38.263834Z"", ""source"": ""cohort"", ""subscription_id"": ""sub_0146""}"
6c784a9c-9cb1-4b19-af0f-981292cf76f6,sub_0146,2026-08-25T14:08:38.263834+00:00,2026-08-26T13:31:20.613073+00:00,ingest,"{""attempt_number"": 1, ""error_reason"": ""bank_technical_error"", ""error_source"": ""bank"", ""error_step"": ""payment_authorization"", ""event_id"": ""evt_0146"", ""invoice_id"": ""inv_0146"", ""occurred_at"": ""2026-08-25T14:08:38.263834Z"", ""source"": ""cohort"", ""subscription_id"": ""sub_0146""}"
024b37fa-d583-475e-b5c9-dc15718df2ee,sub_0156,2026-08-25T14:09:22.337414+00:00,2026-08-26T07:34:24.871295+00:00,ingest,"{""attempt_number"": 1, ""error_reason"": ""card_declined"", ""error_source"": ""issuer"", ""error_step"": ""payment_authorization"", ""event_id"": ""evt_0156"", ""invoice_id"": ""inv_0156"", ""occurred_at"": ""2026-08-25T14:09:22.337414Z"", ""source"": ""cohort"", ""subscription_id"": ""sub_0156""}"
0b3121e4-ff7a-435e-bddf-8d4c956638c4,sub_0156,2026-08-25T14:09:22.337414+00:00,2026-08-26T13:31:20.613590+00:00,ingest,"{""attempt_number"": 1, ""error_reason"": ""card_declined"", ""error_source"": ""issuer"", ""error_step"": ""payment_authorization"", ""event_id"": ""evt_0156"", ""invoice_id"": ""inv_0156"", ""occurred_at"": ""2026-08-25T14:09:22.337414Z"", ""source"": ""cohort"", ""subscription_id"": ""sub_0156""}"
b23c4249-4e34-4486-b9c9-bc66e0a46711,sub_0176,2026-08-25T14:09:33.018255+00:00,2026-08-26T07:34:24.871691+00:00,ingest,"{""attempt_number"": 1, ""error_reason"": ""bank_technical_error"", ""error_source"": ""bank"", ""error_step"": ""payment_authorization"", ""event_id"": ""evt_0176"", ""invoice_id"": ""inv_0176"", ""occurred_at"": ""2026-08-25T14:09:33.018255Z"", ""source"": ""cohort"", ""subscription_id"": ""sub_0176""}"
3868051a-c24e-4d1d-9bdf-d02bdced588c,sub_0176,2026-08-25T14:09:33.018255+00:00,2026-08-26T13:31:20.614130+00:00,ingest,"{""attempt_number"": 1, ""error_reason"": ""bank_technical_error"", ""error_source"": ""bank"", ""error_step"": ""payment_authorization"", ""event_id"": ""evt_0176"", ""invoice_id"": ""inv_0176"", ""occurred_at"": ""2026-08-25T14:09:33.018255Z"", ""source"": ""cohort"", ""subscription_id"": ""sub_0176""}"
0583a7b8-eca7-4183-b9a6-02824bdb560c,sub_0180,2026-08-25T14:21:19.917397+00:00,2026-08-26T07:34:24.872085+00:00,ingest,"{""attempt_number"": 1, ""error_reason"": ""card_expired"", ""error_source"": ""issuer"", ""error_step"": ""payment_authentication"", ""event_id"": ""evt_0180"", ""invoice_id"": ""inv_0180"", ""occurred_at"": ""2026-08-25T14:21:19.917397Z"", ""source"": ""cohort"", ""subscription_id"": ""sub_0180""}"
c1dd7981-1acb-44e6-bdeb-c74638b88e44,sub_0180,2026-08-25T14:21:19.917397+00:00,2026-08-26T13:31:20.614653+00:00,ingest,"{""attempt_number"": 1, ""error_reason"": ""card_expired"", ""error_source"": ""issuer"", ""error_step"": ""payment_authentication"", ""event_id"": ""evt_0180"", ""invoice_id"": ""inv_0180"", ""occurred_at"": ""2026-08-25T14:21:19.917397Z"", ""source"": ""cohort"", ""subscription_id"": ""sub_0180""}"
b83e8366-34b3-43e9-845a-548ee022cbf1,sub_0142,2026-08-25T14:24:05.012133+00:00,2026-08-26T07:34:24.872539+00:00,ingest,"{""attempt_number"": 1, ""error_reason"": ""insufficient_funds"", ""error_source"": ""bank"", ""error_step"": ""payment_authorization"", ""event_id"": ""evt_0142"", ""invoice_id"": ""inv_0142"", ""occurred_at"": ""2026-08-25T14:24:05.012133Z"", ""source"": ""cohort"", ""subscription_id"": ""sub_0142""}"
808b6445-1b31-4aab-b76f-88da364e907b,sub_0142,2026-08-25T14:24:05.012133+00:00,2026-08-26T13:31:20.615214+00:00,ingest,"{""attempt_number"": 1, ""error_reason"": ""insufficient_funds"", ""error_source"": ""bank"", ""error_step"": ""payment_authorization"", ""event_id"": ""evt_0142"", ""invoice_id"": ""inv_0142"", ""occurred_at"": ""2026-08-25T14:24:05.012133Z"", ""source"": ""cohort"", ""subscription_id"": ""sub_0142""}"
713cab65-13d4-48ec-bb1d-0fc66f3ec68a,sub_0136,2026-08-25T14:39:44.790778+00:00,2026-08-26T07:34:24.872947+00:00,ingest,"{""attempt_number"": 1, ""error_reason"": ""card_expired"", ""error_source"": ""issuer"", ""error_step"": ""payment_authentication"", ""event_id"": ""evt_0136"", ""invoice_id"": ""inv_0136"", ""occurred_at"": ""2026-08-25T14:39:44.790778Z"", ""source"": ""cohort"", ""subscription_id"": ""sub_0136""}"
c20bd92f-34ef-4641-827c-46c28927c34c,sub_0136,2026-08-25T14:39:44.790778+00:00,2026-08-26T13:31:20.615676+00:00,ingest,"{""attempt_number"": 1, ""error_reason"": ""card_expired"", ""error_source"": ""issuer"", ""error_step"": ""payment_authentication"", ""event_id"": ""evt_0136"", ""invoice_id"": ""inv_0136"", ""occurred_at"": ""2026-08-25T14:39:44.790778Z"", ""source"": ""cohort"", ""subscription_id"": ""sub_0136""}"
31e3c17a-1f1f-4bcb-9efa-106b1a3b51eb,sub_0097,2026-08-25T14:49:46.727883+00:00,2026-08-26T07:34:24.873323+00:00,ingest,"{""attempt_number"": 1, ""error_reason"": ""insufficient_funds"", ""error_source"": ""bank"", ""error_step"": ""payment_authorization"", ""event_id"": ""evt_0097"", ""invoice_id"": ""inv_0097"", ""occurred_at"": ""2026-08-25T14:49:46.727883Z"", ""source"": ""cohort"", ""subscription_id"": ""sub_0097""}"
7bd7574a-51e9-488a-887a-665cc976ff37,sub_0097,2026-08-25T14:49:46.727883+00:00,2026-08-26T13:31:20.616196+00:00,ingest,"{""attempt_number"": 1, ""error_reason"": ""insufficient_funds"", ""error_source"": ""bank"", ""error_step"": ""payment_authorization"", ""event_id"": ""evt_0097"", ""invoice_id"": ""inv_0097"", ""occurred_at"": ""2026-08-25T14:49:46.727883Z"", ""source"": ""cohort"", ""subscription_id"": ""sub_0097""}"
ed26d9d2-43fe-40bc-80c3-a5dda6486a1e,sub_0152,2026-08-25T14:54:37.005955+00:00,2026-08-26T07:34:24.873734+00:00,ingest,"{""attempt_number"": 1, ""error_reason"": ""card_declined"", ""error_source"": ""issuer"", ""error_step"": ""payment_authorization"", ""event_id"": ""evt_0152"", ""invoice_id"": ""inv_0152"", ""occurred_at"": ""2026-08-25T14:54:37.005955Z"", ""source"": ""cohort"", ""subscription_id"": ""sub_0152""}"
35fe2e44-6455-4d85-92df-7d5f16ce4544,sub_0152,2026-08-25T14:54:37.005955+00:00,2026-08-26T13:31:20.616655+00:00,ingest,"{""attempt_number"": 1, ""error_reason"": ""card_declined"", ""error_source"": ""issuer"", ""error_step"": ""payment_authorization"", ""event_id"": ""evt_0152"", ""invoice_id"": ""inv_0152"", ""occurred_at"": ""2026-08-25T14:54:37.005955Z"", ""source"": ""cohort"", ""subscription_id"": ""sub_0152""}"
fa67f093-2fce-43d2-bfc4-20c605bf7ec3,sub_0081,2026-08-25T14:58:55.413329+00:00,2026-08-26T07:34:24.874175+00:00,ingest,"{""attempt_number"": 1, ""error_reason"": ""card_declined"", ""error_source"": ""issuer"", ""error_step"": ""payment_authorization"", ""event_id"": ""evt_0081"", ""invoice_id"": ""inv_0081"", ""occurred_at"": ""2026-08-25T14:58:55.413329Z"", ""source"": ""cohort"", ""subscription_id"": ""sub_0081""}"
3e4bb2c8-6db8-480f-ba6f-87caa1360005,sub_0081,2026-08-25T14:58:55.413329+00:00,2026-08-26T13:31:20.617160+00:00,ingest,"{""attempt_number"": 1, ""error_reason"": ""card_declined"", ""error_source"": ""issuer"", ""error_step"": ""payment_authorization"", ""event_id"": ""evt_0081"", ""invoice_id"": ""inv_0081"", ""occurred_at"": ""2026-08-25T14:58:55.413329Z"", ""source"": ""cohort"", ""subscription_id"": ""sub_0081""}"
9edd4f9e-d33e-4475-a9cc-0cacfddec7f5,sub_0181,2026-08-25T15:30:29.569274+00:00,2026-08-26T07:34:24.874638+00:00,ingest,"{""attempt_number"": 1, ""error_reason"": ""insufficient_funds"", ""error_source"": ""bank"", ""error_step"": ""payment_authorization"", ""event_id"": ""evt_0181"", ""invoice_id"": ""inv_0181"", ""occurred_at"": ""2026-08-25T15:30:29.569274Z"", ""source"": ""cohort"", ""subscription_id"": ""sub_0181""}"
1dd8dd42-aeb2-41ce-90bf-f6a8f2e0ccc9,sub_0181,2026-08-25T15:30:29.569274+00:00,2026-08-26T13:31:20.617581+00:00,ingest,"{""attempt_number"": 1, ""error_reason"": ""insufficient_funds"", ""error_source"": ""bank"", ""error_step"": ""payment_authorization"", ""event_id"": ""evt_0181"", ""invoice_id"": ""inv_0181"", ""occurred_at"": ""2026-08-25T15:30:29.569274Z"", ""source"": ""cohort"", ""subscription_id"": ""sub_0181""}"
86f2ae72-9432-47de-83ff-82785d6ab6d6,sub_0100,2026-08-25T15:53:19.972647+00:00,2026-08-26T07:34:24.875027+00:00,ingest,"{""attempt_number"": 1, ""error_reason"": ""bank_technical_error"", ""error_source"": ""bank"", ""error_step"": ""payment_authorization"", ""event_id"": ""evt_0100"", ""invoice_id"": ""inv_0100"", ""occurred_at"": ""2026-08-25T15:53:19.972647Z"", ""source"": ""cohort"", ""subscription_id"": ""sub_0100""}"
a866fad4-98fe-4c18-9b6e-7718d2f1e355,sub_0100,2026-08-25T15:53:19.972647+00:00,2026-08-26T13:31:20.618078+00:00,ingest,"{""attempt_number"": 1, ""error_reason"": ""bank_technical_error"", ""error_source"": ""bank"", ""error_step"": ""payment_authorization"", ""event_id"": ""evt_0100"", ""invoice_id"": ""inv_0100"", ""occurred_at"": ""2026-08-25T15:53:19.972647Z"", ""source"": ""cohort"", ""subscription_id"": ""sub_0100""}"
50b9fd58-f591-4007-a36a-1c3c18a1df0f,sub_0062,2026-08-25T16:29:16.430025+00:00,2026-08-26T07:34:24.875441+00:00,ingest,"{""attempt_number"": 1, ""error_reason"": ""card_expired"", ""error_source"": ""issuer"", ""error_step"": ""payment_authentication"", ""event_id"": ""evt_0062"", ""invoice_id"": ""inv_0062"", ""occurred_at"": ""2026-08-25T16:29:16.430025Z"", ""source"": ""cohort"", ""subscription_id"": ""sub_0062""}"
82c00e8e-6d8d-40bf-b92f-8c5f9133419c,sub_0062,2026-08-25T16:29:16.430025+00:00,2026-08-26T13:31:20.618594+00:00,ingest,"{""attempt_number"": 1, ""error_reason"": ""card_expired"", ""error_source"": ""issuer"", ""error_step"": ""payment_authentication"", ""event_id"": ""evt_0062"", ""invoice_id"": ""inv_0062"", ""occurred_at"": ""2026-08-25T16:29:16.430025Z"", ""source"": ""cohort"", ""subscription_id"": ""sub_0062""}"
3b5a4906-d10e-4388-a9ab-7a3fcbf0c814,sub_0115,2026-08-25T16:29:46.974304+00:00,2026-08-26T07:34:24.875846+00:00,ingest,"{""attempt_number"": 1, ""error_reason"": ""card_declined"", ""error_source"": ""issuer"", ""error_step"": ""payment_authorization"", ""event_id"": ""evt_0115"", ""invoice_id"": ""inv_0115"", ""occurred_at"": ""2026-08-25T16:29:46.974304Z"", ""source"": ""cohort"", ""subscription_id"": ""sub_0115""}"
bc6339dc-2353-43e0-8ec1-a8ce4b671728,sub_0115,2026-08-25T16:29:46.974304+00:00,2026-08-26T13:31:20.619172+00:00,ingest,"{""attempt_number"": 1, ""error_reason"": ""card_declined"", ""error_source"": ""issuer"", ""error_step"": ""payment_authorization"", ""event_id"": ""evt_0115"", ""invoice_id"": ""inv_0115"", ""occurred_at"": ""2026-08-25T16:29:46.974304Z"", ""source"": ""cohort"", ""subscription_id"": ""sub_0115""}"
8f88193c-80dd-44f3-a413-00a45b5ea60f,sub_0116,2026-08-25T16:48:14.407062+00:00,2026-08-26T07:34:24.876249+00:00,ingest,"{""attempt_number"": 1, ""error_reason"": ""card_expired"", ""error_source"": ""issuer"", ""error_step"": ""payment_authentication"", ""event_id"": ""evt_0116"", ""invoice_id"": ""inv_0116"", ""occurred_at"": ""2026-08-25T16:48:14.407062Z"", ""source"": ""cohort"", ""subscription_id"": ""sub_0116""}"
748e8dbb-466b-46c0-923e-80f961216be6,sub_0116,2026-08-25T16:48:14.407062+00:00,2026-08-26T13:31:20.619658+00:00,ingest,"{""attempt_number"": 1, ""error_reason"": ""card_expired"", ""error_source"": ""issuer"", ""error_step"": ""payment_authentication"", ""event_id"": ""evt_0116"", ""invoice_id"": ""inv_0116"", ""occurred_at"": ""2026-08-25T16:48:14.407062Z"", ""source"": ""cohort"", ""subscription_id"": ""sub_0116""}"
725f2f15-61a5-48cd-80d2-b28ebeded333,sub_0075,2026-08-25T17:13:21.030658+00:00,2026-08-26T07:34:24.876651+00:00,ingest,"{""attempt_number"": 1, ""error_reason"": ""card_expired"", ""error_source"": ""issuer"", ""error_step"": ""payment_authentication"", ""event_id"": ""evt_0075"", ""invoice_id"": ""inv_0075"", ""occurred_at"": ""2026-08-25T17:13:21.030658Z"", ""source"": ""cohort"", ""subscription_id"": ""sub_0075""}"
c240dfb4-df0c-4b1c-b694-e81aee51c4f3,sub_0075,2026-08-25T17:13:21.030658+00:00,2026-08-26T13:31:20.620167+00:00,ingest,"{""attempt_number"": 1, ""error_reason"": ""card_expired"", ""error_source"": ""issuer"", ""error_step"": ""payment_authentication"", ""event_id"": ""evt_0075"", ""invoice_id"": ""inv_0075"", ""occurred_at"": ""2026-08-25T17:13:21.030658Z"", ""source"": ""cohort"", ""subscription_id"": ""sub_0075""}"
d4276b54-b07d-4a01-b506-d1071f0973d1,sub_0045,2026-08-25T17:30:58.352462+00:00,2026-08-26T07:34:24.877061+00:00,ingest,"{""attempt_number"": 1, ""error_reason"": ""card_expired"", ""error_source"": ""issuer"", ""error_step"": ""payment_authentication"", ""event_id"": ""evt_0045"", ""invoice_id"": ""inv_0045"", ""occurred_at"": ""2026-08-25T17:30:58.352462Z"", ""source"": ""cohort"", ""subscription_id"": ""sub_0045""}"
1c823ab6-9dba-4983-9ba2-567922b9c744,sub_0045,2026-08-25T17:30:58.352462+00:00,2026-08-26T13:31:20.620606+00:00,ingest,"{""attempt_number"": 1, ""error_reason"": ""card_expired"", ""error_source"": ""issuer"", ""error_step"": ""payment_authentication"", ""event_id"": ""evt_0045"", ""invoice_id"": ""inv_0045"", ""occurred_at"": ""2026-08-25T17:30:58.352462Z"", ""source"": ""cohort"", ""subscription_id"": ""sub_0045""}"
10f2847e-a2bb-422f-91a9-2da29a273b64,sub_0151,2026-08-25T17:35:49.243832+00:00,2026-08-26T07:34:24.877447+00:00,ingest,"{""attempt_number"": 1, ""error_reason"": ""bank_technical_error"", ""error_source"": ""bank"", ""error_step"": ""payment_authorization"", ""event_id"": ""evt_0151"", ""invoice_id"": ""inv_0151"", ""occurred_at"": ""2026-08-25T17:35:49.243832Z"", ""source"": ""cohort"", ""subscription_id"": ""sub_0151""}"
373544fd-7fc9-4320-a713-16c6f6a6a0db,sub_0151,2026-08-25T17:35:49.243832+00:00,2026-08-26T13:31:20.620905+00:00,ingest,"{""attempt_number"": 1, ""error_reason"": ""bank_technical_error"", ""error_source"": ""bank"", ""error_step"": ""payment_authorization"", ""event_id"": ""evt_0151"", ""invoice_id"": ""inv_0151"", ""occurred_at"": ""2026-08-25T17:35:49.243832Z"", ""source"": ""cohort"", ""subscription_id"": ""sub_0151""}"
de10bc12-4daa-4a48-ab95-9fd69b64f8a4,sub_0102,2026-08-25T17:35:57.742935+00:00,2026-08-26T07:34:24.877852+00:00,ingest,"{""attempt_number"": 1, ""error_reason"": ""card_expired"", ""error_source"": ""issuer"", ""error_step"": ""payment_authentication"", ""event_id"": ""evt_0102"", ""invoice_id"": ""inv_0102"", ""occurred_at"": ""2026-08-25T17:35:57.742935Z"", ""source"": ""cohort"", ""subscription_id"": ""sub_0102""}"
d80adca8-d9cb-4d29-87ca-d0402ad18eba,sub_0102,2026-08-25T17:35:57.742935+00:00,2026-08-26T13:31:20.621218+00:00,ingest,"{""attempt_number"": 1, ""error_reason"": ""card_expired"", ""error_source"": ""issuer"", ""error_step"": ""payment_authentication"", ""event_id"": ""evt_0102"", ""invoice_id"": ""inv_0102"", ""occurred_at"": ""2026-08-25T17:35:57.742935Z"", ""source"": ""cohort"", ""subscription_id"": ""sub_0102""}"
474edef8-aabc-449f-8ca9-8def153f413e,sub_0165,2026-08-25T17:52:21.376631+00:00,2026-08-26T07:34:24.878264+00:00,ingest,"{""attempt_number"": 1, ""error_reason"": ""subscription_cancelled"", ""error_source"": ""business"", ""error_step"": ""payment_initiation"", ""event_id"": ""evt_0165"", ""invoice_id"": ""inv_0165"", ""occurred_at"": ""2026-08-25T17:52:21.376631Z"", ""source"": ""cohort"", ""subscription_id"": ""sub_0165""}"
d186b505-4308-4d7b-9508-81cfe7058ec4,sub_0165,2026-08-25T17:52:21.376631+00:00,2026-08-26T13:31:20.621629+00:00,ingest,"{""attempt_number"": 1, ""error_reason"": ""subscription_cancelled"", ""error_source"": ""business"", ""error_step"": ""payment_initiation"", ""event_id"": ""evt_0165"", ""invoice_id"": ""inv_0165"", ""occurred_at"": ""2026-08-25T17:52:21.376631Z"", ""source"": ""cohort"", ""subscription_id"": ""sub_0165""}"
57f8b2ff-7f01-4b2f-b327-d31d174d1b5f,sub_0133,2026-08-25T17:59:05.697012+00:00,2026-08-26T07:34:24.878779+00:00,ingest,"{""attempt_number"": 1, ""error_reason"": ""card_declined"", ""error_source"": ""issuer"", ""error_step"": ""payment_authorization"", ""event_id"": ""evt_0133"", ""invoice_id"": ""inv_0133"", ""occurred_at"": ""2026-08-25T17:59:05.697012Z"", ""source"": ""cohort"", ""subscription_id"": ""sub_0133""}"
b6f487b6-c4ba-4e22-9618-c1f6b367b958,sub_0133,2026-08-25T17:59:05.697012+00:00,2026-08-26T13:31:20.621995+00:00,ingest,"{""attempt_number"": 1, ""error_reason"": ""card_declined"", ""error_source"": ""issuer"", ""error_step"": ""payment_authorization"", ""event_id"": ""evt_0133"", ""invoice_id"": ""inv_0133"", ""occurred_at"": ""2026-08-25T17:59:05.697012Z"", ""source"": ""cohort"", ""subscription_id"": ""sub_0133""}"
50bb2495-34b7-455e-993a-12928240aa8e,sub_0074,2026-08-25T18:28:19.258533+00:00,2026-08-26T07:34:24.879206+00:00,ingest,"{""attempt_number"": 1, ""error_reason"": ""insufficient_funds"", ""error_source"": ""bank"", ""error_step"": ""payment_authorization"", ""event_id"": ""evt_0074"", ""invoice_id"": ""inv_0074"", ""occurred_at"": ""2026-08-25T18:28:19.258533Z"", ""source"": ""cohort"", ""subscription_id"": ""sub_0074""}"
0079db59-e4e7-43e9-b30f-0c221ed8e362,sub_0074,2026-08-25T18:28:19.258533+00:00,2026-08-26T13:31:20.622346+00:00,ingest,"{""attempt_number"": 1, ""error_reason"": ""insufficient_funds"", ""error_source"": ""bank"", ""error_step"": ""payment_authorization"", ""event_id"": ""evt_0074"", ""invoice_id"": ""inv_0074"", ""occurred_at"": ""2026-08-25T18:28:19.258533Z"", ""source"": ""cohort"", ""subscription_id"": ""sub_0074""}"
7607c9b8-a4dc-4f45-af50-5ce6da1122da,sub_0178,2026-08-25T18:32:51.135484+00:00,2026-08-26T07:34:24.879619+00:00,ingest,"{""attempt_number"": 1, ""error_reason"": ""card_expired"", ""error_source"": ""issuer"", ""error_step"": ""payment_authentication"", ""event_id"": ""evt_0178"", ""invoice_id"": ""inv_0178"", ""occurred_at"": ""2026-08-25T18:32:51.135484Z"", ""source"": ""cohort"", ""subscription_id"": ""sub_0178""}"
40c6380a-07ec-4732-8bb1-29bc0f81a767,sub_0178,2026-08-25T18:32:51.135484+00:00,2026-08-26T13:31:20.622714+00:00,ingest,"{""attempt_number"": 1, ""error_reason"": ""card_expired"", ""error_source"": ""issuer"", ""error_step"": ""payment_authentication"", ""event_id"": ""evt_0178"", ""invoice_id"": ""inv_0178"", ""occurred_at"": ""2026-08-25T18:32:51.135484Z"", ""source"": ""cohort"", ""subscription_id"": ""sub_0178""}"
585129bf-034c-40c4-a190-cc90dd0b2c1f,sub_0197,2026-08-25T19:44:40.759296+00:00,2026-08-26T07:34:24.880014+00:00,ingest,"{""attempt_number"": 1, ""error_reason"": ""insufficient_funds"", ""error_source"": ""bank"", ""error_step"": ""payment_authorization"", ""event_id"": ""evt_0197"", ""invoice_id"": ""inv_0197"", ""occurred_at"": ""2026-08-25T19:44:40.759296Z"", ""source"": ""cohort"", ""subscription_id"": ""sub_0197""}"
939cde31-8c21-4065-a61f-3a7935029184,sub_0197,2026-08-25T19:44:40.759296+00:00,2026-08-26T13:31:20.623080+00:00,ingest,"{""attempt_number"": 1, ""error_reason"": ""insufficient_funds"", ""error_source"": ""bank"", ""error_step"": ""payment_authorization"", ""event_id"": ""evt_0197"", ""invoice_id"": ""inv_0197"", ""occurred_at"": ""2026-08-25T19:44:40.759296Z"", ""source"": ""cohort"", ""subscription_id"": ""sub_0197""}"
b5960e81-f5b5-4017-a0c5-f2729cbce4ca,sub_0095,2026-08-25T19:46:23.397508+00:00,2026-08-26T07:34:24.880411+00:00,ingest,"{""attempt_number"": 1, ""error_reason"": ""insufficient_funds"", ""error_source"": ""bank"", ""error_step"": ""payment_authorization"", ""event_id"": ""evt_0095"", ""invoice_id"": ""inv_0095"", ""occurred_at"": ""2026-08-25T19:46:23.397508Z"", ""source"": ""cohort"", ""subscription_id"": ""sub_0095""}"
4d67349d-8542-4d71-a097-6208d668d3e7,sub_0095,2026-08-25T19:46:23.397508+00:00,2026-08-26T13:31:20.623401+00:00,ingest,"{""attempt_number"": 1, ""error_reason"": ""insufficient_funds"", ""error_source"": ""bank"", ""error_step"": ""payment_authorization"", ""event_id"": ""evt_0095"", ""invoice_id"": ""inv_0095"", ""occurred_at"": ""2026-08-25T19:46:23.397508Z"", ""source"": ""cohort"", ""subscription_id"": ""sub_0095""}"
be248956-8b3b-42a4-8ddf-f69ebf3444ad,sub_0049,2026-08-25T20:27:26.526568+00:00,2026-08-26T07:34:24.880814+00:00,ingest,"{""attempt_number"": 1, ""error_reason"": ""insufficient_funds"", ""error_source"": ""bank"", ""error_step"": ""payment_authorization"", ""event_id"": ""evt_0049"", ""invoice_id"": ""inv_0049"", ""occurred_at"": ""2026-08-25T20:27:26.526568Z"", ""source"": ""cohort"", ""subscription_id"": ""sub_0049""}"
5e115a7f-ee0f-441c-bc5a-8488a6f80446,sub_0049,2026-08-25T20:27:26.526568+00:00,2026-08-26T13:31:20.623769+00:00,ingest,"{""attempt_number"": 1, ""error_reason"": ""insufficient_funds"", ""error_source"": ""bank"", ""error_step"": ""payment_authorization"", ""event_id"": ""evt_0049"", ""invoice_id"": ""inv_0049"", ""occurred_at"": ""2026-08-25T20:27:26.526568Z"", ""source"": ""cohort"", ""subscription_id"": ""sub_0049""}"
a99d9bb0-806f-4026-b6e0-5276f9995fc0,sub_0044,2026-08-25T21:03:13.929670+00:00,2026-08-26T07:34:24.881254+00:00,ingest,"{""attempt_number"": 1, ""error_reason"": ""insufficient_funds"", ""error_source"": ""bank"", ""error_step"": ""payment_authorization"", ""event_id"": ""evt_0044"", ""invoice_id"": ""inv_0044"", ""occurred_at"": ""2026-08-25T21:03:13.929670Z"", ""source"": ""cohort"", ""subscription_id"": ""sub_0044""}"
2817ef5e-4ca7-4110-9a4c-8436fa0fb0fd,sub_0044,2026-08-25T21:03:13.929670+00:00,2026-08-26T13:31:20.624229+00:00,ingest,"{""attempt_number"": 1, ""error_reason"": ""insufficient_funds"", ""error_source"": ""bank"", ""error_step"": ""payment_authorization"", ""event_id"": ""evt_0044"", ""invoice_id"": ""inv_0044"", ""occurred_at"": ""2026-08-25T21:03:13.929670Z"", ""source"": ""cohort"", ""subscription_id"": ""sub_0044""}"
12a78970-70fe-4233-9304-f4de411e2478,sub_0110,2026-08-25T21:08:20.435015+00:00,2026-08-26T07:34:24.881691+00:00,ingest,"{""attempt_number"": 1, ""error_reason"": ""card_expired"", ""error_source"": ""issuer"", ""error_step"": ""payment_authentication"", ""event_id"": ""evt_0110"", ""invoice_id"": ""inv_0110"", ""occurred_at"": ""2026-08-25T21:08:20.435015Z"", ""source"": ""cohort"", ""subscription_id"": ""sub_0110""}"
93f9aa95-e252-4fa7-b81a-ccb6972a3cf2,sub_0110,2026-08-25T21:08:20.435015+00:00,2026-08-26T13:31:20.624625+00:00,ingest,"{""attempt_number"": 1, ""error_reason"": ""card_expired"", ""error_source"": ""issuer"", ""error_step"": ""payment_authentication"", ""event_id"": ""evt_0110"", ""invoice_id"": ""inv_0110"", ""occurred_at"": ""2026-08-25T21:08:20.435015Z"", ""source"": ""cohort"", ""subscription_id"": ""sub_0110""}"
22ea3c93-e8cf-4ccf-a5f3-edc3b9b36448,sub_0198,2026-08-25T21:24:58.754175+00:00,2026-08-26T07:34:24.882091+00:00,ingest,"{""attempt_number"": 1, ""error_reason"": ""insufficient_funds"", ""error_source"": ""bank"", ""error_step"": ""payment_authorization"", ""event_id"": ""evt_0198"", ""invoice_id"": ""inv_0198"", ""occurred_at"": ""2026-08-25T21:24:58.754175Z"", ""source"": ""cohort"", ""subscription_id"": ""sub_0198""}"
00b9b26e-83c8-4343-aba6-05f351a259e5,sub_0198,2026-08-25T21:24:58.754175+00:00,2026-08-26T13:31:20.625002+00:00,ingest,"{""attempt_number"": 1, ""error_reason"": ""insufficient_funds"", ""error_source"": ""bank"", ""error_step"": ""payment_authorization"", ""event_id"": ""evt_0198"", ""invoice_id"": ""inv_0198"", ""occurred_at"": ""2026-08-25T21:24:58.754175Z"", ""source"": ""cohort"", ""subscription_id"": ""sub_0198""}"
cc94a808-af9b-462c-9c20-77247db497ca,sub_0002,2026-08-25T21:26:56.373676+00:00,2026-08-26T07:34:24.882484+00:00,ingest,"{""attempt_number"": 1, ""error_reason"": ""subscription_cancelled"", ""error_source"": ""business"", ""error_step"": ""payment_initiation"", ""event_id"": ""evt_0002"", ""invoice_id"": ""inv_0002"", ""occurred_at"": ""2026-08-25T21:26:56.373676Z"", ""source"": ""cohort"", ""subscription_id"": ""sub_0002""}"
746c282f-d186-4e39-9419-5a2099560770,sub_0002,2026-08-25T21:26:56.373676+00:00,2026-08-26T13:31:20.625521+00:00,ingest,"{""attempt_number"": 1, ""error_reason"": ""subscription_cancelled"", ""error_source"": ""business"", ""error_step"": ""payment_initiation"", ""event_id"": ""evt_0002"", ""invoice_id"": ""inv_0002"", ""occurred_at"": ""2026-08-25T21:26:56.373676Z"", ""source"": ""cohort"", ""subscription_id"": ""sub_0002""}"
9bc02c4c-d95f-4fd6-b6f3-8d9f38aa2952,sub_0119,2026-08-25T21:49:59.352231+00:00,2026-08-26T07:34:24.882922+00:00,ingest,"{""attempt_number"": 1, ""error_reason"": ""card_declined"", ""error_source"": ""issuer"", ""error_step"": ""payment_authorization"", ""event_id"": ""evt_0119"", ""invoice_id"": ""inv_0119"", ""occurred_at"": ""2026-08-25T21:49:59.352231Z"", ""source"": ""cohort"", ""subscription_id"": ""sub_0119""}"
bba0d2f1-dff1-4f77-b08d-36c4180ec3aa,sub_0119,2026-08-25T21:49:59.352231+00:00,2026-08-26T13:31:20.626019+00:00,ingest,"{""attempt_number"": 1, ""error_reason"": ""card_declined"", ""error_source"": ""issuer"", ""error_step"": ""payment_authorization"", ""event_id"": ""evt_0119"", ""invoice_id"": ""inv_0119"", ""occurred_at"": ""2026-08-25T21:49:59.352231Z"", ""source"": ""cohort"", ""subscription_id"": ""sub_0119""}"
141e3e44-4f1a-4ad4-8eee-7c030248906d,sub_0163,2026-08-25T21:59:00.242430+00:00,2026-08-26T07:34:24.883298+00:00,ingest,"{""attempt_number"": 1, ""error_reason"": ""payment_risk_check_failed"", ""error_source"": ""gateway"", ""error_step"": ""payment_authorization"", ""event_id"": ""evt_0163"", ""invoice_id"": ""inv_0163"", ""occurred_at"": ""2026-08-25T21:59:00.242430Z"", ""source"": ""cohort"", ""subscription_id"": ""sub_0163""}"
4eafd942-e5d6-4c9e-911d-ae7ef2f48b77,sub_0163,2026-08-25T21:59:00.242430+00:00,2026-08-26T13:31:20.626492+00:00,ingest,"{""attempt_number"": 1, ""error_reason"": ""payment_risk_check_failed"", ""error_source"": ""gateway"", ""error_step"": ""payment_authorization"", ""event_id"": ""evt_0163"", ""invoice_id"": ""inv_0163"", ""occurred_at"": ""2026-08-25T21:59:00.242430Z"", ""source"": ""cohort"", ""subscription_id"": ""sub_0163""}"
d61b7480-d665-4da9-89e5-8cb5186e52e7,sub_0020,2026-08-25T22:40:40.649431+00:00,2026-08-26T07:34:24.883690+00:00,ingest,"{""attempt_number"": 1, ""error_reason"": ""insufficient_funds"", ""error_source"": ""bank"", ""error_step"": ""payment_authorization"", ""event_id"": ""evt_0020"", ""invoice_id"": ""inv_0020"", ""occurred_at"": ""2026-08-25T22:40:40.649431Z"", ""source"": ""cohort"", ""subscription_id"": ""sub_0020""}"
f8390b62-5a43-417c-af7f-c63b5397b01d,sub_0020,2026-08-25T22:40:40.649431+00:00,2026-08-26T13:31:20.626960+00:00,ingest,"{""attempt_number"": 1, ""error_reason"": ""insufficient_funds"", ""error_source"": ""bank"", ""error_step"": ""payment_authorization"", ""event_id"": ""evt_0020"", ""invoice_id"": ""inv_0020"", ""occurred_at"": ""2026-08-25T22:40:40.649431Z"", ""source"": ""cohort"", ""subscription_id"": ""sub_0020""}"
2fcf84ae-6e53-411d-8f16-1d7da42aa667,sub_0145,2026-08-25T23:11:08.279881+00:00,2026-08-26T07:34:24.884064+00:00,ingest,"{""attempt_number"": 1, ""error_reason"": ""insufficient_funds"", ""error_source"": ""bank"", ""error_step"": ""payment_authorization"", ""event_id"": ""evt_0145"", ""invoice_id"": ""inv_0145"", ""occurred_at"": ""2026-08-25T23:11:08.279881Z"", ""source"": ""cohort"", ""subscription_id"": ""sub_0145""}"
3794dcdb-7112-4e04-8a50-ed7a5c2d58d4,sub_0145,2026-08-25T23:11:08.279881+00:00,2026-08-26T13:31:20.627476+00:00,ingest,"{""attempt_number"": 1, ""error_reason"": ""insufficient_funds"", ""error_source"": ""bank"", ""error_step"": ""payment_authorization"", ""event_id"": ""evt_0145"", ""invoice_id"": ""inv_0145"", ""occurred_at"": ""2026-08-25T23:11:08.279881Z"", ""source"": ""cohort"", ""subscription_id"": ""sub_0145""}"
ff5fea2a-bbe0-45ec-9536-223fa4d8e67a,sub_0007,2026-08-25T23:27:39.051564+00:00,2026-08-26T07:34:24.884503+00:00,ingest,"{""attempt_number"": 1, ""error_reason"": ""insufficient_funds"", ""error_source"": ""bank"", ""error_step"": ""payment_authorization"", ""event_id"": ""evt_0007"", ""invoice_id"": ""inv_0007"", ""occurred_at"": ""2026-08-25T23:27:39.051564Z"", ""source"": ""cohort"", ""subscription_id"": ""sub_0007""}"
cc8746dc-4d9d-4db9-8c18-51aa6f520de1,sub_0007,2026-08-25T23:27:39.051564+00:00,2026-08-26T13:31:20.627941+00:00,ingest,"{""attempt_number"": 1, ""error_reason"": ""insufficient_funds"", ""error_source"": ""bank"", ""error_step"": ""payment_authorization"", ""event_id"": ""evt_0007"", ""invoice_id"": ""inv_0007"", ""occurred_at"": ""2026-08-25T23:27:39.051564Z"", ""source"": ""cohort"", ""subscription_id"": ""sub_0007""}"
79af15dc-fb25-4b88-921c-a10dbfb247fd,sub_0193,2026-08-25T23:37:23.504793+00:00,2026-08-26T07:34:24.884889+00:00,ingest,"{""attempt_number"": 1, ""error_reason"": ""card_expired"", ""error_source"": ""issuer"", ""error_step"": ""payment_authentication"", ""event_id"": ""evt_0193"", ""invoice_id"": ""inv_0193"", ""occurred_at"": ""2026-08-25T23:37:23.504793Z"", ""source"": ""cohort"", ""subscription_id"": ""sub_0193""}"
84f16fb2-9a72-40ee-b693-2fdccf59c2e8,sub_0193,2026-08-25T23:37:23.504793+00:00,2026-08-26T13:31:20.628386+00:00,ingest,"{""attempt_number"": 1, ""error_reason"": ""card_expired"", ""error_source"": ""issuer"", ""error_step"": ""payment_authentication"", ""event_id"": ""evt_0193"", ""invoice_id"": ""inv_0193"", ""occurred_at"": ""2026-08-25T23:37:23.504793Z"", ""source"": ""cohort"", ""subscription_id"": ""sub_0193""}"
7f1acc99-7dc0-45cd-a0f4-09d6d1d27c82,sub_0048,2026-08-25T23:52:50.884967+00:00,2026-08-26T07:34:24.885305+00:00,ingest,"{""attempt_number"": 1, ""error_reason"": ""card_declined"", ""error_source"": ""issuer"", ""error_step"": ""payment_authorization"", ""event_id"": ""evt_0048"", ""invoice_id"": ""inv_0048"", ""occurred_at"": ""2026-08-25T23:52:50.884967Z"", ""source"": ""cohort"", ""subscription_id"": ""sub_0048""}"
28463afa-8f13-4d42-8617-fffda832a0a4,sub_0048,2026-08-25T23:52:50.884967+00:00,2026-08-26T13:31:20.628809+00:00,ingest,"{""attempt_number"": 1, ""error_reason"": ""card_declined"", ""error_source"": ""issuer"", ""error_step"": ""payment_authorization"", ""event_id"": ""evt_0048"", ""invoice_id"": ""inv_0048"", ""occurred_at"": ""2026-08-25T23:52:50.884967Z"", ""source"": ""cohort"", ""subscription_id"": ""sub_0048""}"
e5185fe3-b805-4464-9b2a-0d9af9072e58,sub_0135,2026-08-26T00:02:38.415792+00:00,2026-08-26T07:34:24.885675+00:00,ingest,"{""attempt_number"": 1, ""error_reason"": ""insufficient_funds"", ""error_source"": ""bank"", ""error_step"": ""payment_authorization"", ""event_id"": ""evt_0135"", ""invoice_id"": ""inv_0135"", ""occurred_at"": ""2026-08-26T00:02:38.415792Z"", ""source"": ""cohort"", ""subscription_id"": ""sub_0135""}"
52ab9311-7ce5-4001-803f-3a26a27a9af1,sub_0135,2026-08-26T00:02:38.415792+00:00,2026-08-26T13:31:20.629231+00:00,ingest,"{""attempt_number"": 1, ""error_reason"": ""insufficient_funds"", ""error_source"": ""bank"", ""error_step"": ""payment_authorization"", ""event_id"": ""evt_0135"", ""invoice_id"": ""inv_0135"", ""occurred_at"": ""2026-08-26T00:02:38.415792Z"", ""source"": ""cohort"", ""subscription_id"": ""sub_0135""}"
8e562557-b86e-47ee-83d9-cfc908e46066,sub_0056,2026-08-26T00:07:36.346501+00:00,2026-08-26T07:34:24.886057+00:00,ingest,"{""attempt_number"": 1, ""error_reason"": ""insufficient_funds"", ""error_source"": ""bank"", ""error_step"": ""payment_authorization"", ""event_id"": ""evt_0056"", ""invoice_id"": ""inv_0056"", ""occurred_at"": ""2026-08-26T00:07:36.346501Z"", ""source"": ""cohort"", ""subscription_id"": ""sub_0056""}"
ed277ddf-0956-4824-9284-8665dbdfef91,sub_0056,2026-08-26T00:07:36.346501+00:00,2026-08-26T13:31:20.629721+00:00,ingest,"{""attempt_number"": 1, ""error_reason"": ""insufficient_funds"", ""error_source"": ""bank"", ""error_step"": ""payment_authorization"", ""event_id"": ""evt_0056"", ""invoice_id"": ""inv_0056"", ""occurred_at"": ""2026-08-26T00:07:36.346501Z"", ""source"": ""cohort"", ""subscription_id"": ""sub_0056""}"
f62088c5-a37b-4a1a-886e-a011e70977c2,sub_0083,2026-08-26T00:09:46.870968+00:00,2026-08-26T07:34:24.886455+00:00,ingest,"{""attempt_number"": 1, ""error_reason"": ""insufficient_funds"", ""error_source"": ""bank"", ""error_step"": ""payment_authorization"", ""event_id"": ""evt_0083"", ""invoice_id"": ""inv_0083"", ""occurred_at"": ""2026-08-26T00:09:46.870968Z"", ""source"": ""cohort"", ""subscription_id"": ""sub_0083""}"
e40e07de-328e-41b2-99a0-21d4f56c1896,sub_0083,2026-08-26T00:09:46.870968+00:00,2026-08-26T13:31:20.630233+00:00,ingest,"{""attempt_number"": 1, ""error_reason"": ""insufficient_funds"", ""error_source"": ""bank"", ""error_step"": ""payment_authorization"", ""event_id"": ""evt_0083"", ""invoice_id"": ""inv_0083"", ""occurred_at"": ""2026-08-26T00:09:46.870968Z"", ""source"": ""cohort"", ""subscription_id"": ""sub_0083""}"
8099506a-0afa-45b3-b623-394b4098c938,sub_0172,2026-08-26T00:09:55.727917+00:00,2026-08-26T07:34:24.886982+00:00,ingest,"{""attempt_number"": 1, ""error_reason"": ""subscription_cancelled"", ""error_source"": ""business"", ""error_step"": ""payment_initiation"", ""event_id"": ""evt_0172"", ""invoice_id"": ""inv_0172"", ""occurred_at"": ""2026-08-26T00:09:55.727917Z"", ""source"": ""cohort"", ""subscription_id"": ""sub_0172""}"
c5563fbd-e812-4432-96f5-cb4adefc8629,sub_0172,2026-08-26T00:09:55.727917+00:00,2026-08-26T13:31:20.630665+00:00,ingest,"{""attempt_number"": 1, ""error_reason"": ""subscription_cancelled"", ""error_source"": ""business"", ""error_step"": ""payment_initiation"", ""event_id"": ""evt_0172"", ""invoice_id"": ""inv_0172"", ""occurred_at"": ""2026-08-26T00:09:55.727917Z"", ""source"": ""cohort"", ""subscription_id"": ""sub_0172""}"
db9fb0d4-0386-4f39-a2c8-b549ee98a87a,sub_0184,2026-08-26T00:30:34.707349+00:00,2026-08-26T07:34:24.887377+00:00,ingest,"{""attempt_number"": 1, ""error_reason"": ""insufficient_funds"", ""error_source"": ""bank"", ""error_step"": ""payment_authorization"", ""event_id"": ""evt_0184"", ""invoice_id"": ""inv_0184"", ""occurred_at"": ""2026-08-26T00:30:34.707349Z"", ""source"": ""cohort"", ""subscription_id"": ""sub_0184""}"
de835fc8-092b-43a3-aec5-c9c8e044fed6,sub_0184,2026-08-26T00:30:34.707349+00:00,2026-08-26T13:31:20.631091+00:00,ingest,"{""attempt_number"": 1, ""error_reason"": ""insufficient_funds"", ""error_source"": ""bank"", ""error_step"": ""payment_authorization"", ""event_id"": ""evt_0184"", ""invoice_id"": ""inv_0184"", ""occurred_at"": ""2026-08-26T00:30:34.707349Z"", ""source"": ""cohort"", ""subscription_id"": ""sub_0184""}"
7bdf5d03-75cd-4fa4-91a8-85e6d5caa97b,sub_0072,2026-08-26T01:23:05.739202+00:00,2026-08-26T07:34:24.887790+00:00,ingest,"{""attempt_number"": 1, ""error_reason"": ""card_expired"", ""error_source"": ""issuer"", ""error_step"": ""payment_authentication"", ""event_id"": ""evt_0072"", ""invoice_id"": ""inv_0072"", ""occurred_at"": ""2026-08-26T01:23:05.739202Z"", ""source"": ""cohort"", ""subscription_id"": ""sub_0072""}"
275322b7-b05e-4da7-8fea-c3402404c752,sub_0072,2026-08-26T01:23:05.739202+00:00,2026-08-26T13:31:20.631483+00:00,ingest,"{""attempt_number"": 1, ""error_reason"": ""card_expired"", ""error_source"": ""issuer"", ""error_step"": ""payment_authentication"", ""event_id"": ""evt_0072"", ""invoice_id"": ""inv_0072"", ""occurred_at"": ""2026-08-26T01:23:05.739202Z"", ""source"": ""cohort"", ""subscription_id"": ""sub_0072""}"
427071b5-345c-4698-9d03-33b569ed9af3,sub_0041,2026-08-26T01:56:23.860318+00:00,2026-08-26T07:34:24.888170+00:00,ingest,"{""attempt_number"": 1, ""error_reason"": ""bank_technical_error"", ""error_source"": ""bank"", ""error_step"": ""payment_authorization"", ""event_id"": ""evt_0041"", ""invoice_id"": ""inv_0041"", ""occurred_at"": ""2026-08-26T01:56:23.860318Z"", ""source"": ""cohort"", ""subscription_id"": ""sub_0041""}"
3f47802d-4196-466c-bdc9-d0632a53f0a4,sub_0041,2026-08-26T01:56:23.860318+00:00,2026-08-26T13:31:20.631951+00:00,ingest,"{""attempt_number"": 1, ""error_reason"": ""bank_technical_error"", ""error_source"": ""bank"", ""error_step"": ""payment_authorization"", ""event_id"": ""evt_0041"", ""invoice_id"": ""inv_0041"", ""occurred_at"": ""2026-08-26T01:56:23.860318Z"", ""source"": ""cohort"", ""subscription_id"": ""sub_0041""}"
48ffb90e-17a2-403c-851f-339da9b63bad,sub_0157,2026-08-26T02:14:33.621354+00:00,2026-08-26T07:34:24.888612+00:00,ingest,"{""attempt_number"": 1, ""error_reason"": ""insufficient_funds"", ""error_source"": ""bank"", ""error_step"": ""payment_authorization"", ""event_id"": ""evt_0157"", ""invoice_id"": ""inv_0157"", ""occurred_at"": ""2026-08-26T02:14:33.621354Z"", ""source"": ""cohort"", ""subscription_id"": ""sub_0157""}"
1bd99fee-db90-461a-a0f6-e9cb53c35723,sub_0157,2026-08-26T02:14:33.621354+00:00,2026-08-26T13:31:20.632388+00:00,ingest,"{""attempt_number"": 1, ""error_reason"": ""insufficient_funds"", ""error_source"": ""bank"", ""error_step"": ""payment_authorization"", ""event_id"": ""evt_0157"", ""invoice_id"": ""inv_0157"", ""occurred_at"": ""2026-08-26T02:14:33.621354Z"", ""source"": ""cohort"", ""subscription_id"": ""sub_0157""}"
ce0abff4-d638-4446-8d10-3d085ef86690,sub_0085,2026-08-26T02:19:12.216394+00:00,2026-08-26T07:34:24.889028+00:00,ingest,"{""attempt_number"": 1, ""error_reason"": ""insufficient_funds"", ""error_source"": ""bank"", ""error_step"": ""payment_authorization"", ""event_id"": ""evt_0085"", ""invoice_id"": ""inv_0085"", ""occurred_at"": ""2026-08-26T02:19:12.216394Z"", ""source"": ""cohort"", ""subscription_id"": ""sub_0085""}"
f88e9e5e-5274-4180-b2d9-cabb3732da6d,sub_0085,2026-08-26T02:19:12.216394+00:00,2026-08-26T13:31:20.632774+00:00,ingest,"{""attempt_number"": 1, ""error_reason"": ""insufficient_funds"", ""error_source"": ""bank"", ""error_step"": ""payment_authorization"", ""event_id"": ""evt_0085"", ""invoice_id"": ""inv_0085"", ""occurred_at"": ""2026-08-26T02:19:12.216394Z"", ""source"": ""cohort"", ""subscription_id"": ""sub_0085""}"
4694a99b-c507-4628-89f2-3807a4a9e0f1,sub_0170,2026-08-26T02:44:26.851049+00:00,2026-08-26T07:34:24.889447+00:00,ingest,"{""attempt_number"": 1, ""error_reason"": ""insufficient_funds"", ""error_source"": ""bank"", ""error_step"": ""payment_authorization"", ""event_id"": ""evt_0170"", ""invoice_id"": ""inv_0170"", ""occurred_at"": ""2026-08-26T02:44:26.851049Z"", ""source"": ""cohort"", ""subscription_id"": ""sub_0170""}"
544a210c-de0f-46cb-b40b-9268e19990f7,sub_0170,2026-08-26T02:44:26.851049+00:00,2026-08-26T13:31:20.633145+00:00,ingest,"{""attempt_number"": 1, ""error_reason"": ""insufficient_funds"", ""error_source"": ""bank"", ""error_step"": ""payment_authorization"", ""event_id"": ""evt_0170"", ""invoice_id"": ""inv_0170"", ""occurred_at"": ""2026-08-26T02:44:26.851049Z"", ""source"": ""cohort"", ""subscription_id"": ""sub_0170""}"
1c0461f7-06c4-4034-bba0-cebd770288e7,sub_0000,2026-08-26T02:45:28.252780+00:00,2026-08-26T07:34:24.889842+00:00,ingest,"{""attempt_number"": 1, ""error_reason"": ""insufficient_funds"", ""error_source"": ""bank"", ""error_step"": ""payment_authorization"", ""event_id"": ""evt_0000"", ""invoice_id"": ""inv_0000"", ""occurred_at"": ""2026-08-26T02:45:28.252780Z"", ""source"": ""cohort"", ""subscription_id"": ""sub_0000""}"
3dee9a26-9ea3-4d6c-bf87-174b5301dc45,sub_0000,2026-08-26T02:45:28.252780+00:00,2026-08-26T13:31:20.633634+00:00,ingest,"{""attempt_number"": 1, ""error_reason"": ""insufficient_funds"", ""error_source"": ""bank"", ""error_step"": ""payment_authorization"", ""event_id"": ""evt_0000"", ""invoice_id"": ""inv_0000"", ""occurred_at"": ""2026-08-26T02:45:28.252780Z"", ""source"": ""cohort"", ""subscription_id"": ""sub_0000""}"
c1e598d9-9b94-4864-bdbf-91d7b0117844,sub_0032,2026-08-26T03:05:02.610418+00:00,2026-08-26T07:34:24.890216+00:00,ingest,"{""attempt_number"": 1, ""error_reason"": ""card_declined"", ""error_source"": ""issuer"", ""error_step"": ""payment_authorization"", ""event_id"": ""evt_0032"", ""invoice_id"": ""inv_0032"", ""occurred_at"": ""2026-08-26T03:05:02.610418Z"", ""source"": ""cohort"", ""subscription_id"": ""sub_0032""}"
e533c3aa-5fd2-407b-94d0-ccf2efdc6ba7,sub_0032,2026-08-26T03:05:02.610418+00:00,2026-08-26T13:31:20.634101+00:00,ingest,"{""attempt_number"": 1, ""error_reason"": ""card_declined"", ""error_source"": ""issuer"", ""error_step"": ""payment_authorization"", ""event_id"": ""evt_0032"", ""invoice_id"": ""inv_0032"", ""occurred_at"": ""2026-08-26T03:05:02.610418Z"", ""source"": ""cohort"", ""subscription_id"": ""sub_0032""}"
beea5dcc-257c-4f69-9613-2a6c464fdd84,sub_0139,2026-08-26T03:13:27.956654+00:00,2026-08-26T07:34:24.890631+00:00,ingest,"{""attempt_number"": 1, ""error_reason"": ""insufficient_funds"", ""error_source"": ""bank"", ""error_step"": ""payment_authorization"", ""event_id"": ""evt_0139"", ""invoice_id"": ""inv_0139"", ""occurred_at"": ""2026-08-26T03:13:27.956654Z"", ""source"": ""cohort"", ""subscription_id"": ""sub_0139""}"
956b0945-99c5-4013-a257-9222dd57deea,sub_0139,2026-08-26T03:13:27.956654+00:00,2026-08-26T13:31:20.634555+00:00,ingest,"{""attempt_number"": 1, ""error_reason"": ""insufficient_funds"", ""error_source"": ""bank"", ""error_step"": ""payment_authorization"", ""event_id"": ""evt_0139"", ""invoice_id"": ""inv_0139"", ""occurred_at"": ""2026-08-26T03:13:27.956654Z"", ""source"": ""cohort"", ""subscription_id"": ""sub_0139""}"
2d6ab24a-ad85-4cb5-af24-057c3c0af856,sub_0084,2026-08-26T03:31:05.739415+00:00,2026-08-26T07:34:24.891036+00:00,ingest,"{""attempt_number"": 1, ""error_reason"": ""insufficient_funds"", ""error_source"": ""bank"", ""error_step"": ""payment_authorization"", ""event_id"": ""evt_0084"", ""invoice_id"": ""inv_0084"", ""occurred_at"": ""2026-08-26T03:31:05.739415Z"", ""source"": ""cohort"", ""subscription_id"": ""sub_0084""}"
dd960a12-44b0-4d4b-8e70-c758125fd7e1,sub_0084,2026-08-26T03:31:05.739415+00:00,2026-08-26T13:31:20.634944+00:00,ingest,"{""attempt_number"": 1, ""error_reason"": ""insufficient_funds"", ""error_source"": ""bank"", ""error_step"": ""payment_authorization"", ""event_id"": ""evt_0084"", ""invoice_id"": ""inv_0084"", ""occurred_at"": ""2026-08-26T03:31:05.739415Z"", ""source"": ""cohort"", ""subscription_id"": ""sub_0084""}"
ee14ca78-4998-4289-b128-ec5ada32981b,sub_0140,2026-08-26T03:45:50.975866+00:00,2026-08-26T07:34:24.891409+00:00,ingest,"{""attempt_number"": 1, ""error_reason"": ""insufficient_funds"", ""error_source"": ""bank"", ""error_step"": ""payment_authorization"", ""event_id"": ""evt_0140"", ""invoice_id"": ""inv_0140"", ""occurred_at"": ""2026-08-26T03:45:50.975866Z"", ""source"": ""cohort"", ""subscription_id"": ""sub_0140""}"
fb1e5cf2-4add-492f-a2b3-e04d9bbeaac9,sub_0140,2026-08-26T03:45:50.975866+00:00,2026-08-26T13:31:20.635234+00:00,ingest,"{""attempt_number"": 1, ""error_reason"": ""insufficient_funds"", ""error_source"": ""bank"", ""error_step"": ""payment_authorization"", ""event_id"": ""evt_0140"", ""invoice_id"": ""inv_0140"", ""occurred_at"": ""2026-08-26T03:45:50.975866Z"", ""source"": ""cohort"", ""subscription_id"": ""sub_0140""}"
2b64463f-e390-42af-854e-470978c39f35,sub_0191,2026-08-26T03:47:30.194474+00:00,2026-08-26T07:34:24.891826+00:00,ingest,"{""attempt_number"": 1, ""error_reason"": ""card_declined"", ""error_source"": ""issuer"", ""error_step"": ""payment_authorization"", ""event_id"": ""evt_0191"", ""invoice_id"": ""inv_0191"", ""occurred_at"": ""2026-08-26T03:47:30.194474Z"", ""source"": ""cohort"", ""subscription_id"": ""sub_0191""}"
fbb369e1-66bf-4e8b-9e39-8c8a2214d56c,sub_0191,2026-08-26T03:47:30.194474+00:00,2026-08-26T13:31:20.635625+00:00,ingest,"{""attempt_number"": 1, ""error_reason"": ""card_declined"", ""error_source"": ""issuer"", ""error_step"": ""payment_authorization"", ""event_id"": ""evt_0191"", ""invoice_id"": ""inv_0191"", ""occurred_at"": ""2026-08-26T03:47:30.194474Z"", ""source"": ""cohort"", ""subscription_id"": ""sub_0191""}"
dcd3ba8e-ff69-4109-b95d-14f7e86c3351,sub_0190,2026-08-26T04:36:24.677797+00:00,2026-08-26T07:34:24.892224+00:00,ingest,"{""attempt_number"": 1, ""error_reason"": ""insufficient_funds"", ""error_source"": ""bank"", ""error_step"": ""payment_authorization"", ""event_id"": ""evt_0190"", ""invoice_id"": ""inv_0190"", ""occurred_at"": ""2026-08-26T04:36:24.677797Z"", ""source"": ""cohort"", ""subscription_id"": ""sub_0190""}"
e9a24f46-b1fe-49fd-9677-52a2bd69769d,sub_0190,2026-08-26T04:36:24.677797+00:00,2026-08-26T13:31:20.636068+00:00,ingest,"{""attempt_number"": 1, ""error_reason"": ""insufficient_funds"", ""error_source"": ""bank"", ""error_step"": ""payment_authorization"", ""event_id"": ""evt_0190"", ""invoice_id"": ""inv_0190"", ""occurred_at"": ""2026-08-26T04:36:24.677797Z"", ""source"": ""cohort"", ""subscription_id"": ""sub_0190""}"
718dbb71-a76a-4281-9ba7-454b3d197f24,sub_0061,2026-08-26T05:08:56.460559+00:00,2026-08-26T07:34:24.892688+00:00,ingest,"{""attempt_number"": 1, ""error_reason"": ""bank_technical_error"", ""error_source"": ""bank"", ""error_step"": ""payment_authorization"", ""event_id"": ""evt_0061"", ""invoice_id"": ""inv_0061"", ""occurred_at"": ""2026-08-26T05:08:56.460559Z"", ""source"": ""cohort"", ""subscription_id"": ""sub_0061""}"
96506d05-029f-4d06-9a42-a16568d4aef6,sub_0061,2026-08-26T05:08:56.460559+00:00,2026-08-26T13:31:20.636462+00:00,ingest,"{""attempt_number"": 1, ""error_reason"": ""bank_technical_error"", ""error_source"": ""bank"", ""error_step"": ""payment_authorization"", ""event_id"": ""evt_0061"", ""invoice_id"": ""inv_0061"", ""occurred_at"": ""2026-08-26T05:08:56.460559Z"", ""source"": ""cohort"", ""subscription_id"": ""sub_0061""}"
fc24b073-b23e-4162-80c3-104d5f89ea7f,sub_0092,2026-08-26T05:11:04.801534+00:00,2026-08-26T07:34:24.893093+00:00,ingest,"{""attempt_number"": 1, ""error_reason"": ""bank_technical_error"", ""error_source"": ""bank"", ""error_step"": ""payment_authorization"", ""event_id"": ""evt_0092"", ""invoice_id"": ""inv_0092"", ""occurred_at"": ""2026-08-26T05:11:04.801534Z"", ""source"": ""cohort"", ""subscription_id"": ""sub_0092""}"
fc609b47-8255-4c28-af78-1aa1f9c036b6,sub_0092,2026-08-26T05:11:04.801534+00:00,2026-08-26T13:31:20.637096+00:00,ingest,"{""attempt_number"": 1, ""error_reason"": ""bank_technical_error"", ""error_source"": ""bank"", ""error_step"": ""payment_authorization"", ""event_id"": ""evt_0092"", ""invoice_id"": ""inv_0092"", ""occurred_at"": ""2026-08-26T05:11:04.801534Z"", ""source"": ""cohort"", ""subscription_id"": ""sub_0092""}"
f459f338-caf0-43bc-a9c5-f8da7b246678,sub_0059,2026-08-26T05:13:15.869297+00:00,2026-08-26T07:34:24.893499+00:00,ingest,"{""attempt_number"": 1, ""error_reason"": ""insufficient_funds"", ""error_source"": ""bank"", ""error_step"": ""payment_authorization"", ""event_id"": ""evt_0059"", ""invoice_id"": ""inv_0059"", ""occurred_at"": ""2026-08-26T05:13:15.869297Z"", ""source"": ""cohort"", ""subscription_id"": ""sub_0059""}"
d2901d7c-e614-4883-8260-a3dffa630bef,sub_0059,2026-08-26T05:13:15.869297+00:00,2026-08-26T13:31:20.637556+00:00,ingest,"{""attempt_number"": 1, ""error_reason"": ""insufficient_funds"", ""error_source"": ""bank"", ""error_step"": ""payment_authorization"", ""event_id"": ""evt_0059"", ""invoice_id"": ""inv_0059"", ""occurred_at"": ""2026-08-26T05:13:15.869297Z"", ""source"": ""cohort"", ""subscription_id"": ""sub_0059""}"
18c19921-68bd-44e0-9454-b5080553ec6b,sub_0086,2026-08-26T05:34:39.300944+00:00,2026-08-26T07:34:24.893940+00:00,ingest,"{""attempt_number"": 1, ""error_reason"": ""insufficient_funds"", ""error_source"": ""bank"", ""error_step"": ""payment_authorization"", ""event_id"": ""evt_0086"", ""invoice_id"": ""inv_0086"", ""occurred_at"": ""2026-08-26T05:34:39.300944Z"", ""source"": ""cohort"", ""subscription_id"": ""sub_0086""}"
b78d8e0f-ef20-4188-9aef-cb7d40f9cf1c,sub_0086,2026-08-26T05:34:39.300944+00:00,2026-08-26T13:31:20.638048+00:00,ingest,"{""attempt_number"": 1, ""error_reason"": ""insufficient_funds"", ""error_source"": ""bank"", ""error_step"": ""payment_authorization"", ""event_id"": ""evt_0086"", ""invoice_id"": ""inv_0086"", ""occurred_at"": ""2026-08-26T05:34:39.300944Z"", ""source"": ""cohort"", ""subscription_id"": ""sub_0086""}"
d15863ae-f9ee-4f87-b341-31aab2fac609,sub_0035,2026-08-26T05:41:49.900433+00:00,2026-08-26T07:34:24.894367+00:00,ingest,"{""attempt_number"": 1, ""error_reason"": ""subscription_cancelled"", ""error_source"": ""business"", ""error_step"": ""payment_initiation"", ""event_id"": ""evt_0035"", ""invoice_id"": ""inv_0035"", ""occurred_at"": ""2026-08-26T05:41:49.900433Z"", ""source"": ""cohort"", ""subscription_id"": ""sub_0035""}"
d559acbf-e61e-4b97-9d57-69053674be90,sub_0035,2026-08-26T05:41:49.900433+00:00,2026-08-26T13:31:20.638490+00:00,ingest,"{""attempt_number"": 1, ""error_reason"": ""subscription_cancelled"", ""error_source"": ""business"", ""error_step"": ""payment_initiation"", ""event_id"": ""evt_0035"", ""invoice_id"": ""inv_0035"", ""occurred_at"": ""2026-08-26T05:41:49.900433Z"", ""source"": ""cohort"", ""subscription_id"": ""sub_0035""}"
bfee3b60-51aa-411f-89f3-4d4538a22eb7,sub_0194,2026-08-26T06:02:30.742525+00:00,2026-08-26T07:34:24.894844+00:00,ingest,"{""attempt_number"": 1, ""error_reason"": ""card_expired"", ""error_source"": ""issuer"", ""error_step"": ""payment_authentication"", ""event_id"": ""evt_0194"", ""invoice_id"": ""inv_0194"", ""occurred_at"": ""2026-08-26T06:02:30.742525Z"", ""source"": ""cohort"", ""subscription_id"": ""sub_0194""}"
6ab10153-a28e-44c7-972a-73302759bcc9,sub_0194,2026-08-26T06:02:30.742525+00:00,2026-08-26T13:31:20.638877+00:00,ingest,"{""attempt_number"": 1, ""error_reason"": ""card_expired"", ""error_source"": ""issuer"", ""error_step"": ""payment_authentication"", ""event_id"": ""evt_0194"", ""invoice_id"": ""inv_0194"", ""occurred_at"": ""2026-08-26T06:02:30.742525Z"", ""source"": ""cohort"", ""subscription_id"": ""sub_0194""}"
b87bc322-e87e-48ef-81e2-f08e9884ec7b,sub_0052,2026-08-26T06:02:40.830587+00:00,2026-08-26T07:34:24.895548+00:00,ingest,"{""attempt_number"": 1, ""error_reason"": ""bank_technical_error"", ""error_source"": ""bank"", ""error_step"": ""payment_authorization"", ""event_id"": ""evt_0052"", ""invoice_id"": ""inv_0052"", ""occurred_at"": ""2026-08-26T06:02:40.830587Z"", ""source"": ""cohort"", ""subscription_id"": ""sub_0052""}"
66f9fe43-8dc7-481e-af74-d55efd9fde71,sub_0052,2026-08-26T06:02:40.830587+00:00,2026-08-26T13:31:20.639287+00:00,ingest,"{""attempt_number"": 1, ""error_reason"": ""bank_technical_error"", ""error_source"": ""bank"", ""error_step"": ""payment_authorization"", ""event_id"": ""evt_0052"", ""invoice_id"": ""inv_0052"", ""occurred_at"": ""2026-08-26T06:02:40.830587Z"", ""source"": ""cohort"", ""subscription_id"": ""sub_0052""}"
096dce4f-a530-4fa3-9572-1204ba94e848,sub_0196,2026-08-26T06:29:30.402827+00:00,2026-08-26T07:34:24.896106+00:00,ingest,"{""attempt_number"": 1, ""error_reason"": ""insufficient_funds"", ""error_source"": ""bank"", ""error_step"": ""payment_authorization"", ""event_id"": ""evt_0196"", ""invoice_id"": ""inv_0196"", ""occurred_at"": ""2026-08-26T06:29:30.402827Z"", ""source"": ""cohort"", ""subscription_id"": ""sub_0196""}"
a0a0a04f-2b7c-4551-b7d5-75b3420b15b6,sub_0196,2026-08-26T06:29:30.402827+00:00,2026-08-26T13:31:20.639695+00:00,ingest,"{""attempt_number"": 1, ""error_reason"": ""insufficient_funds"", ""error_source"": ""bank"", ""error_step"": ""payment_authorization"", ""event_id"": ""evt_0196"", ""invoice_id"": ""inv_0196"", ""occurred_at"": ""2026-08-26T06:29:30.402827Z"", ""source"": ""cohort"", ""subscription_id"": ""sub_0196""}"
00be59a7-e8b9-46de-9c11-6831b52a6c1d,sub_0060,2026-08-26T07:18:23.753488+00:00,2026-08-26T07:34:24.896645+00:00,ingest,"{""attempt_number"": 1, ""error_reason"": ""card_expired"", ""error_source"": ""issuer"", ""error_step"": ""payment_authentication"", ""event_id"": ""evt_0060"", ""invoice_id"": ""inv_0060"", ""occurred_at"": ""2026-08-26T07:18:23.753488Z"", ""source"": ""cohort"", ""subscription_id"": ""sub_0060""}"
84a1d404-07d3-4c97-b509-2660051318b8,sub_0060,2026-08-26T07:18:23.753488+00:00,2026-08-26T13:31:20.640242+00:00,ingest,"{""attempt_number"": 1, ""error_reason"": ""card_expired"", ""error_source"": ""issuer"", ""error_step"": ""payment_authentication"", ""event_id"": ""evt_0060"", ""invoice_id"": ""inv_0060"", ""occurred_at"": ""2026-08-26T07:18:23.753488Z"", ""source"": ""cohort"", ""subscription_id"": ""sub_0060""}"
7eeb66c0-a06c-4483-97b7-0d986dbb5c6f,sub_0129,2026-08-26T07:26:05.891962+00:00,2026-08-26T07:34:24.897318+00:00,ingest,"{""attempt_number"": 1, ""error_reason"": ""card_declined"", ""error_source"": ""issuer"", ""error_step"": ""payment_authorization"", ""event_id"": ""evt_0129"", ""invoice_id"": ""inv_0129"", ""occurred_at"": ""2026-08-26T07:26:05.891962Z"", ""source"": ""cohort"", ""subscription_id"": ""sub_0129""}"
02f74e2e-7b7c-499b-ab69-19aa2cea4e5b,sub_0129,2026-08-26T07:26:05.891962+00:00,2026-08-26T13:31:20.640709+00:00,ingest,"{""attempt_number"": 1, ""error_reason"": ""card_declined"", ""error_source"": ""issuer"", ""error_step"": ""payment_authorization"", ""event_id"": ""evt_0129"", ""invoice_id"": ""inv_0129"", ""occurred_at"": ""2026-08-26T07:26:05.891962Z"", ""source"": ""cohort"", ""subscription_id"": ""sub_0129""}"
3954bce8-4e7a-497f-9eff-8a1be4b2c966,sub_0008,2026-08-26T07:41:31.042521+00:00,2026-08-26T07:34:24.897911+00:00,ingest,"{""attempt_number"": 1, ""error_reason"": ""insufficient_funds"", ""error_source"": ""bank"", ""error_step"": ""payment_authorization"", ""event_id"": ""evt_0008"", ""invoice_id"": ""inv_0008"", ""occurred_at"": ""2026-08-26T07:41:31.042521Z"", ""source"": ""cohort"", ""subscription_id"": ""sub_0008""}"
419a228b-0859-42d6-a203-317a2c14ff38,sub_0008,2026-08-26T07:41:31.042521+00:00,2026-08-26T13:31:20.641273+00:00,ingest,"{""attempt_number"": 1, ""error_reason"": ""insufficient_funds"", ""error_source"": ""bank"", ""error_step"": ""payment_authorization"", ""event_id"": ""evt_0008"", ""invoice_id"": ""inv_0008"", ""occurred_at"": ""2026-08-26T07:41:31.042521Z"", ""source"": ""cohort"", ""subscription_id"": ""sub_0008""}"
4e63ac9a-117e-4b7c-a351-0c51cd6bd95d,sub_0079,2026-08-26T07:41:57.122256+00:00,2026-08-26T07:34:24.898445+00:00,ingest,"{""attempt_number"": 1, ""error_reason"": ""card_expired"", ""error_source"": ""issuer"", ""error_step"": ""payment_authentication"", ""event_id"": ""evt_0079"", ""invoice_id"": ""inv_0079"", ""occurred_at"": ""2026-08-26T07:41:57.122256Z"", ""source"": ""cohort"", ""subscription_id"": ""sub_0079""}"
0a338e9d-bbec-4977-9310-ba0b3793414c,sub_0079,2026-08-26T07:41:57.122256+00:00,2026-08-26T13:31:20.641833+00:00,ingest,"{""attempt_number"": 1, ""error_reason"": ""card_expired"", ""error_source"": ""issuer"", ""error_step"": ""payment_authentication"", ""event_id"": ""evt_0079"", ""invoice_id"": ""inv_0079"", ""occurred_at"": ""2026-08-26T07:41:57.122256Z"", ""source"": ""cohort"", ""subscription_id"": ""sub_0079""}"
c1bfbbec-787c-4501-b78f-b0a3dd269070,sub_0123,2026-08-26T08:00:55.805574+00:00,2026-08-26T07:34:24.899026+00:00,ingest,"{""attempt_number"": 1, ""error_reason"": ""insufficient_funds"", ""error_source"": ""bank"", ""error_step"": ""payment_authorization"", ""event_id"": ""evt_0123"", ""invoice_id"": ""inv_0123"", ""occurred_at"": ""2026-08-26T08:00:55.805574Z"", ""source"": ""cohort"", ""subscription_id"": ""sub_0123""}"
9b4358a5-9cf8-4890-a0d5-4a1bfc095c22,sub_0123,2026-08-26T08:00:55.805574+00:00,2026-08-26T13:31:20.642382+00:00,ingest,"{""attempt_number"": 1, ""error_reason"": ""insufficient_funds"", ""error_source"": ""bank"", ""error_step"": ""payment_authorization"", ""event_id"": ""evt_0123"", ""invoice_id"": ""inv_0123"", ""occurred_at"": ""2026-08-26T08:00:55.805574Z"", ""source"": ""cohort"", ""subscription_id"": ""sub_0123""}"
c953c80e-f9aa-4129-86ed-272e1e20f04b,sub_0127,2026-08-26T08:06:08.522206+00:00,2026-08-26T07:34:24.899639+00:00,ingest,"{""attempt_number"": 1, ""error_reason"": ""insufficient_funds"", ""error_source"": ""bank"", ""error_step"": ""payment_authorization"", ""event_id"": ""evt_0127"", ""invoice_id"": ""inv_0127"", ""occurred_at"": ""2026-08-26T08:06:08.522206Z"", ""source"": ""cohort"", ""subscription_id"": ""sub_0127""}"
02f0075d-59c7-4cde-a251-b0ae31f05b65,sub_0127,2026-08-26T08:06:08.522206+00:00,2026-08-26T13:31:20.643051+00:00,ingest,"{""attempt_number"": 1, ""error_reason"": ""insufficient_funds"", ""error_source"": ""bank"", ""error_step"": ""payment_authorization"", ""event_id"": ""evt_0127"", ""invoice_id"": ""inv_0127"", ""occurred_at"": ""2026-08-26T08:06:08.522206Z"", ""source"": ""cohort"", ""subscription_id"": ""sub_0127""}"
1140d3a3-9bbc-44d3-9ab0-093b9b91f9b8,sub_0155,2026-08-26T08:09:13.964540+00:00,2026-08-26T07:34:24.900237+00:00,ingest,"{""attempt_number"": 1, ""error_reason"": ""bank_technical_error"", ""error_source"": ""bank"", ""error_step"": ""payment_authorization"", ""event_id"": ""evt_0155"", ""invoice_id"": ""inv_0155"", ""occurred_at"": ""2026-08-26T08:09:13.964540Z"", ""source"": ""cohort"", ""subscription_id"": ""sub_0155""}"
9804763c-a4ac-481d-bbdd-f477671ad926,sub_0155,2026-08-26T08:09:13.964540+00:00,2026-08-26T13:31:20.643594+00:00,ingest,"{""attempt_number"": 1, ""error_reason"": ""bank_technical_error"", ""error_source"": ""bank"", ""error_step"": ""payment_authorization"", ""event_id"": ""evt_0155"", ""invoice_id"": ""inv_0155"", ""occurred_at"": ""2026-08-26T08:09:13.964540Z"", ""source"": ""cohort"", ""subscription_id"": ""sub_0155""}"
fb807a76-bb74-426d-8e04-327ea1b7cd7b,sub_0189,2026-08-26T08:16:48.304144+00:00,2026-08-26T07:34:24.900883+00:00,ingest,"{""attempt_number"": 1, ""error_reason"": ""card_expired"", ""error_source"": ""issuer"", ""error_step"": ""payment_authentication"", ""event_id"": ""evt_0189"", ""invoice_id"": ""inv_0189"", ""occurred_at"": ""2026-08-26T08:16:48.304144Z"", ""source"": ""cohort"", ""subscription_id"": ""sub_0189""}"
037403a6-e28d-46e8-be93-d62c12a655bd,sub_0189,2026-08-26T08:16:48.304144+00:00,2026-08-26T13:31:20.644151+00:00,ingest,"{""attempt_number"": 1, ""error_reason"": ""card_expired"", ""error_source"": ""issuer"", ""error_step"": ""payment_authentication"", ""event_id"": ""evt_0189"", ""invoice_id"": ""inv_0189"", ""occurred_at"": ""2026-08-26T08:16:48.304144Z"", ""source"": ""cohort"", ""subscription_id"": ""sub_0189""}"
f809527a-0019-48d5-8be9-0c61391f7ff8,sub_0177,2026-08-26T08:36:35.575412+00:00,2026-08-26T07:34:24.901438+00:00,ingest,"{""attempt_number"": 1, ""error_reason"": ""card_declined"", ""error_source"": ""issuer"", ""error_step"": ""payment_authorization"", ""event_id"": ""evt_0177"", ""invoice_id"": ""inv_0177"", ""occurred_at"": ""2026-08-26T08:36:35.575412Z"", ""source"": ""cohort"", ""subscription_id"": ""sub_0177""}"
86524192-ce21-4b7b-bde6-7ce00e6e7374,sub_0177,2026-08-26T08:36:35.575412+00:00,2026-08-26T13:31:20.644616+00:00,ingest,"{""attempt_number"": 1, ""error_reason"": ""card_declined"", ""error_source"": ""issuer"", ""error_step"": ""payment_authorization"", ""event_id"": ""evt_0177"", ""invoice_id"": ""inv_0177"", ""occurred_at"": ""2026-08-26T08:36:35.575412Z"", ""source"": ""cohort"", ""subscription_id"": ""sub_0177""}"
ca62cfd0-6529-4115-a330-5047c45c6c3f,sub_0012,2026-08-26T08:45:15.853637+00:00,2026-08-26T07:34:24.902002+00:00,ingest,"{""attempt_number"": 1, ""error_reason"": ""insufficient_funds"", ""error_source"": ""bank"", ""error_step"": ""payment_authorization"", ""event_id"": ""evt_0012"", ""invoice_id"": ""inv_0012"", ""occurred_at"": ""2026-08-26T08:45:15.853637Z"", ""source"": ""cohort"", ""subscription_id"": ""sub_0012""}"
b5bb27f6-e26d-4389-8f7a-b79fc7a1ace1,sub_0012,2026-08-26T08:45:15.853637+00:00,2026-08-26T13:31:20.645112+00:00,ingest,"{""attempt_number"": 1, ""error_reason"": ""insufficient_funds"", ""error_source"": ""bank"", ""error_step"": ""payment_authorization"", ""event_id"": ""evt_0012"", ""invoice_id"": ""inv_0012"", ""occurred_at"": ""2026-08-26T08:45:15.853637Z"", ""source"": ""cohort"", ""subscription_id"": ""sub_0012""}"
e2aa5983-0ae1-422b-99df-5026ebc85f7b,sub_0162,2026-08-26T08:54:15.391734+00:00,2026-08-26T07:34:24.902537+00:00,ingest,"{""attempt_number"": 1, ""error_reason"": ""card_declined"", ""error_source"": ""issuer"", ""error_step"": ""payment_authorization"", ""event_id"": ""evt_0162"", ""invoice_id"": ""inv_0162"", ""occurred_at"": ""2026-08-26T08:54:15.391734Z"", ""source"": ""cohort"", ""subscription_id"": ""sub_0162""}"
f3dba84e-58b3-4a2f-bdc5-a120e835b81b,sub_0162,2026-08-26T08:54:15.391734+00:00,2026-08-26T13:31:20.645613+00:00,ingest,"{""attempt_number"": 1, ""error_reason"": ""card_declined"", ""error_source"": ""issuer"", ""error_step"": ""payment_authorization"", ""event_id"": ""evt_0162"", ""invoice_id"": ""inv_0162"", ""occurred_at"": ""2026-08-26T08:54:15.391734Z"", ""source"": ""cohort"", ""subscription_id"": ""sub_0162""}"
f39b7591-eab7-40df-b648-149874185638,sub_0183,2026-08-26T08:55:57.771471+00:00,2026-08-26T07:34:24.903150+00:00,ingest,"{""attempt_number"": 1, ""error_reason"": ""bank_technical_error"", ""error_source"": ""bank"", ""error_step"": ""payment_authorization"", ""event_id"": ""evt_0183"", ""invoice_id"": ""inv_0183"", ""occurred_at"": ""2026-08-26T08:55:57.771471Z"", ""source"": ""cohort"", ""subscription_id"": ""sub_0183""}"
07eb63f8-3210-4ac7-a28f-61888d162213,sub_0183,2026-08-26T08:55:57.771471+00:00,2026-08-26T13:31:20.646162+00:00,ingest,"{""attempt_number"": 1, ""error_reason"": ""bank_technical_error"", ""error_source"": ""bank"", ""error_step"": ""payment_authorization"", ""event_id"": ""evt_0183"", ""invoice_id"": ""inv_0183"", ""occurred_at"": ""2026-08-26T08:55:57.771471Z"", ""source"": ""cohort"", ""subscription_id"": ""sub_0183""}"
4fe7dbb9-b047-47db-9352-e82a39351892,sub_0112,2026-08-26T09:00:53.500717+00:00,2026-08-26T07:34:24.903729+00:00,ingest,"{""attempt_number"": 1, ""error_reason"": ""payment_risk_check_failed"", ""error_source"": ""gateway"", ""error_step"": ""payment_authorization"", ""event_id"": ""evt_0112"", ""invoice_id"": ""inv_0112"", ""occurred_at"": ""2026-08-26T09:00:53.500717Z"", ""source"": ""cohort"", ""subscription_id"": ""sub_0112""}"
d7522bc1-97dd-414d-af58-dd72f3100651,sub_0112,2026-08-26T09:00:53.500717+00:00,2026-08-26T13:31:20.646834+00:00,ingest,"{""attempt_number"": 1, ""error_reason"": ""payment_risk_check_failed"", ""error_source"": ""gateway"", ""error_step"": ""payment_authorization"", ""event_id"": ""evt_0112"", ""invoice_id"": ""inv_0112"", ""occurred_at"": ""2026-08-26T09:00:53.500717Z"", ""source"": ""cohort"", ""subscription_id"": ""sub_0112""}"
46b052b1-3f61-41cb-b0ff-1f2952aa0865,sub_0070,2026-08-26T09:09:10.741153+00:00,2026-08-26T07:34:24.904322+00:00,ingest,"{""attempt_number"": 1, ""error_reason"": ""bank_technical_error"", ""error_source"": ""bank"", ""error_step"": ""payment_authorization"", ""event_id"": ""evt_0070"", ""invoice_id"": ""inv_0070"", ""occurred_at"": ""2026-08-26T09:09:10.741153Z"", ""source"": ""cohort"", ""subscription_id"": ""sub_0070""}"
902f8179-04a1-4fdf-8fb1-3c296516461c,sub_0070,2026-08-26T09:09:10.741153+00:00,2026-08-26T13:31:20.647458+00:00,ingest,"{""attempt_number"": 1, ""error_reason"": ""bank_technical_error"", ""error_source"": ""bank"", ""error_step"": ""payment_authorization"", ""event_id"": ""evt_0070"", ""invoice_id"": ""inv_0070"", ""occurred_at"": ""2026-08-26T09:09:10.741153Z"", ""source"": ""cohort"", ""subscription_id"": ""sub_0070""}"
846cd8ad-69f2-4e8c-bb4d-2d72af4c7414,sub_0159,2026-08-26T09:13:34.197985+00:00,2026-08-26T07:34:24.904888+00:00,ingest,"{""attempt_number"": 1, ""error_reason"": ""insufficient_funds"", ""error_source"": ""bank"", ""error_step"": ""payment_authorization"", ""event_id"": ""evt_0159"", ""invoice_id"": ""inv_0159"", ""occurred_at"": ""2026-08-26T09:13:34.197985Z"", ""source"": ""cohort"", ""subscription_id"": ""sub_0159""}"
0fd3f0ef-6400-44ea-9f67-a381d03f5eb3,sub_0159,2026-08-26T09:13:34.197985+00:00,2026-08-26T13:31:20.648062+00:00,ingest,"{""attempt_number"": 1, ""error_reason"": ""insufficient_funds"", ""error_source"": ""bank"", ""error_step"": ""payment_authorization"", ""event_id"": ""evt_0159"", ""invoice_id"": ""inv_0159"", ""occurred_at"": ""2026-08-26T09:13:34.197985Z"", ""source"": ""cohort"", ""subscription_id"": ""sub_0159""}"
3456d14b-7cdf-4336-8091-7e2eca62a766,sub_0026,2026-08-26T09:15:36.640566+00:00,2026-08-26T07:34:24.905390+00:00,ingest,"{""attempt_number"": 1, ""error_reason"": ""insufficient_funds"", ""error_source"": ""bank"", ""error_step"": ""payment_authorization"", ""event_id"": ""evt_0026"", ""invoice_id"": ""inv_0026"", ""occurred_at"": ""2026-08-26T09:15:36.640566Z"", ""source"": ""cohort"", ""subscription_id"": ""sub_0026""}"
1a7ad446-ad2c-460d-a544-057a7f735f37,sub_0026,2026-08-26T09:15:36.640566+00:00,2026-08-26T13:31:20.648550+00:00,ingest,"{""attempt_number"": 1, ""error_reason"": ""insufficient_funds"", ""error_source"": ""bank"", ""error_step"": ""payment_authorization"", ""event_id"": ""evt_0026"", ""invoice_id"": ""inv_0026"", ""occurred_at"": ""2026-08-26T09:15:36.640566Z"", ""source"": ""cohort"", ""subscription_id"": ""sub_0026""}"
c966820c-340a-4986-9917-aa2eeaacaa5f,sub_0138,2026-08-26T09:19:49.502659+00:00,2026-08-26T07:34:24.955463+00:00,control_execute,"{""action_type"": ""retry_charge"", ""attempt"": 1, ""cost_paise"": 300, ""detail"": ""charge declined: card_expired"", ""succeeded"": false}"
e7c697f5-a5a3-4daa-9715-172308442df3,sub_0138,2026-08-26T09:19:49.502659+00:00,2026-08-26T13:31:20.697279+00:00,control_execute,"{""action_type"": ""retry_charge"", ""attempt"": 1, ""cost_paise"": 300, ""detail"": ""charge declined: card_expired"", ""succeeded"": false}"
679eed1c-0974-4033-a815-4448ea451fcc,sub_0027,2026-08-26T09:20:49.816374+00:00,2026-08-26T07:34:24.955978+00:00,control_execute,"{""action_type"": ""retry_charge"", ""attempt"": 1, ""cost_paise"": 300, ""detail"": ""charge declined: payment_risk_check_failed"", ""succeeded"": false}"
e5f6f1f4-7208-4e8c-81d5-54d01d5e6800,sub_0027,2026-08-26T09:20:49.816374+00:00,2026-08-26T13:31:20.697715+00:00,control_execute,"{""action_type"": ""retry_charge"", ""attempt"": 1, ""cost_paise"": 300, ""detail"": ""charge declined: payment_risk_check_failed"", ""succeeded"": false}"
3e2d2df5-5308-4e78-9bed-85ba19b5e2b8,sub_0014,2026-08-26T09:20:51.587606+00:00,2026-08-26T07:34:24.905935+00:00,ingest,"{""attempt_number"": 1, ""error_reason"": ""card_declined"", ""error_source"": ""issuer"", ""error_step"": ""payment_authorization"", ""event_id"": ""evt_0014"", ""invoice_id"": ""inv_0014"", ""occurred_at"": ""2026-08-26T09:20:51.587606Z"", ""source"": ""cohort"", ""subscription_id"": ""sub_0014""}"
04ed7030-aef9-48f2-a0cb-df7a067f0b08,sub_0014,2026-08-26T09:20:51.587606+00:00,2026-08-26T13:31:20.648973+00:00,ingest,"{""attempt_number"": 1, ""error_reason"": ""card_declined"", ""error_source"": ""issuer"", ""error_step"": ""payment_authorization"", ""event_id"": ""evt_0014"", ""invoice_id"": ""inv_0014"", ""occurred_at"": ""2026-08-26T09:20:51.587606Z"", ""source"": ""cohort"", ""subscription_id"": ""sub_0014""}"
6fb99ea6-9716-4afb-bb61-bffd14da9ae7,sub_0069,2026-08-26T09:37:51.369028+00:00,2026-08-26T07:34:24.956434+00:00,control_execute,"{""action_type"": ""retry_charge"", ""attempt"": 1, ""cost_paise"": 300, ""detail"": ""charge declined: card_declined"", ""succeeded"": false}"
2fb89c3d-6104-4262-9a9d-cd5023e2dfa6,sub_0069,2026-08-26T09:37:51.369028+00:00,2026-08-26T13:31:20.698132+00:00,control_execute,"{""action_type"": ""retry_charge"", ""attempt"": 1, ""cost_paise"": 300, ""detail"": ""charge declined: card_declined"", ""succeeded"": false}"
7fd1f98b-464b-4d93-bb0c-2eb826ee50a5,sub_0093,2026-08-26T09:51:37.466355+00:00,2026-08-26T07:34:24.956874+00:00,control_execute,"{""action_type"": ""retry_charge"", ""attempt"": 1, ""cost_paise"": 300, ""detail"": ""charge succeeded"", ""succeeded"": true}"
9ceefb0f-dcc1-4ad4-8a74-e005cafc7bf5,sub_0093,2026-08-26T09:51:37.466355+00:00,2026-08-26T13:31:20.698592+00:00,control_execute,"{""action_type"": ""retry_charge"", ""attempt"": 1, ""cost_paise"": 300, ""detail"": ""charge succeeded"", ""succeeded"": true}"
3bbd31ac-2649-409b-ba1e-eef015514781,sub_0039,2026-08-26T09:57:45.139445+00:00,2026-08-26T07:34:24.957336+00:00,control_execute,"{""action_type"": ""retry_charge"", ""attempt"": 1, ""cost_paise"": 300, ""detail"": ""charge declined: payment_risk_check_failed"", ""succeeded"": false}"
26087e73-dd0b-4000-a7c9-94dc08078f8c,sub_0039,2026-08-26T09:57:45.139445+00:00,2026-08-26T13:31:20.699038+00:00,control_execute,"{""action_type"": ""retry_charge"", ""attempt"": 1, ""cost_paise"": 300, ""detail"": ""charge declined: payment_risk_check_failed"", ""succeeded"": false}"
1c9edecd-7d22-4582-a879-6a637ea1b53e,sub_0037,2026-08-26T10:00:50.796279+00:00,2026-08-26T07:34:24.906642+00:00,ingest,"{""attempt_number"": 1, ""error_reason"": ""card_expired"", ""error_source"": ""issuer"", ""error_step"": ""payment_authentication"", ""event_id"": ""evt_0037"", ""invoice_id"": ""inv_0037"", ""occurred_at"": ""2026-08-26T10:00:50.796279Z"", ""source"": ""cohort"", ""subscription_id"": ""sub_0037""}"
4fe0d7ef-f2f2-4b44-9c80-a28c26e12d22,sub_0037,2026-08-26T10:00:50.796279+00:00,2026-08-26T13:31:20.649443+00:00,ingest,"{""attempt_number"": 1, ""error_reason"": ""card_expired"", ""error_source"": ""issuer"", ""error_step"": ""payment_authentication"", ""event_id"": ""evt_0037"", ""invoice_id"": ""inv_0037"", ""occurred_at"": ""2026-08-26T10:00:50.796279Z"", ""source"": ""cohort"", ""subscription_id"": ""sub_0037""}"
3aaecd07-1327-4643-aa48-063201048227,sub_0071,2026-08-26T10:11:53.802600+00:00,2026-08-26T07:34:24.907217+00:00,ingest,"{""attempt_number"": 1, ""error_reason"": ""insufficient_funds"", ""error_source"": ""bank"", ""error_step"": ""payment_authorization"", ""event_id"": ""evt_0071"", ""invoice_id"": ""inv_0071"", ""occurred_at"": ""2026-08-26T10:11:53.802600Z"", ""source"": ""cohort"", ""subscription_id"": ""sub_0071""}"
e148b210-b81d-4625-9be7-195389af3084,sub_0071,2026-08-26T10:11:53.802600+00:00,2026-08-26T13:31:20.649869+00:00,ingest,"{""attempt_number"": 1, ""error_reason"": ""insufficient_funds"", ""error_source"": ""bank"", ""error_step"": ""payment_authorization"", ""event_id"": ""evt_0071"", ""invoice_id"": ""inv_0071"", ""occurred_at"": ""2026-08-26T10:11:53.802600Z"", ""source"": ""cohort"", ""subscription_id"": ""sub_0071""}"
58188b95-ecee-4044-8727-368c15010b31,sub_0103,2026-08-26T10:13:20.774803+00:00,2026-08-26T07:34:24.957898+00:00,control_execute,"{""action_type"": ""retry_charge"", ""attempt"": 1, ""cost_paise"": 300, ""detail"": ""charge declined: insufficient_funds"", ""succeeded"": false}"
095502c7-a513-46cb-b0b6-935522b6f49e,sub_0103,2026-08-26T10:13:20.774803+00:00,2026-08-26T13:31:20.699520+00:00,control_execute,"{""action_type"": ""retry_charge"", ""attempt"": 1, ""cost_paise"": 300, ""detail"": ""charge declined: insufficient_funds"", ""succeeded"": false}"
a96de71d-c8a7-41e4-9d8e-1abd6c9e2fd9,sub_0182,2026-08-26T10:13:29.357677+00:00,2026-08-26T07:34:24.958363+00:00,control_execute,"{""action_type"": ""retry_charge"", ""attempt"": 1, ""cost_paise"": 300, ""detail"": ""charge succeeded"", ""succeeded"": true}"
7ea46c44-5842-4dc8-8527-eda80a551b34,sub_0182,2026-08-26T10:13:29.357677+00:00,2026-08-26T13:31:20.699984+00:00,control_execute,"{""action_type"": ""retry_charge"", ""attempt"": 1, ""cost_paise"": 300, ""detail"": ""charge succeeded"", ""succeeded"": true}"
864b3f53-42cb-444a-8999-0d97ba6d0289,sub_0101,2026-08-26T10:18:21.264500+00:00,2026-08-26T07:34:24.907791+00:00,ingest,"{""attempt_number"": 1, ""error_reason"": ""card_declined"", ""error_source"": ""issuer"", ""error_step"": ""payment_authorization"", ""event_id"": ""evt_0101"", ""invoice_id"": ""inv_0101"", ""occurred_at"": ""2026-08-26T10:18:21.264500Z"", ""source"": ""cohort"", ""subscription_id"": ""sub_0101""}"
e1a426c4-d7a5-4f7c-a801-fd0fcff61c68,sub_0101,2026-08-26T10:18:21.264500+00:00,2026-08-26T13:31:20.650312+00:00,ingest,"{""attempt_number"": 1, ""error_reason"": ""card_declined"", ""error_source"": ""issuer"", ""error_step"": ""payment_authorization"", ""event_id"": ""evt_0101"", ""invoice_id"": ""inv_0101"", ""occurred_at"": ""2026-08-26T10:18:21.264500Z"", ""source"": ""cohort"", ""subscription_id"": ""sub_0101""}"
2fefe648-7f1f-448c-8b65-eaacb3e244aa,sub_0064,2026-08-26T10:33:04.576422+00:00,2026-08-26T07:34:24.958815+00:00,control_execute,"{""action_type"": ""retry_charge"", ""attempt"": 1, ""cost_paise"": 300, ""detail"": ""charge declined: payment_risk_check_failed"", ""succeeded"": false}"
757930ad-1135-45b2-ad24-b04e4bde3297,sub_0064,2026-08-26T10:33:04.576422+00:00,2026-08-26T13:31:20.700468+00:00,control_execute,"{""action_type"": ""retry_charge"", ""attempt"": 1, ""cost_paise"": 300, ""detail"": ""charge declined: payment_risk_check_failed"", ""succeeded"": false}"
081908a2-d7b9-401d-997e-b1f56df9d871,sub_0199,2026-08-26T10:37:24.354309+00:00,2026-08-26T07:34:24.908424+00:00,ingest,"{""attempt_number"": 1, ""error_reason"": ""insufficient_funds"", ""error_source"": ""bank"", ""error_step"": ""payment_authorization"", ""event_id"": ""evt_0199"", ""invoice_id"": ""inv_0199"", ""occurred_at"": ""2026-08-26T10:37:24.354309Z"", ""source"": ""cohort"", ""subscription_id"": ""sub_0199""}"
fe3efc09-2e52-4086-89e1-527a03106775,sub_0199,2026-08-26T10:37:24.354309+00:00,2026-08-26T13:31:20.650751+00:00,ingest,"{""attempt_number"": 1, ""error_reason"": ""insufficient_funds"", ""error_source"": ""bank"", ""error_step"": ""payment_authorization"", ""event_id"": ""evt_0199"", ""invoice_id"": ""inv_0199"", ""occurred_at"": ""2026-08-26T10:37:24.354309Z"", ""source"": ""cohort"", ""subscription_id"": ""sub_0199""}"
44580c21-d6fa-4868-9391-6e427bc2c320,sub_0015,2026-08-26T10:38:13.013086+00:00,2026-08-26T07:34:24.909020+00:00,ingest,"{""attempt_number"": 1, ""error_reason"": ""insufficient_funds"", ""error_source"": ""bank"", ""error_step"": ""payment_authorization"", ""event_id"": ""evt_0015"", ""invoice_id"": ""inv_0015"", ""occurred_at"": ""2026-08-26T10:38:13.013086Z"", ""source"": ""cohort"", ""subscription_id"": ""sub_0015""}"
83c8e326-3c7c-4b10-89db-877d5c432e01,sub_0015,2026-08-26T10:38:13.013086+00:00,2026-08-26T13:31:20.651201+00:00,ingest,"{""attempt_number"": 1, ""error_reason"": ""insufficient_funds"", ""error_source"": ""bank"", ""error_step"": ""payment_authorization"", ""event_id"": ""evt_0015"", ""invoice_id"": ""inv_0015"", ""occurred_at"": ""2026-08-26T10:38:13.013086Z"", ""source"": ""cohort"", ""subscription_id"": ""sub_0015""}"
50873ffe-a409-4ccd-8144-d44e1b7559f2,sub_0137,2026-08-26T10:44:02.491323+00:00,2026-08-26T07:34:24.959301+00:00,control_execute,"{""action_type"": ""retry_charge"", ""attempt"": 1, ""cost_paise"": 300, ""detail"": ""charge succeeded"", ""succeeded"": true}"
f8941b59-e487-4fef-a7e2-08326fd23eaf,sub_0137,2026-08-26T10:44:02.491323+00:00,2026-08-26T13:31:20.700919+00:00,control_execute,"{""action_type"": ""retry_charge"", ""attempt"": 1, ""cost_paise"": 300, ""detail"": ""charge succeeded"", ""succeeded"": true}"
3d95f818-734b-47d5-a3f2-86cd814020ea,sub_0179,2026-08-26T10:46:44.359147+00:00,2026-08-26T07:34:24.959849+00:00,control_execute,"{""action_type"": ""retry_charge"", ""attempt"": 1, ""cost_paise"": 300, ""detail"": ""charge declined: card_declined"", ""succeeded"": false}"
3b998b76-fd36-4542-ac11-75e60526ee6d,sub_0179,2026-08-26T10:46:44.359147+00:00,2026-08-26T13:31:20.701373+00:00,control_execute,"{""action_type"": ""retry_charge"", ""attempt"": 1, ""cost_paise"": 300, ""detail"": ""charge declined: card_declined"", ""succeeded"": false}"
896a4dd6-a252-4d24-903c-c777c098ff51,sub_0192,2026-08-26T10:47:48.887997+00:00,2026-08-26T07:34:24.909496+00:00,ingest,"{""attempt_number"": 1, ""error_reason"": ""card_expired"", ""error_source"": ""issuer"", ""error_step"": ""payment_authentication"", ""event_id"": ""evt_0192"", ""invoice_id"": ""inv_0192"", ""occurred_at"": ""2026-08-26T10:47:48.887997Z"", ""source"": ""cohort"", ""subscription_id"": ""sub_0192""}"
a827e35c-9e0c-4132-acec-ebf7bf88be39,sub_0192,2026-08-26T10:47:48.887997+00:00,2026-08-26T13:31:20.651653+00:00,ingest,"{""attempt_number"": 1, ""error_reason"": ""card_expired"", ""error_source"": ""issuer"", ""error_step"": ""payment_authentication"", ""event_id"": ""evt_0192"", ""invoice_id"": ""inv_0192"", ""occurred_at"": ""2026-08-26T10:47:48.887997Z"", ""source"": ""cohort"", ""subscription_id"": ""sub_0192""}"
feba9128-3a99-46e9-9354-16543148d3c2,sub_0003,2026-08-26T10:58:00.287437+00:00,2026-08-26T07:34:24.910072+00:00,ingest,"{""attempt_number"": 1, ""error_reason"": ""insufficient_funds"", ""error_source"": ""bank"", ""error_step"": ""payment_authorization"", ""event_id"": ""evt_0003"", ""invoice_id"": ""inv_0003"", ""occurred_at"": ""2026-08-26T10:58:00.287437Z"", ""source"": ""cohort"", ""subscription_id"": ""sub_0003""}"
7c59d1da-2b26-4ad7-bad3-56b146c27b94,sub_0003,2026-08-26T10:58:00.287437+00:00,2026-08-26T13:31:20.652168+00:00,ingest,"{""attempt_number"": 1, ""error_reason"": ""insufficient_funds"", ""error_source"": ""bank"", ""error_step"": ""payment_authorization"", ""event_id"": ""evt_0003"", ""invoice_id"": ""inv_0003"", ""occurred_at"": ""2026-08-26T10:58:00.287437Z"", ""source"": ""cohort"", ""subscription_id"": ""sub_0003""}"
9b391bfd-5c4b-453b-b244-d691288a7373,sub_0161,2026-08-26T10:59:30.875685+00:00,2026-08-26T07:34:24.910647+00:00,ingest,"{""attempt_number"": 1, ""error_reason"": ""subscription_cancelled"", ""error_source"": ""business"", ""error_step"": ""payment_initiation"", ""event_id"": ""evt_0161"", ""invoice_id"": ""inv_0161"", ""occurred_at"": ""2026-08-26T10:59:30.875685Z"", ""source"": ""cohort"", ""subscription_id"": ""sub_0161""}"
9786e032-3ac3-4446-9e05-f85155a597a5,sub_0161,2026-08-26T10:59:30.875685+00:00,2026-08-26T13:31:20.652704+00:00,ingest,"{""attempt_number"": 1, ""error_reason"": ""subscription_cancelled"", ""error_source"": ""business"", ""error_step"": ""payment_initiation"", ""event_id"": ""evt_0161"", ""invoice_id"": ""inv_0161"", ""occurred_at"": ""2026-08-26T10:59:30.875685Z"", ""source"": ""cohort"", ""subscription_id"": ""sub_0161""}"
9474a2ad-bdc6-409a-9a84-4e9af7d50e7c,sub_0065,2026-08-26T11:06:19.189263+00:00,2026-08-26T07:34:24.911265+00:00,ingest,"{""attempt_number"": 1, ""error_reason"": ""card_expired"", ""error_source"": ""issuer"", ""error_step"": ""payment_authentication"", ""event_id"": ""evt_0065"", ""invoice_id"": ""inv_0065"", ""occurred_at"": ""2026-08-26T11:06:19.189263Z"", ""source"": ""cohort"", ""subscription_id"": ""sub_0065""}"
7f60ad63-a98e-44ea-b796-6095948f036a,sub_0065,2026-08-26T11:06:19.189263+00:00,2026-08-26T13:31:20.653197+00:00,ingest,"{""attempt_number"": 1, ""error_reason"": ""card_expired"", ""error_source"": ""issuer"", ""error_step"": ""payment_authentication"", ""event_id"": ""evt_0065"", ""invoice_id"": ""inv_0065"", ""occurred_at"": ""2026-08-26T11:06:19.189263Z"", ""source"": ""cohort"", ""subscription_id"": ""sub_0065""}"
ecee8bb5-2e83-4937-8394-20b89d66a053,sub_0077,2026-08-26T11:23:48.224059+00:00,2026-08-26T07:34:24.960347+00:00,control_execute,"{""action_type"": ""retry_charge"", ""attempt"": 1, ""cost_paise"": 300, ""detail"": ""charge declined: insufficient_funds"", ""succeeded"": false}"
24ce0796-e0f2-4479-ab26-f7d3021f19b4,sub_0077,2026-08-26T11:23:48.224059+00:00,2026-08-26T13:31:20.701857+00:00,control_execute,"{""action_type"": ""retry_charge"", ""attempt"": 1, ""cost_paise"": 300, ""detail"": ""charge declined: insufficient_funds"", ""succeeded"": false}"
db69a9c5-7b48-47ea-b59b-f8b3c8d3df29,sub_0107,2026-08-26T11:24:20.393274+00:00,2026-08-26T07:34:24.911815+00:00,ingest,"{""attempt_number"": 1, ""error_reason"": ""bank_technical_error"", ""error_source"": ""bank"", ""error_step"": ""payment_authorization"", ""event_id"": ""evt_0107"", ""invoice_id"": ""inv_0107"", ""occurred_at"": ""2026-08-26T11:24:20.393274Z"", ""source"": ""cohort"", ""subscription_id"": ""sub_0107""}"
20c56a70-d3bf-4811-9fb6-c11aa81dd26c,sub_0107,2026-08-26T11:24:20.393274+00:00,2026-08-26T13:31:20.653655+00:00,ingest,"{""attempt_number"": 1, ""error_reason"": ""bank_technical_error"", ""error_source"": ""bank"", ""error_step"": ""payment_authorization"", ""event_id"": ""evt_0107"", ""invoice_id"": ""inv_0107"", ""occurred_at"": ""2026-08-26T11:24:20.393274Z"", ""source"": ""cohort"", ""subscription_id"": ""sub_0107""}"
6b2832d6-d5ce-4bbf-a3a1-acc3fbab88ff,sub_0091,2026-08-26T11:32:49.591620+00:00,2026-08-26T07:34:24.960805+00:00,control_execute,"{""action_type"": ""retry_charge"", ""attempt"": 1, ""cost_paise"": 300, ""detail"": ""charge declined: insufficient_funds"", ""succeeded"": false}"
378e4050-51c6-4b95-8fcf-a37d6c42ce94,sub_0091,2026-08-26T11:32:49.591620+00:00,2026-08-26T13:31:20.702321+00:00,control_execute,"{""action_type"": ""retry_charge"", ""attempt"": 1, ""cost_paise"": 300, ""detail"": ""charge declined: insufficient_funds"", ""succeeded"": false}"
ce9328ba-0d0c-4b2d-a7b6-af182a4ac287,sub_0158,2026-08-26T11:34:00.105179+00:00,2026-08-26T07:34:24.961242+00:00,control_execute,"{""action_type"": ""retry_charge"", ""attempt"": 1, ""cost_paise"": 300, ""detail"": ""charge declined: insufficient_funds"", ""succeeded"": false}"
fc61299c-b70f-4070-8cdc-574939c4e361,sub_0158,2026-08-26T11:34:00.105179+00:00,2026-08-26T13:31:20.702816+00:00,control_execute,"{""action_type"": ""retry_charge"", ""attempt"": 1, ""cost_paise"": 300, ""detail"": ""charge declined: insufficient_funds"", ""succeeded"": false}"
2a7f6643-2f59-4b3d-888c-f8160e77dbe2,sub_0154,2026-08-26T11:38:10.837341+00:00,2026-08-26T07:34:24.912435+00:00,ingest,"{""attempt_number"": 1, ""error_reason"": ""bank_technical_error"", ""error_source"": ""bank"", ""error_step"": ""payment_authorization"", ""event_id"": ""evt_0154"", ""invoice_id"": ""inv_0154"", ""occurred_at"": ""2026-08-26T11:38:10.837341Z"", ""source"": ""cohort"", ""subscription_id"": ""sub_0154""}"
169d006d-f604-4e21-a35c-31d369014934,sub_0154,2026-08-26T11:38:10.837341+00:00,2026-08-26T13:31:20.654208+00:00,ingest,"{""attempt_number"": 1, ""error_reason"": ""bank_technical_error"", ""error_source"": ""bank"", ""error_step"": ""payment_authorization"", ""event_id"": ""evt_0154"", ""invoice_id"": ""inv_0154"", ""occurred_at"": ""2026-08-26T11:38:10.837341Z"", ""source"": ""cohort"", ""subscription_id"": ""sub_0154""}"
dc1abf03-7670-4428-9627-75e333cdc39c,sub_0111,2026-08-26T11:43:07.169661+00:00,2026-08-26T07:34:24.913178+00:00,ingest,"{""attempt_number"": 1, ""error_reason"": ""card_expired"", ""error_source"": ""issuer"", ""error_step"": ""payment_authentication"", ""event_id"": ""evt_0111"", ""invoice_id"": ""inv_0111"", ""occurred_at"": ""2026-08-26T11:43:07.169661Z"", ""source"": ""cohort"", ""subscription_id"": ""sub_0111""}"
ef68994f-1651-419d-931f-eef5a9a2c595,sub_0111,2026-08-26T11:43:07.169661+00:00,2026-08-26T13:31:20.654739+00:00,ingest,"{""attempt_number"": 1, ""error_reason"": ""card_expired"", ""error_source"": ""issuer"", ""error_step"": ""payment_authentication"", ""event_id"": ""evt_0111"", ""invoice_id"": ""inv_0111"", ""occurred_at"": ""2026-08-26T11:43:07.169661Z"", ""source"": ""cohort"", ""subscription_id"": ""sub_0111""}"
68dfcbc3-368c-49a2-b78b-1bb90fd242f3,sub_0063,2026-08-26T11:49:32.995169+00:00,2026-08-26T07:34:24.913818+00:00,ingest,"{""attempt_number"": 1, ""error_reason"": ""insufficient_funds"", ""error_source"": ""bank"", ""error_step"": ""payment_authorization"", ""event_id"": ""evt_0063"", ""invoice_id"": ""inv_0063"", ""occurred_at"": ""2026-08-26T11:49:32.995169Z"", ""source"": ""cohort"", ""subscription_id"": ""sub_0063""}"
1d38adf4-ef8f-4302-bbb0-db5a9d035a2a,sub_0063,2026-08-26T11:49:32.995169+00:00,2026-08-26T13:31:20.655283+00:00,ingest,"{""attempt_number"": 1, ""error_reason"": ""insufficient_funds"", ""error_source"": ""bank"", ""error_step"": ""payment_authorization"", ""event_id"": ""evt_0063"", ""invoice_id"": ""inv_0063"", ""occurred_at"": ""2026-08-26T11:49:32.995169Z"", ""source"": ""cohort"", ""subscription_id"": ""sub_0063""}"
40b0336c-425c-4de4-9b49-8396955327a3,sub_0040,2026-08-26T11:53:01.912236+00:00,2026-08-26T07:34:24.961738+00:00,control_execute,"{""action_type"": ""retry_charge"", ""attempt"": 1, ""cost_paise"": 300, ""detail"": ""charge succeeded"", ""succeeded"": true}"
37846ca6-1536-49cf-adc9-34f8182552f3,sub_0040,2026-08-26T11:53:01.912236+00:00,2026-08-26T13:31:20.703307+00:00,control_execute,"{""action_type"": ""retry_charge"", ""attempt"": 1, ""cost_paise"": 300, ""detail"": ""charge succeeded"", ""succeeded"": true}"
17abf50c-4db2-4753-b2db-c8b20777a827,sub_0164,2026-08-26T12:05:21.151544+00:00,2026-08-26T07:34:24.914482+00:00,ingest,"{""attempt_number"": 1, ""error_reason"": ""insufficient_funds"", ""error_source"": ""bank"", ""error_step"": ""payment_authorization"", ""event_id"": ""evt_0164"", ""invoice_id"": ""inv_0164"", ""occurred_at"": ""2026-08-26T12:05:21.151544Z"", ""source"": ""cohort"", ""subscription_id"": ""sub_0164""}"
d5929d9c-030e-42c9-a1d4-efb8094ba450,sub_0164,2026-08-26T12:05:21.151544+00:00,2026-08-26T13:31:20.655789+00:00,ingest,"{""attempt_number"": 1, ""error_reason"": ""insufficient_funds"", ""error_source"": ""bank"", ""error_step"": ""payment_authorization"", ""event_id"": ""evt_0164"", ""invoice_id"": ""inv_0164"", ""occurred_at"": ""2026-08-26T12:05:21.151544Z"", ""source"": ""cohort"", ""subscription_id"": ""sub_0164""}"
7cf971dc-9527-4b60-b408-86084190fd97,sub_0088,2026-08-26T12:12:11.661359+00:00,2026-08-26T07:34:24.915169+00:00,ingest,"{""attempt_number"": 1, ""error_reason"": ""insufficient_funds"", ""error_source"": ""bank"", ""error_step"": ""payment_authorization"", ""event_id"": ""evt_0088"", ""invoice_id"": ""inv_0088"", ""occurred_at"": ""2026-08-26T12:12:11.661359Z"", ""source"": ""cohort"", ""subscription_id"": ""sub_0088""}"
041010cc-8cfd-4b4d-a91b-7ab62d2e538c,sub_0088,2026-08-26T12:12:11.661359+00:00,2026-08-26T13:31:20.656308+00:00,ingest,"{""attempt_number"": 1, ""error_reason"": ""insufficient_funds"", ""error_source"": ""bank"", ""error_step"": ""payment_authorization"", ""event_id"": ""evt_0088"", ""invoice_id"": ""inv_0088"", ""occurred_at"": ""2026-08-26T12:12:11.661359Z"", ""source"": ""cohort"", ""subscription_id"": ""sub_0088""}"
a67872f1-764a-43a3-9ecf-661edfc8f640,sub_0169,2026-08-26T12:16:54.025871+00:00,2026-08-26T07:34:24.915781+00:00,ingest,"{""attempt_number"": 1, ""error_reason"": ""card_expired"", ""error_source"": ""issuer"", ""error_step"": ""payment_authentication"", ""event_id"": ""evt_0169"", ""invoice_id"": ""inv_0169"", ""occurred_at"": ""2026-08-26T12:16:54.025871Z"", ""source"": ""cohort"", ""subscription_id"": ""sub_0169""}"
59775840-3bbb-4fa6-a1b8-cba4dbbe9728,sub_0169,2026-08-26T12:16:54.025871+00:00,2026-08-26T13:31:20.656945+00:00,ingest,"{""attempt_number"": 1, ""error_reason"": ""card_expired"", ""error_source"": ""issuer"", ""error_step"": ""payment_authentication"", ""event_id"": ""evt_0169"", ""invoice_id"": ""inv_0169"", ""occurred_at"": ""2026-08-26T12:16:54.025871Z"", ""source"": ""cohort"", ""subscription_id"": ""sub_0169""}"
2c135c2f-01fe-48a0-a329-f10313180f09,sub_0124,2026-08-26T12:21:16.808344+00:00,2026-08-26T07:34:24.916368+00:00,ingest,"{""attempt_number"": 1, ""error_reason"": ""insufficient_funds"", ""error_source"": ""bank"", ""error_step"": ""payment_authorization"", ""event_id"": ""evt_0124"", ""invoice_id"": ""inv_0124"", ""occurred_at"": ""2026-08-26T12:21:16.808344Z"", ""source"": ""cohort"", ""subscription_id"": ""sub_0124""}"
4334f5e9-02c0-4b6a-9a76-5d5c079b2317,sub_0124,2026-08-26T12:21:16.808344+00:00,2026-08-26T13:31:20.657427+00:00,ingest,"{""attempt_number"": 1, ""error_reason"": ""insufficient_funds"", ""error_source"": ""bank"", ""error_step"": ""payment_authorization"", ""event_id"": ""evt_0124"", ""invoice_id"": ""inv_0124"", ""occurred_at"": ""2026-08-26T12:21:16.808344Z"", ""source"": ""cohort"", ""subscription_id"": ""sub_0124""}"
77a72661-ea75-4cbb-83cb-f36ea1b99320,sub_0053,2026-08-26T12:50:15.072875+00:00,2026-08-26T07:34:24.962295+00:00,control_execute,"{""action_type"": ""retry_charge"", ""attempt"": 1, ""cost_paise"": 300, ""detail"": ""charge declined: card_declined"", ""succeeded"": false}"
a9cccbc9-1a15-4ea8-a6cf-acfe35cde08e,sub_0053,2026-08-26T12:50:15.072875+00:00,2026-08-26T13:31:20.703792+00:00,control_execute,"{""action_type"": ""retry_charge"", ""attempt"": 1, ""cost_paise"": 300, ""detail"": ""charge declined: card_declined"", ""succeeded"": false}"
b195094d-3cc2-49cd-bad5-d3fc7e82f296,sub_0185,2026-08-26T12:51:52.952717+00:00,2026-08-26T07:34:24.962756+00:00,control_execute,"{""action_type"": ""retry_charge"", ""attempt"": 1, ""cost_paise"": 300, ""detail"": ""charge succeeded"", ""succeeded"": true}"
d36f8495-8ec2-472b-95cb-0b14d56740c2,sub_0185,2026-08-26T12:51:52.952717+00:00,2026-08-26T13:31:20.704236+00:00,control_execute,"{""action_type"": ""retry_charge"", ""attempt"": 1, ""cost_paise"": 300, ""detail"": ""charge succeeded"", ""succeeded"": true}"
31063976-753a-42fa-bb63-92570971eef9,sub_0118,2026-08-26T13:09:01.708012+00:00,2026-08-26T07:34:24.916918+00:00,ingest,"{""attempt_number"": 1, ""error_reason"": ""card_expired"", ""error_source"": ""issuer"", ""error_step"": ""payment_authentication"", ""event_id"": ""evt_0118"", ""invoice_id"": ""inv_0118"", ""occurred_at"": ""2026-08-26T13:09:01.708012Z"", ""source"": ""cohort"", ""subscription_id"": ""sub_0118""}"
8b998f21-39c9-43a6-8dd8-dad4d9d9ed4b,sub_0118,2026-08-26T13:09:01.708012+00:00,2026-08-26T13:31:20.657897+00:00,ingest,"{""attempt_number"": 1, ""error_reason"": ""card_expired"", ""error_source"": ""issuer"", ""error_step"": ""payment_authentication"", ""event_id"": ""evt_0118"", ""invoice_id"": ""inv_0118"", ""occurred_at"": ""2026-08-26T13:09:01.708012Z"", ""source"": ""cohort"", ""subscription_id"": ""sub_0118""}"
7ee0dab8-1224-4c1e-b465-6b10cd9894f6,sub_0021,2026-08-26T13:14:55.926489+00:00,2026-08-26T07:34:24.963221+00:00,control_execute,"{""action_type"": ""retry_charge"", ""attempt"": 1, ""cost_paise"": 300, ""detail"": ""charge succeeded"", ""succeeded"": true}"
373076a7-ce04-469a-8723-f59c8b672486,sub_0021,2026-08-26T13:14:55.926489+00:00,2026-08-26T13:31:20.704716+00:00,control_execute,"{""action_type"": ""retry_charge"", ""attempt"": 1, ""cost_paise"": 300, ""detail"": ""charge succeeded"", ""succeeded"": true}"
a3219c62-26d5-4fdb-810f-132f7831ced3,sub_0167,2026-08-26T13:24:43.136197+00:00,2026-08-26T07:34:24.917415+00:00,ingest,"{""attempt_number"": 1, ""error_reason"": ""insufficient_funds"", ""error_source"": ""bank"", ""error_step"": ""payment_authorization"", ""event_id"": ""evt_0167"", ""invoice_id"": ""inv_0167"", ""occurred_at"": ""2026-08-26T13:24:43.136197Z"", ""source"": ""cohort"", ""subscription_id"": ""sub_0167""}"
aea8d32d-41d7-4742-b1ef-e60f8b3d320b,sub_0167,2026-08-26T13:24:43.136197+00:00,2026-08-26T13:31:20.658363+00:00,ingest,"{""attempt_number"": 1, ""error_reason"": ""insufficient_funds"", ""error_source"": ""bank"", ""error_step"": ""payment_authorization"", ""event_id"": ""evt_0167"", ""invoice_id"": ""inv_0167"", ""occurred_at"": ""2026-08-26T13:24:43.136197Z"", ""source"": ""cohort"", ""subscription_id"": ""sub_0167""}"
f404f94c-344e-4b6e-a405-04e51c459cd8,sub_0143,2026-08-26T13:39:05.296776+00:00,2026-08-26T07:34:24.963665+00:00,control_execute,"{""action_type"": ""retry_charge"", ""attempt"": 1, ""cost_paise"": 300, ""detail"": ""charge declined: card_declined"", ""succeeded"": false}"
da080083-d479-432e-825f-39cd148927b6,sub_0143,2026-08-26T13:39:05.296776+00:00,2026-08-26T13:31:20.705185+00:00,control_execute,"{""action_type"": ""retry_charge"", ""attempt"": 1, ""cost_paise"": 300, ""detail"": ""charge declined: card_declined"", ""succeeded"": false}"
3da55d71-a9ce-4235-ba6d-b1da6f4db478,sub_0175,2026-08-26T13:51:55.694577+00:00,2026-08-26T07:34:24.918003+00:00,ingest,"{""attempt_number"": 1, ""error_reason"": ""bank_technical_error"", ""error_source"": ""bank"", ""error_step"": ""payment_authorization"", ""event_id"": ""evt_0175"", ""invoice_id"": ""inv_0175"", ""occurred_at"": ""2026-08-26T13:51:55.694577Z"", ""source"": ""cohort"", ""subscription_id"": ""sub_0175""}"
8204be56-c955-4f50-ae55-a908ca1691fe,sub_0175,2026-08-26T13:51:55.694577+00:00,2026-08-26T13:31:20.658960+00:00,ingest,"{""attempt_number"": 1, ""error_reason"": ""bank_technical_error"", ""error_source"": ""bank"", ""error_step"": ""payment_authorization"", ""event_id"": ""evt_0175"", ""invoice_id"": ""inv_0175"", ""occurred_at"": ""2026-08-26T13:51:55.694577Z"", ""source"": ""cohort"", ""subscription_id"": ""sub_0175""}"
c47928e5-7c2f-40ee-80da-ee13de5aa071,sub_0089,2026-08-26T14:00:46.345117+00:00,2026-08-26T07:34:24.918473+00:00,ingest,"{""attempt_number"": 1, ""error_reason"": ""insufficient_funds"", ""error_source"": ""bank"", ""error_step"": ""payment_authorization"", ""event_id"": ""evt_0089"", ""invoice_id"": ""inv_0089"", ""occurred_at"": ""2026-08-26T14:00:46.345117Z"", ""source"": ""cohort"", ""subscription_id"": ""sub_0089""}"
c5ffc600-59f6-4d1f-919c-14c3aff97dbf,sub_0089,2026-08-26T14:00:46.345117+00:00,2026-08-26T13:31:20.659517+00:00,ingest,"{""attempt_number"": 1, ""error_reason"": ""insufficient_funds"", ""error_source"": ""bank"", ""error_step"": ""payment_authorization"", ""event_id"": ""evt_0089"", ""invoice_id"": ""inv_0089"", ""occurred_at"": ""2026-08-26T14:00:46.345117Z"", ""source"": ""cohort"", ""subscription_id"": ""sub_0089""}"
913269aa-cd81-4f82-93bb-5a3a5419c6f9,sub_0047,2026-08-26T14:02:01.834223+00:00,2026-08-26T07:34:24.964106+00:00,control_execute,"{""action_type"": ""retry_charge"", ""attempt"": 1, ""cost_paise"": 300, ""detail"": ""charge declined: insufficient_funds"", ""succeeded"": false}"
4791b80f-b372-4ab7-b679-ecb5cf3af729,sub_0047,2026-08-26T14:02:01.834223+00:00,2026-08-26T13:31:20.705788+00:00,control_execute,"{""action_type"": ""retry_charge"", ""attempt"": 1, ""cost_paise"": 300, ""detail"": ""charge declined: insufficient_funds"", ""succeeded"": false}"
06212dea-e9b5-4876-a8e9-c87e24de5dca,sub_0024,2026-08-26T14:02:22.002086+00:00,2026-08-26T07:34:24.919045+00:00,ingest,"{""attempt_number"": 1, ""error_reason"": ""card_declined"", ""error_source"": ""issuer"", ""error_step"": ""payment_authorization"", ""event_id"": ""evt_0024"", ""invoice_id"": ""inv_0024"", ""occurred_at"": ""2026-08-26T14:02:22.002086Z"", ""source"": ""cohort"", ""subscription_id"": ""sub_0024""}"
fbfa1eb7-a217-4741-9e30-1eeb4b36a5a8,sub_0024,2026-08-26T14:02:22.002086+00:00,2026-08-26T13:31:20.660058+00:00,ingest,"{""attempt_number"": 1, ""error_reason"": ""card_declined"", ""error_source"": ""issuer"", ""error_step"": ""payment_authorization"", ""event_id"": ""evt_0024"", ""invoice_id"": ""inv_0024"", ""occurred_at"": ""2026-08-26T14:02:22.002086Z"", ""source"": ""cohort"", ""subscription_id"": ""sub_0024""}"
10687293-cf38-4967-a6b7-4cc1205d523a,sub_0001,2026-08-26T14:04:07.598808+00:00,2026-08-26T07:34:24.919607+00:00,ingest,"{""attempt_number"": 1, ""error_reason"": ""bank_technical_error"", ""error_source"": ""bank"", ""error_step"": ""payment_authorization"", ""event_id"": ""evt_0001"", ""invoice_id"": ""inv_0001"", ""occurred_at"": ""2026-08-26T14:04:07.598808Z"", ""source"": ""cohort"", ""subscription_id"": ""sub_0001""}"
063f32a0-9f2b-40dd-b28b-a3d849c90cff,sub_0001,2026-08-26T14:04:07.598808+00:00,2026-08-26T13:31:20.660550+00:00,ingest,"{""attempt_number"": 1, ""error_reason"": ""bank_technical_error"", ""error_source"": ""bank"", ""error_step"": ""payment_authorization"", ""event_id"": ""evt_0001"", ""invoice_id"": ""inv_0001"", ""occurred_at"": ""2026-08-26T14:04:07.598808Z"", ""source"": ""cohort"", ""subscription_id"": ""sub_0001""}"
f2f6bb78-3c5c-4455-b353-d94d0744b6e1,sub_0106,2026-08-26T14:07:25.310925+00:00,2026-08-26T07:34:24.964497+00:00,control_execute,"{""action_type"": ""retry_charge"", ""attempt"": 1, ""cost_paise"": 300, ""detail"": ""charge declined: insufficient_funds"", ""succeeded"": false}"
2458baf9-b0f8-44b2-afb4-4ecc54a2c684,sub_0106,2026-08-26T14:07:25.310925+00:00,2026-08-26T13:31:20.706562+00:00,control_execute,"{""action_type"": ""retry_charge"", ""attempt"": 1, ""cost_paise"": 300, ""detail"": ""charge declined: insufficient_funds"", ""succeeded"": false}"
006ef44b-eeb3-462d-82c6-71d2bc949f54,sub_0146,2026-08-26T14:08:38.263834+00:00,2026-08-26T07:34:24.964982+00:00,control_execute,"{""action_type"": ""retry_charge"", ""attempt"": 1, ""cost_paise"": 300, ""detail"": ""charge succeeded"", ""succeeded"": true}"
6c72c5a4-167b-4caa-8b46-c35347dcca2e,sub_0146,2026-08-26T14:08:38.263834+00:00,2026-08-26T13:31:20.707020+00:00,control_execute,"{""action_type"": ""retry_charge"", ""attempt"": 1, ""cost_paise"": 300, ""detail"": ""charge succeeded"", ""succeeded"": true}"
028616d4-dca1-4a3a-b590-e54ccfbecaee,sub_0156,2026-08-26T14:09:22.337414+00:00,2026-08-26T07:34:24.965477+00:00,control_execute,"{""action_type"": ""retry_charge"", ""attempt"": 1, ""cost_paise"": 300, ""detail"": ""charge succeeded"", ""succeeded"": true}"
55047e0d-e0ec-48c3-acac-a0ae6c63a617,sub_0156,2026-08-26T14:09:22.337414+00:00,2026-08-26T13:31:20.707518+00:00,control_execute,"{""action_type"": ""retry_charge"", ""attempt"": 1, ""cost_paise"": 300, ""detail"": ""charge succeeded"", ""succeeded"": true}"
71b04257-7ac5-4c6e-b588-def9320ed651,sub_0176,2026-08-26T14:09:33.018255+00:00,2026-08-26T07:34:24.965979+00:00,control_execute,"{""action_type"": ""retry_charge"", ""attempt"": 1, ""cost_paise"": 300, ""detail"": ""charge succeeded"", ""succeeded"": true}"
c289ded0-220c-43e6-ab5f-8c646f209342,sub_0176,2026-08-26T14:09:33.018255+00:00,2026-08-26T13:31:20.707944+00:00,control_execute,"{""action_type"": ""retry_charge"", ""attempt"": 1, ""cost_paise"": 300, ""detail"": ""charge succeeded"", ""succeeded"": true}"
126c3b84-b911-41b9-91a4-4f54e6875da6,sub_0029,2026-08-26T14:18:08.718849+00:00,2026-08-26T07:34:24.920136+00:00,ingest,"{""attempt_number"": 1, ""error_reason"": ""payment_risk_check_failed"", ""error_source"": ""gateway"", ""error_step"": ""payment_authorization"", ""event_id"": ""evt_0029"", ""invoice_id"": ""inv_0029"", ""occurred_at"": ""2026-08-26T14:18:08.718849Z"", ""source"": ""cohort"", ""subscription_id"": ""sub_0029""}"
3a7dc84a-78f3-4048-8897-3bd211486c4a,sub_0029,2026-08-26T14:18:08.718849+00:00,2026-08-26T13:31:20.661035+00:00,ingest,"{""attempt_number"": 1, ""error_reason"": ""payment_risk_check_failed"", ""error_source"": ""gateway"", ""error_step"": ""payment_authorization"", ""event_id"": ""evt_0029"", ""invoice_id"": ""inv_0029"", ""occurred_at"": ""2026-08-26T14:18:08.718849Z"", ""source"": ""cohort"", ""subscription_id"": ""sub_0029""}"
4cdad47c-f830-4d5c-b3b6-98ae548cdf20,sub_0180,2026-08-26T14:21:19.917397+00:00,2026-08-26T07:34:24.966437+00:00,control_execute,"{""action_type"": ""retry_charge"", ""attempt"": 1, ""cost_paise"": 300, ""detail"": ""charge declined: card_expired"", ""succeeded"": false}"
f35d793c-0d86-4006-a1b9-bb00f6435fad,sub_0180,2026-08-26T14:21:19.917397+00:00,2026-08-26T13:31:20.708360+00:00,control_execute,"{""action_type"": ""retry_charge"", ""attempt"": 1, ""cost_paise"": 300, ""detail"": ""charge declined: card_expired"", ""succeeded"": false}"
f46f8a53-e158-465f-86e5-57ac3fa938a7,sub_0142,2026-08-26T14:24:05.012133+00:00,2026-08-26T07:34:24.966892+00:00,control_execute,"{""action_type"": ""retry_charge"", ""attempt"": 1, ""cost_paise"": 300, ""detail"": ""charge succeeded"", ""succeeded"": true}"
7d470628-f842-49f8-871e-d7249d3c2dec,sub_0142,2026-08-26T14:24:05.012133+00:00,2026-08-26T13:31:20.708882+00:00,control_execute,"{""action_type"": ""retry_charge"", ""attempt"": 1, ""cost_paise"": 300, ""detail"": ""charge succeeded"", ""succeeded"": true}"
bb752bc5-2c23-46ea-9424-d8caa0d93dd5,sub_0136,2026-08-26T14:39:44.790778+00:00,2026-08-26T07:34:24.967347+00:00,control_execute,"{""action_type"": ""retry_charge"", ""attempt"": 1, ""cost_paise"": 300, ""detail"": ""charge declined: card_expired"", ""succeeded"": false}"
392d4d87-5cff-4594-9000-49426ae72059,sub_0136,2026-08-26T14:39:44.790778+00:00,2026-08-26T13:31:20.709458+00:00,control_execute,"{""action_type"": ""retry_charge"", ""attempt"": 1, ""cost_paise"": 300, ""detail"": ""charge declined: card_expired"", ""succeeded"": false}"
e80f125d-4efc-4f58-8882-612f707471d0,sub_0078,2026-08-26T14:40:05.796253+00:00,2026-08-26T07:34:24.920852+00:00,ingest,"{""attempt_number"": 1, ""error_reason"": ""insufficient_funds"", ""error_source"": ""bank"", ""error_step"": ""payment_authorization"", ""event_id"": ""evt_0078"", ""invoice_id"": ""inv_0078"", ""occurred_at"": ""2026-08-26T14:40:05.796253Z"", ""source"": ""cohort"", ""subscription_id"": ""sub_0078""}"
b0c2f9aa-c370-47f1-ad7d-e61cb460f1fe,sub_0078,2026-08-26T14:40:05.796253+00:00,2026-08-26T13:31:20.661542+00:00,ingest,"{""attempt_number"": 1, ""error_reason"": ""insufficient_funds"", ""error_source"": ""bank"", ""error_step"": ""payment_authorization"", ""event_id"": ""evt_0078"", ""invoice_id"": ""inv_0078"", ""occurred_at"": ""2026-08-26T14:40:05.796253Z"", ""source"": ""cohort"", ""subscription_id"": ""sub_0078""}"
92cc443a-4a19-447f-bd46-c2e718afd295,sub_0034,2026-08-26T14:45:57.796205+00:00,2026-08-26T07:34:24.921524+00:00,ingest,"{""attempt_number"": 1, ""error_reason"": ""card_expired"", ""error_source"": ""issuer"", ""error_step"": ""payment_authentication"", ""event_id"": ""evt_0034"", ""invoice_id"": ""inv_0034"", ""occurred_at"": ""2026-08-26T14:45:57.796205Z"", ""source"": ""cohort"", ""subscription_id"": ""sub_0034""}"
1eba527e-1bba-4a53-9638-e04346b269ef,sub_0034,2026-08-26T14:45:57.796205+00:00,2026-08-26T13:31:20.662054+00:00,ingest,"{""attempt_number"": 1, ""error_reason"": ""card_expired"", ""error_source"": ""issuer"", ""error_step"": ""payment_authentication"", ""event_id"": ""evt_0034"", ""invoice_id"": ""inv_0034"", ""occurred_at"": ""2026-08-26T14:45:57.796205Z"", ""source"": ""cohort"", ""subscription_id"": ""sub_0034""}"
adaaf557-44a7-4fbb-9573-78c9d570ed04,sub_0097,2026-08-26T14:49:46.727883+00:00,2026-08-26T07:34:24.967889+00:00,control_execute,"{""action_type"": ""retry_charge"", ""attempt"": 1, ""cost_paise"": 300, ""detail"": ""charge declined: insufficient_funds"", ""succeeded"": false}"
e88ed9b1-0903-4a97-b9b6-8acba82f2066,sub_0097,2026-08-26T14:49:46.727883+00:00,2026-08-26T13:31:20.709950+00:00,control_execute,"{""action_type"": ""retry_charge"", ""attempt"": 1, ""cost_paise"": 300, ""detail"": ""charge declined: insufficient_funds"", ""succeeded"": false}"
e5008479-72c2-4599-a194-be473496e466,sub_0152,2026-08-26T14:54:37.005955+00:00,2026-08-26T07:34:24.968376+00:00,control_execute,"{""action_type"": ""retry_charge"", ""attempt"": 1, ""cost_paise"": 300, ""detail"": ""charge declined: card_declined"", ""succeeded"": false}"
494157af-92ff-4e2f-9e87-64f26bf0ea79,sub_0152,2026-08-26T14:54:37.005955+00:00,2026-08-26T13:31:20.710399+00:00,control_execute,"{""action_type"": ""retry_charge"", ""attempt"": 1, ""cost_paise"": 300, ""detail"": ""charge declined: card_declined"", ""succeeded"": false}"
ec73d260-50db-424b-b5da-59fbc6e5f6b6,sub_0081,2026-08-26T14:58:55.413329+00:00,2026-08-26T07:34:24.968851+00:00,control_execute,"{""action_type"": ""retry_charge"", ""attempt"": 1, ""cost_paise"": 300, ""detail"": ""charge declined: card_declined"", ""succeeded"": false}"
28c54e6f-e299-4747-8eb0-bb9ba63fecc4,sub_0081,2026-08-26T14:58:55.413329+00:00,2026-08-26T13:31:20.710915+00:00,control_execute,"{""action_type"": ""retry_charge"", ""attempt"": 1, ""cost_paise"": 300, ""detail"": ""charge declined: card_declined"", ""succeeded"": false}"
e737c96a-d794-4a13-b570-d02aeb87af11,sub_0173,2026-08-26T15:24:53.320725+00:00,2026-08-26T07:34:24.922175+00:00,ingest,"{""attempt_number"": 1, ""error_reason"": ""subscription_cancelled"", ""error_source"": ""business"", ""error_step"": ""payment_initiation"", ""event_id"": ""evt_0173"", ""invoice_id"": ""inv_0173"", ""occurred_at"": ""2026-08-26T15:24:53.320725Z"", ""source"": ""cohort"", ""subscription_id"": ""sub_0173""}"
3806b167-2f03-446a-943f-647ea495900d,sub_0173,2026-08-26T15:24:53.320725+00:00,2026-08-26T13:31:20.662559+00:00,ingest,"{""attempt_number"": 1, ""error_reason"": ""subscription_cancelled"", ""error_source"": ""business"", ""error_step"": ""payment_initiation"", ""event_id"": ""evt_0173"", ""invoice_id"": ""inv_0173"", ""occurred_at"": ""2026-08-26T15:24:53.320725Z"", ""source"": ""cohort"", ""subscription_id"": ""sub_0173""}"
eb4c88cc-934b-45b8-9c0a-aeb26142e59e,sub_0181,2026-08-26T15:30:29.569274+00:00,2026-08-26T07:34:24.969356+00:00,control_execute,"{""action_type"": ""retry_charge"", ""attempt"": 1, ""cost_paise"": 300, ""detail"": ""charge declined: insufficient_funds"", ""succeeded"": false}"
d002877d-01be-4acc-8712-1a8bf76d8d20,sub_0181,2026-08-26T15:30:29.569274+00:00,2026-08-26T13:31:20.711382+00:00,control_execute,"{""action_type"": ""retry_charge"", ""attempt"": 1, ""cost_paise"": 300, ""detail"": ""charge declined: insufficient_funds"", ""succeeded"": false}"
ed2e733a-29d5-4c65-8d2c-8dc0b8e8220b,sub_0090,2026-08-26T15:33:37.685682+00:00,2026-08-26T07:34:24.922906+00:00,ingest,"{""attempt_number"": 1, ""error_reason"": ""card_declined"", ""error_source"": ""issuer"", ""error_step"": ""payment_authorization"", ""event_id"": ""evt_0090"", ""invoice_id"": ""inv_0090"", ""occurred_at"": ""2026-08-26T15:33:37.685682Z"", ""source"": ""cohort"", ""subscription_id"": ""sub_0090""}"
0a375466-a912-4129-850a-392584f16343,sub_0090,2026-08-26T15:33:37.685682+00:00,2026-08-26T13:31:20.663059+00:00,ingest,"{""attempt_number"": 1, ""error_reason"": ""card_declined"", ""error_source"": ""issuer"", ""error_step"": ""payment_authorization"", ""event_id"": ""evt_0090"", ""invoice_id"": ""inv_0090"", ""occurred_at"": ""2026-08-26T15:33:37.685682Z"", ""source"": ""cohort"", ""subscription_id"": ""sub_0090""}"
ad74605f-92b4-4c80-a318-1bbae45a0635,sub_0004,2026-08-26T15:40:30.974686+00:00,2026-08-26T07:34:24.923478+00:00,ingest,"{""attempt_number"": 1, ""error_reason"": ""card_expired"", ""error_source"": ""issuer"", ""error_step"": ""payment_authentication"", ""event_id"": ""evt_0004"", ""invoice_id"": ""inv_0004"", ""occurred_at"": ""2026-08-26T15:40:30.974686Z"", ""source"": ""cohort"", ""subscription_id"": ""sub_0004""}"
bfcb1b2c-9f04-48cd-8805-7c5c73ec14a0,sub_0004,2026-08-26T15:40:30.974686+00:00,2026-08-26T13:31:20.663552+00:00,ingest,"{""attempt_number"": 1, ""error_reason"": ""card_expired"", ""error_source"": ""issuer"", ""error_step"": ""payment_authentication"", ""event_id"": ""evt_0004"", ""invoice_id"": ""inv_0004"", ""occurred_at"": ""2026-08-26T15:40:30.974686Z"", ""source"": ""cohort"", ""subscription_id"": ""sub_0004""}"
88d425b5-fa79-4a9c-95c2-76675f379b10,sub_0100,2026-08-26T15:53:19.972647+00:00,2026-08-26T07:34:24.969870+00:00,control_execute,"{""action_type"": ""retry_charge"", ""attempt"": 1, ""cost_paise"": 300, ""detail"": ""charge succeeded"", ""succeeded"": true}"
ad0e882a-7773-459c-8082-5f6d1f822ff9,sub_0100,2026-08-26T15:53:19.972647+00:00,2026-08-26T13:31:20.711820+00:00,control_execute,"{""action_type"": ""retry_charge"", ""attempt"": 1, ""cost_paise"": 300, ""detail"": ""charge succeeded"", ""succeeded"": true}"
319efed7-9d1f-4a8e-a181-1d3a0b462093,sub_0033,2026-08-26T15:54:23.970537+00:00,2026-08-26T07:34:24.923819+00:00,ingest,"{""attempt_number"": 1, ""error_reason"": ""card_declined"", ""error_source"": ""issuer"", ""error_step"": ""payment_authorization"", ""event_id"": ""evt_0033"", ""invoice_id"": ""inv_0033"", ""occurred_at"": ""2026-08-26T15:54:23.970537Z"", ""source"": ""cohort"", ""subscription_id"": ""sub_0033""}"
c06b4592-8f0c-405c-9451-8881534c3b35,sub_0033,2026-08-26T15:54:23.970537+00:00,2026-08-26T13:31:20.664165+00:00,ingest,"{""attempt_number"": 1, ""error_reason"": ""card_declined"", ""error_source"": ""issuer"", ""error_step"": ""payment_authorization"", ""event_id"": ""evt_0033"", ""invoice_id"": ""inv_0033"", ""occurred_at"": ""2026-08-26T15:54:23.970537Z"", ""source"": ""cohort"", ""subscription_id"": ""sub_0033""}"
2d26eb6b-5f4f-4be0-863f-f784da56fc13,sub_0150,2026-08-26T16:00:00.181505+00:00,2026-08-26T07:34:24.924207+00:00,ingest,"{""attempt_number"": 1, ""error_reason"": ""bank_technical_error"", ""error_source"": ""bank"", ""error_step"": ""payment_authorization"", ""event_id"": ""evt_0150"", ""invoice_id"": ""inv_0150"", ""occurred_at"": ""2026-08-26T16:00:00.181505Z"", ""source"": ""cohort"", ""subscription_id"": ""sub_0150""}"
7e98bd9b-3598-42c9-ab81-2b9d948dcc6d,sub_0150,2026-08-26T16:00:00.181505+00:00,2026-08-26T13:31:20.664693+00:00,ingest,"{""attempt_number"": 1, ""error_reason"": ""bank_technical_error"", ""error_source"": ""bank"", ""error_step"": ""payment_authorization"", ""event_id"": ""evt_0150"", ""invoice_id"": ""inv_0150"", ""occurred_at"": ""2026-08-26T16:00:00.181505Z"", ""source"": ""cohort"", ""subscription_id"": ""sub_0150""}"
e19290bc-b0cb-49d0-953d-74600eb032e9,sub_0109,2026-08-26T16:00:24.113595+00:00,2026-08-26T07:34:24.924624+00:00,ingest,"{""attempt_number"": 1, ""error_reason"": ""insufficient_funds"", ""error_source"": ""bank"", ""error_step"": ""payment_authorization"", ""event_id"": ""evt_0109"", ""invoice_id"": ""inv_0109"", ""occurred_at"": ""2026-08-26T16:00:24.113595Z"", ""source"": ""cohort"", ""subscription_id"": ""sub_0109""}"
79400af1-f7ef-4e8e-a0e3-99d9acbed12e,sub_0109,2026-08-26T16:00:24.113595+00:00,2026-08-26T13:31:20.665202+00:00,ingest,"{""attempt_number"": 1, ""error_reason"": ""insufficient_funds"", ""error_source"": ""bank"", ""error_step"": ""payment_authorization"", ""event_id"": ""evt_0109"", ""invoice_id"": ""inv_0109"", ""occurred_at"": ""2026-08-26T16:00:24.113595Z"", ""source"": ""cohort"", ""subscription_id"": ""sub_0109""}"
17bb1307-d1e7-4e1d-b16f-a7a497f8dcfa,sub_0130,2026-08-26T16:06:57.576236+00:00,2026-08-26T07:34:24.925013+00:00,ingest,"{""attempt_number"": 1, ""error_reason"": ""insufficient_funds"", ""error_source"": ""bank"", ""error_step"": ""payment_authorization"", ""event_id"": ""evt_0130"", ""invoice_id"": ""inv_0130"", ""occurred_at"": ""2026-08-26T16:06:57.576236Z"", ""source"": ""cohort"", ""subscription_id"": ""sub_0130""}"
9e311a61-0551-4ed4-b39e-463ccce682ed,sub_0130,2026-08-26T16:06:57.576236+00:00,2026-08-26T13:31:20.665696+00:00,ingest,"{""attempt_number"": 1, ""error_reason"": ""insufficient_funds"", ""error_source"": ""bank"", ""error_step"": ""payment_authorization"", ""event_id"": ""evt_0130"", ""invoice_id"": ""inv_0130"", ""occurred_at"": ""2026-08-26T16:06:57.576236Z"", ""source"": ""cohort"", ""subscription_id"": ""sub_0130""}"
138e5d33-f115-4840-8c87-773dcf4259fc,sub_0050,2026-08-26T16:10:40.337746+00:00,2026-08-26T07:34:24.925410+00:00,ingest,"{""attempt_number"": 1, ""error_reason"": ""insufficient_funds"", ""error_source"": ""bank"", ""error_step"": ""payment_authorization"", ""event_id"": ""evt_0050"", ""invoice_id"": ""inv_0050"", ""occurred_at"": ""2026-08-26T16:10:40.337746Z"", ""source"": ""cohort"", ""subscription_id"": ""sub_0050""}"
7812c983-10d8-494f-80eb-7b2859d5062b,sub_0050,2026-08-26T16:10:40.337746+00:00,2026-08-26T13:31:20.666301+00:00,ingest,"{""attempt_number"": 1, ""error_reason"": ""insufficient_funds"", ""error_source"": ""bank"", ""error_step"": ""payment_authorization"", ""event_id"": ""evt_0050"", ""invoice_id"": ""inv_0050"", ""occurred_at"": ""2026-08-26T16:10:40.337746Z"", ""source"": ""cohort"", ""subscription_id"": ""sub_0050""}"
14f46f21-bc91-4f56-8a72-474c5d4d1a6f,sub_0062,2026-08-26T16:29:16.430025+00:00,2026-08-26T07:34:24.970359+00:00,control_execute,"{""action_type"": ""retry_charge"", ""attempt"": 1, ""cost_paise"": 300, ""detail"": ""charge declined: card_expired"", ""succeeded"": false}"
1360284b-0b62-4e61-a834-6427286b200b,sub_0062,2026-08-26T16:29:16.430025+00:00,2026-08-26T13:31:20.712340+00:00,control_execute,"{""action_type"": ""retry_charge"", ""attempt"": 1, ""cost_paise"": 300, ""detail"": ""charge declined: card_expired"", ""succeeded"": false}"
c29a1974-edf7-46d1-b570-b2cbf1ebe926,sub_0115,2026-08-26T16:29:46.974304+00:00,2026-08-26T07:34:24.970811+00:00,control_execute,"{""action_type"": ""retry_charge"", ""attempt"": 1, ""cost_paise"": 300, ""detail"": ""charge succeeded"", ""succeeded"": true}"
fc5e811b-b354-40a1-946b-1ca549a92f0a,sub_0115,2026-08-26T16:29:46.974304+00:00,2026-08-26T13:31:20.712787+00:00,control_execute,"{""action_type"": ""retry_charge"", ""attempt"": 1, ""cost_paise"": 300, ""detail"": ""charge succeeded"", ""succeeded"": true}"
8d23ac67-9b7e-4605-b883-c79e6eaae0d1,sub_0116,2026-08-26T16:48:14.407062+00:00,2026-08-26T07:34:24.971513+00:00,control_execute,"{""action_type"": ""retry_charge"", ""attempt"": 1, ""cost_paise"": 300, ""detail"": ""charge declined: card_expired"", ""succeeded"": false}"
21bd5f7a-3b0a-476e-8b88-062b218f1007,sub_0116,2026-08-26T16:48:14.407062+00:00,2026-08-26T13:31:20.713322+00:00,control_execute,"{""action_type"": ""retry_charge"", ""attempt"": 1, ""cost_paise"": 300, ""detail"": ""charge declined: card_expired"", ""succeeded"": false}"
00d2c6eb-40e1-4144-8976-c189c76f0075,sub_0148,2026-08-26T17:00:37.269608+00:00,2026-08-26T07:34:24.925879+00:00,ingest,"{""attempt_number"": 1, ""error_reason"": ""card_expired"", ""error_source"": ""issuer"", ""error_step"": ""payment_authentication"", ""event_id"": ""evt_0148"", ""invoice_id"": ""inv_0148"", ""occurred_at"": ""2026-08-26T17:00:37.269608Z"", ""source"": ""cohort"", ""subscription_id"": ""sub_0148""}"
e5407da2-0b8c-459d-9f15-87c11cfb61a9,sub_0148,2026-08-26T17:00:37.269608+00:00,2026-08-26T13:31:20.666767+00:00,ingest,"{""attempt_number"": 1, ""error_reason"": ""card_expired"", ""error_source"": ""issuer"", ""error_step"": ""payment_authentication"", ""event_id"": ""evt_0148"", ""invoice_id"": ""inv_0148"", ""occurred_at"": ""2026-08-26T17:00:37.269608Z"", ""source"": ""cohort"", ""subscription_id"": ""sub_0148""}"
31a39a12-168d-411f-9e50-6e0ba97e63e6,sub_0098,2026-08-26T17:02:34.640433+00:00,2026-08-26T07:34:24.926310+00:00,ingest,"{""attempt_number"": 1, ""error_reason"": ""bank_technical_error"", ""error_source"": ""bank"", ""error_step"": ""payment_authorization"", ""event_id"": ""evt_0098"", ""invoice_id"": ""inv_0098"", ""occurred_at"": ""2026-08-26T17:02:34.640433Z"", ""source"": ""cohort"", ""subscription_id"": ""sub_0098""}"
1655ba0f-e907-4174-9f0a-855955b3d4fd,sub_0098,2026-08-26T17:02:34.640433+00:00,2026-08-26T13:31:20.667199+00:00,ingest,"{""attempt_number"": 1, ""error_reason"": ""bank_technical_error"", ""error_source"": ""bank"", ""error_step"": ""payment_authorization"", ""event_id"": ""evt_0098"", ""invoice_id"": ""inv_0098"", ""occurred_at"": ""2026-08-26T17:02:34.640433Z"", ""source"": ""cohort"", ""subscription_id"": ""sub_0098""}"
a90b4f95-6260-4fe6-873e-0c92f68037bf,sub_0166,2026-08-26T17:10:01.777509+00:00,2026-08-26T07:34:24.926727+00:00,ingest,"{""attempt_number"": 1, ""error_reason"": ""insufficient_funds"", ""error_source"": ""bank"", ""error_step"": ""payment_authorization"", ""event_id"": ""evt_0166"", ""invoice_id"": ""inv_0166"", ""occurred_at"": ""2026-08-26T17:10:01.777509Z"", ""source"": ""cohort"", ""subscription_id"": ""sub_0166""}"
58999ab5-4c95-4710-87da-e539135d8c6c,sub_0166,2026-08-26T17:10:01.777509+00:00,2026-08-26T13:31:20.667626+00:00,ingest,"{""attempt_number"": 1, ""error_reason"": ""insufficient_funds"", ""error_source"": ""bank"", ""error_step"": ""payment_authorization"", ""event_id"": ""evt_0166"", ""invoice_id"": ""inv_0166"", ""occurred_at"": ""2026-08-26T17:10:01.777509Z"", ""source"": ""cohort"", ""subscription_id"": ""sub_0166""}"
ff68afb6-5de8-4655-9a03-b5fcfb4aed69,sub_0075,2026-08-26T17:13:21.030658+00:00,2026-08-26T07:34:24.972006+00:00,control_execute,"{""action_type"": ""retry_charge"", ""attempt"": 1, ""cost_paise"": 300, ""detail"": ""charge declined: card_expired"", ""succeeded"": false}"
5e043773-bedc-488c-ac38-4528b3388597,sub_0075,2026-08-26T17:13:21.030658+00:00,2026-08-26T13:31:20.713782+00:00,control_execute,"{""action_type"": ""retry_charge"", ""attempt"": 1, ""cost_paise"": 300, ""detail"": ""charge declined: card_expired"", ""succeeded"": false}"
90a281fc-93f2-4776-afcf-4eaa9d568e51,sub_0121,2026-08-26T17:13:35.332367+00:00,2026-08-26T07:34:24.927118+00:00,ingest,"{""attempt_number"": 1, ""error_reason"": ""card_declined"", ""error_source"": ""issuer"", ""error_step"": ""payment_authorization"", ""event_id"": ""evt_0121"", ""invoice_id"": ""inv_0121"", ""occurred_at"": ""2026-08-26T17:13:35.332367Z"", ""source"": ""cohort"", ""subscription_id"": ""sub_0121""}"
9fea3a4f-a67d-4477-8963-1ab7f9e44f3d,sub_0121,2026-08-26T17:13:35.332367+00:00,2026-08-26T13:31:20.668099+00:00,ingest,"{""attempt_number"": 1, ""error_reason"": ""card_declined"", ""error_source"": ""issuer"", ""error_step"": ""payment_authorization"", ""event_id"": ""evt_0121"", ""invoice_id"": ""inv_0121"", ""occurred_at"": ""2026-08-26T17:13:35.332367Z"", ""source"": ""cohort"", ""subscription_id"": ""sub_0121""}"
2188ebd7-3723-4c3b-9140-198c901a9340,sub_0006,2026-08-26T17:13:39.902944+00:00,2026-08-26T07:34:24.927534+00:00,ingest,"{""attempt_number"": 1, ""error_reason"": ""card_expired"", ""error_source"": ""issuer"", ""error_step"": ""payment_authentication"", ""event_id"": ""evt_0006"", ""invoice_id"": ""inv_0006"", ""occurred_at"": ""2026-08-26T17:13:39.902944Z"", ""source"": ""cohort"", ""subscription_id"": ""sub_0006""}"
3ef77fb2-d116-4cb3-bb44-926efd359ac5,sub_0006,2026-08-26T17:13:39.902944+00:00,2026-08-26T13:31:20.668645+00:00,ingest,"{""attempt_number"": 1, ""error_reason"": ""card_expired"", ""error_source"": ""issuer"", ""error_step"": ""payment_authentication"", ""event_id"": ""evt_0006"", ""invoice_id"": ""inv_0006"", ""occurred_at"": ""2026-08-26T17:13:39.902944Z"", ""source"": ""cohort"", ""subscription_id"": ""sub_0006""}"
5d5c4922-7eee-4b53-a151-ff4e2df213fb,sub_0147,2026-08-26T17:17:44.168657+00:00,2026-08-26T07:34:24.928095+00:00,ingest,"{""attempt_number"": 1, ""error_reason"": ""subscription_cancelled"", ""error_source"": ""business"", ""error_step"": ""payment_initiation"", ""event_id"": ""evt_0147"", ""invoice_id"": ""inv_0147"", ""occurred_at"": ""2026-08-26T17:17:44.168657Z"", ""source"": ""cohort"", ""subscription_id"": ""sub_0147""}"
dda92f4e-0631-43f2-81e3-658ba00a85f2,sub_0147,2026-08-26T17:17:44.168657+00:00,2026-08-26T13:31:20.669096+00:00,ingest,"{""attempt_number"": 1, ""error_reason"": ""subscription_cancelled"", ""error_source"": ""business"", ""error_step"": ""payment_initiation"", ""event_id"": ""evt_0147"", ""invoice_id"": ""inv_0147"", ""occurred_at"": ""2026-08-26T17:17:44.168657Z"", ""source"": ""cohort"", ""subscription_id"": ""sub_0147""}"
b98475e3-020f-43d9-b624-442958dd99f0,sub_0045,2026-08-26T17:30:58.352462+00:00,2026-08-26T07:34:24.972472+00:00,control_execute,"{""action_type"": ""retry_charge"", ""attempt"": 1, ""cost_paise"": 300, ""detail"": ""charge declined: card_expired"", ""succeeded"": false}"
9a6dbdce-1489-46a0-958b-fd166ed5abf1,sub_0045,2026-08-26T17:30:58.352462+00:00,2026-08-26T13:31:20.714252+00:00,control_execute,"{""action_type"": ""retry_charge"", ""attempt"": 1, ""cost_paise"": 300, ""detail"": ""charge declined: card_expired"", ""succeeded"": false}"
7e372592-27b4-4d47-a849-3b47dfe132ad,sub_0144,2026-08-26T17:33:52.415049+00:00,2026-08-26T07:34:24.928685+00:00,ingest,"{""attempt_number"": 1, ""error_reason"": ""subscription_cancelled"", ""error_source"": ""business"", ""error_step"": ""payment_initiation"", ""event_id"": ""evt_0144"", ""invoice_id"": ""inv_0144"", ""occurred_at"": ""2026-08-26T17:33:52.415049Z"", ""source"": ""cohort"", ""subscription_id"": ""sub_0144""}"
c0a81c11-fe58-4294-bc0c-30a0a7b958c7,sub_0144,2026-08-26T17:33:52.415049+00:00,2026-08-26T13:31:20.669592+00:00,ingest,"{""attempt_number"": 1, ""error_reason"": ""subscription_cancelled"", ""error_source"": ""business"", ""error_step"": ""payment_initiation"", ""event_id"": ""evt_0144"", ""invoice_id"": ""inv_0144"", ""occurred_at"": ""2026-08-26T17:33:52.415049Z"", ""source"": ""cohort"", ""subscription_id"": ""sub_0144""}"
29c2dde7-e432-416e-8ade-1cb7cb7b32e0,sub_0151,2026-08-26T17:35:49.243832+00:00,2026-08-26T07:34:24.972919+00:00,control_execute,"{""action_type"": ""retry_charge"", ""attempt"": 1, ""cost_paise"": 300, ""detail"": ""charge declined: bank_technical_error"", ""succeeded"": false}"
a1352306-3665-4fcf-a7b9-a5b12b14f0b5,sub_0151,2026-08-26T17:35:49.243832+00:00,2026-08-26T13:31:20.714705+00:00,control_execute,"{""action_type"": ""retry_charge"", ""attempt"": 1, ""cost_paise"": 300, ""detail"": ""charge declined: bank_technical_error"", ""succeeded"": false}"
186ae325-29c8-4164-896d-e61df0f5f9da,sub_0102,2026-08-26T17:35:57.742935+00:00,2026-08-26T07:34:24.973354+00:00,control_execute,"{""action_type"": ""retry_charge"", ""attempt"": 1, ""cost_paise"": 300, ""detail"": ""charge declined: card_expired"", ""succeeded"": false}"
a7be2d8a-7e42-4b01-b6bf-98d9349691ec,sub_0102,2026-08-26T17:35:57.742935+00:00,2026-08-26T13:31:20.715209+00:00,control_execute,"{""action_type"": ""retry_charge"", ""attempt"": 1, ""cost_paise"": 300, ""detail"": ""charge declined: card_expired"", ""succeeded"": false}"
d1279bf6-45f9-4d24-9a79-00407febaefd,sub_0165,2026-08-26T17:52:21.376631+00:00,2026-08-26T07:34:24.973876+00:00,control_execute,"{""action_type"": ""retry_charge"", ""attempt"": 1, ""cost_paise"": 300, ""detail"": ""charge declined: subscription_cancelled"", ""succeeded"": false}"
59c495ab-ef88-42bf-bec8-69fdeb0cde3d,sub_0165,2026-08-26T17:52:21.376631+00:00,2026-08-26T13:31:20.715652+00:00,control_execute,"{""action_type"": ""retry_charge"", ""attempt"": 1, ""cost_paise"": 300, ""detail"": ""charge declined: subscription_cancelled"", ""succeeded"": false}"
dd966ae9-a78b-4b6e-8289-e1ef6775f2cd,sub_0133,2026-08-26T17:59:05.697012+00:00,2026-08-26T07:34:24.974262+00:00,control_execute,"{""action_type"": ""retry_charge"", ""attempt"": 1, ""cost_paise"": 300, ""detail"": ""charge declined: card_declined"", ""succeeded"": false}"
0bb772fb-bb6b-48ec-b786-ba3c659423a3,sub_0133,2026-08-26T17:59:05.697012+00:00,2026-08-26T13:31:20.716191+00:00,control_execute,"{""action_type"": ""retry_charge"", ""attempt"": 1, ""cost_paise"": 300, ""detail"": ""charge declined: card_declined"", ""succeeded"": false}"
c53e9507-8869-4ed0-9040-5689ee660b5c,sub_0114,2026-08-26T18:09:36.825445+00:00,2026-08-26T07:34:24.929132+00:00,ingest,"{""attempt_number"": 1, ""error_reason"": ""payment_risk_check_failed"", ""error_source"": ""gateway"", ""error_step"": ""payment_authorization"", ""event_id"": ""evt_0114"", ""invoice_id"": ""inv_0114"", ""occurred_at"": ""2026-08-26T18:09:36.825445Z"", ""source"": ""cohort"", ""subscription_id"": ""sub_0114""}"
c5d3e266-2f67-4915-bf3b-6c65d3c784d8,sub_0114,2026-08-26T18:09:36.825445+00:00,2026-08-26T13:31:20.670121+00:00,ingest,"{""attempt_number"": 1, ""error_reason"": ""payment_risk_check_failed"", ""error_source"": ""gateway"", ""error_step"": ""payment_authorization"", ""event_id"": ""evt_0114"", ""invoice_id"": ""inv_0114"", ""occurred_at"": ""2026-08-26T18:09:36.825445Z"", ""source"": ""cohort"", ""subscription_id"": ""sub_0114""}"
b88061cd-9592-444d-a29e-1798f52315f2,sub_0094,2026-08-26T18:22:05.228735+00:00,2026-08-26T07:34:24.929607+00:00,ingest,"{""attempt_number"": 1, ""error_reason"": ""insufficient_funds"", ""error_source"": ""bank"", ""error_step"": ""payment_authorization"", ""event_id"": ""evt_0094"", ""invoice_id"": ""inv_0094"", ""occurred_at"": ""2026-08-26T18:22:05.228735Z"", ""source"": ""cohort"", ""subscription_id"": ""sub_0094""}"
cffd9dce-12ec-4cae-9c0a-63ed32bc83aa,sub_0094,2026-08-26T18:22:05.228735+00:00,2026-08-26T13:31:20.670656+00:00,ingest,"{""attempt_number"": 1, ""error_reason"": ""insufficient_funds"", ""error_source"": ""bank"", ""error_step"": ""payment_authorization"", ""event_id"": ""evt_0094"", ""invoice_id"": ""inv_0094"", ""occurred_at"": ""2026-08-26T18:22:05.228735Z"", ""source"": ""cohort"", ""subscription_id"": ""sub_0094""}"
66809cf4-bf89-44f1-bd9b-7b37c9fb32a9,sub_0074,2026-08-26T18:28:19.258533+00:00,2026-08-26T07:34:24.974695+00:00,control_execute,"{""action_type"": ""retry_charge"", ""attempt"": 1, ""cost_paise"": 300, ""detail"": ""charge succeeded"", ""succeeded"": true}"
0fccf243-c4fa-4b4e-90ed-c60409d53263,sub_0074,2026-08-26T18:28:19.258533+00:00,2026-08-26T13:31:20.716632+00:00,control_execute,"{""action_type"": ""retry_charge"", ""attempt"": 1, ""cost_paise"": 300, ""detail"": ""charge succeeded"", ""succeeded"": true}"
136c61b6-e45d-4041-a060-771ebcd86788,sub_0018,2026-08-26T18:32:00.822393+00:00,2026-08-26T07:34:24.930138+00:00,ingest,"{""attempt_number"": 1, ""error_reason"": ""payment_risk_check_failed"", ""error_source"": ""gateway"", ""error_step"": ""payment_authorization"", ""event_id"": ""evt_0018"", ""invoice_id"": ""inv_0018"", ""occurred_at"": ""2026-08-26T18:32:00.822393Z"", ""source"": ""cohort"", ""subscription_id"": ""sub_0018""}"
acc2e6e0-da33-4137-a5f1-9376c2ee4a06,sub_0018,2026-08-26T18:32:00.822393+00:00,2026-08-26T13:31:20.671234+00:00,ingest,"{""attempt_number"": 1, ""error_reason"": ""payment_risk_check_failed"", ""error_source"": ""gateway"", ""error_step"": ""payment_authorization"", ""event_id"": ""evt_0018"", ""invoice_id"": ""inv_0018"", ""occurred_at"": ""2026-08-26T18:32:00.822393Z"", ""source"": ""cohort"", ""subscription_id"": ""sub_0018""}"
4a9c99eb-d9b7-4a4a-bcdf-9623ecb2f49c,sub_0178,2026-08-26T18:32:51.135484+00:00,2026-08-26T07:34:24.975188+00:00,control_execute,"{""action_type"": ""retry_charge"", ""attempt"": 1, ""cost_paise"": 300, ""detail"": ""charge declined: card_expired"", ""succeeded"": false}"
b40f2ad8-5892-4b63-9f15-178270717431,sub_0178,2026-08-26T18:32:51.135484+00:00,2026-08-26T13:31:20.717130+00:00,control_execute,"{""action_type"": ""retry_charge"", ""attempt"": 1, ""cost_paise"": 300, ""detail"": ""charge declined: card_expired"", ""succeeded"": false}"
ff885a8b-7bed-413d-b65b-25c3173a2f03,sub_0126,2026-08-26T18:40:17.250022+00:00,2026-08-26T07:34:24.930609+00:00,ingest,"{""attempt_number"": 1, ""error_reason"": ""insufficient_funds"", ""error_source"": ""bank"", ""error_step"": ""payment_authorization"", ""event_id"": ""evt_0126"", ""invoice_id"": ""inv_0126"", ""occurred_at"": ""2026-08-26T18:40:17.250022Z"", ""source"": ""cohort"", ""subscription_id"": ""sub_0126""}"
1d4e15b6-da17-4dbf-b63a-ccf4676574a5,sub_0126,2026-08-26T18:40:17.250022+00:00,2026-08-26T13:31:20.671792+00:00,ingest,"{""attempt_number"": 1, ""error_reason"": ""insufficient_funds"", ""error_source"": ""bank"", ""error_step"": ""payment_authorization"", ""event_id"": ""evt_0126"", ""invoice_id"": ""inv_0126"", ""occurred_at"": ""2026-08-26T18:40:17.250022Z"", ""source"": ""cohort"", ""subscription_id"": ""sub_0126""}"
2c044e1a-f8d0-435a-8d1a-302d9d24788a,sub_0019,2026-08-26T19:15:47.581086+00:00,2026-08-26T07:34:24.931036+00:00,ingest,"{""attempt_number"": 1, ""error_reason"": ""insufficient_funds"", ""error_source"": ""bank"", ""error_step"": ""payment_authorization"", ""event_id"": ""evt_0019"", ""invoice_id"": ""inv_0019"", ""occurred_at"": ""2026-08-26T19:15:47.581086Z"", ""source"": ""cohort"", ""subscription_id"": ""sub_0019""}"
86356a44-d7f7-4861-8c88-3f683a21f055,sub_0019,2026-08-26T19:15:47.581086+00:00,2026-08-26T13:31:20.672430+00:00,ingest,"{""attempt_number"": 1, ""error_reason"": ""insufficient_funds"", ""error_source"": ""bank"", ""error_step"": ""payment_authorization"", ""event_id"": ""evt_0019"", ""invoice_id"": ""inv_0019"", ""occurred_at"": ""2026-08-26T19:15:47.581086Z"", ""source"": ""cohort"", ""subscription_id"": ""sub_0019""}"
bee5dea7-b048-4e64-a1b8-86adfba00599,sub_0009,2026-08-26T19:16:41.574768+00:00,2026-08-26T07:34:24.931429+00:00,ingest,"{""attempt_number"": 1, ""error_reason"": ""bank_technical_error"", ""error_source"": ""bank"", ""error_step"": ""payment_authorization"", ""event_id"": ""evt_0009"", ""invoice_id"": ""inv_0009"", ""occurred_at"": ""2026-08-26T19:16:41.574768Z"", ""source"": ""cohort"", ""subscription_id"": ""sub_0009""}"
7b471bd4-606e-462e-b407-677684d455f8,sub_0009,2026-08-26T19:16:41.574768+00:00,2026-08-26T13:31:20.673029+00:00,ingest,"{""attempt_number"": 1, ""error_reason"": ""bank_technical_error"", ""error_source"": ""bank"", ""error_step"": ""payment_authorization"", ""event_id"": ""evt_0009"", ""invoice_id"": ""inv_0009"", ""occurred_at"": ""2026-08-26T19:16:41.574768Z"", ""source"": ""cohort"", ""subscription_id"": ""sub_0009""}"
2656ffdb-e506-4e55-a40f-883da175204a,sub_0186,2026-08-26T19:21:56.526564+00:00,2026-08-26T07:34:24.931797+00:00,ingest,"{""attempt_number"": 1, ""error_reason"": ""card_declined"", ""error_source"": ""issuer"", ""error_step"": ""payment_authorization"", ""event_id"": ""evt_0186"", ""invoice_id"": ""inv_0186"", ""occurred_at"": ""2026-08-26T19:21:56.526564Z"", ""source"": ""cohort"", ""subscription_id"": ""sub_0186""}"
7ceea8c9-703c-4e89-b30c-c090c24f0ed0,sub_0186,2026-08-26T19:21:56.526564+00:00,2026-08-26T13:31:20.673450+00:00,ingest,"{""attempt_number"": 1, ""error_reason"": ""card_declined"", ""error_source"": ""issuer"", ""error_step"": ""payment_authorization"", ""event_id"": ""evt_0186"", ""invoice_id"": ""inv_0186"", ""occurred_at"": ""2026-08-26T19:21:56.526564Z"", ""source"": ""cohort"", ""subscription_id"": ""sub_0186""}"
489b3af4-98a0-4ec5-bb0c-a985b9217ff6,sub_0087,2026-08-26T19:22:12.199646+00:00,2026-08-26T07:34:24.932227+00:00,ingest,"{""attempt_number"": 1, ""error_reason"": ""insufficient_funds"", ""error_source"": ""bank"", ""error_step"": ""payment_authorization"", ""event_id"": ""evt_0087"", ""invoice_id"": ""inv_0087"", ""occurred_at"": ""2026-08-26T19:22:12.199646Z"", ""source"": ""cohort"", ""subscription_id"": ""sub_0087""}"
68bd1374-c413-418f-a2d2-030e468e56eb,sub_0087,2026-08-26T19:22:12.199646+00:00,2026-08-26T13:31:20.673844+00:00,ingest,"{""attempt_number"": 1, ""error_reason"": ""insufficient_funds"", ""error_source"": ""bank"", ""error_step"": ""payment_authorization"", ""event_id"": ""evt_0087"", ""invoice_id"": ""inv_0087"", ""occurred_at"": ""2026-08-26T19:22:12.199646Z"", ""source"": ""cohort"", ""subscription_id"": ""sub_0087""}"
a6297477-728f-4750-871a-0666ee169043,sub_0149,2026-08-26T19:28:06.523626+00:00,2026-08-26T07:34:24.932684+00:00,ingest,"{""attempt_number"": 1, ""error_reason"": ""card_expired"", ""error_source"": ""issuer"", ""error_step"": ""payment_authentication"", ""event_id"": ""evt_0149"", ""invoice_id"": ""inv_0149"", ""occurred_at"": ""2026-08-26T19:28:06.523626Z"", ""source"": ""cohort"", ""subscription_id"": ""sub_0149""}"
7afaffd4-6dfd-4c16-b571-3271d61cece8,sub_0149,2026-08-26T19:28:06.523626+00:00,2026-08-26T13:31:20.674598+00:00,ingest,"{""attempt_number"": 1, ""error_reason"": ""card_expired"", ""error_source"": ""issuer"", ""error_step"": ""payment_authentication"", ""event_id"": ""evt_0149"", ""invoice_id"": ""inv_0149"", ""occurred_at"": ""2026-08-26T19:28:06.523626Z"", ""source"": ""cohort"", ""subscription_id"": ""sub_0149""}"
1b360b32-69de-43fa-813d-6e0269f920c3,sub_0025,2026-08-26T19:29:06.514503+00:00,2026-08-26T07:34:24.933133+00:00,ingest,"{""attempt_number"": 1, ""error_reason"": ""card_declined"", ""error_source"": ""issuer"", ""error_step"": ""payment_authorization"", ""event_id"": ""evt_0025"", ""invoice_id"": ""inv_0025"", ""occurred_at"": ""2026-08-26T19:29:06.514503Z"", ""source"": ""cohort"", ""subscription_id"": ""sub_0025""}"
2b3173a0-4a89-4bbd-969b-0f4cecb9c758,sub_0025,2026-08-26T19:29:06.514503+00:00,2026-08-26T13:31:20.675034+00:00,ingest,"{""attempt_number"": 1, ""error_reason"": ""card_declined"", ""error_source"": ""issuer"", ""error_step"": ""payment_authorization"", ""event_id"": ""evt_0025"", ""invoice_id"": ""inv_0025"", ""occurred_at"": ""2026-08-26T19:29:06.514503Z"", ""source"": ""cohort"", ""subscription_id"": ""sub_0025""}"
7991b208-2690-43d9-aa22-1d6bc4a6e233,sub_0195,2026-08-26T19:32:42.780377+00:00,2026-08-26T07:34:24.933528+00:00,ingest,"{""attempt_number"": 1, ""error_reason"": ""card_expired"", ""error_source"": ""issuer"", ""error_step"": ""payment_authentication"", ""event_id"": ""evt_0195"", ""invoice_id"": ""inv_0195"", ""occurred_at"": ""2026-08-26T19:32:42.780377Z"", ""source"": ""cohort"", ""subscription_id"": ""sub_0195""}"
637684e0-e94a-4979-8bd2-0a18fc411929,sub_0195,2026-08-26T19:32:42.780377+00:00,2026-08-26T13:31:20.675517+00:00,ingest,"{""attempt_number"": 1, ""error_reason"": ""card_expired"", ""error_source"": ""issuer"", ""error_step"": ""payment_authentication"", ""event_id"": ""evt_0195"", ""invoice_id"": ""inv_0195"", ""occurred_at"": ""2026-08-26T19:32:42.780377Z"", ""source"": ""cohort"", ""subscription_id"": ""sub_0195""}"
23efba9b-5cd9-4951-8d8a-932c5414b5d9,sub_0197,2026-08-26T19:44:40.759296+00:00,2026-08-26T07:34:24.975703+00:00,control_execute,"{""action_type"": ""retry_charge"", ""attempt"": 1, ""cost_paise"": 300, ""detail"": ""charge declined: insufficient_funds"", ""succeeded"": false}"
effbb997-f402-4f51-afd9-efd421735390,sub_0197,2026-08-26T19:44:40.759296+00:00,2026-08-26T13:31:20.717577+00:00,control_execute,"{""action_type"": ""retry_charge"", ""attempt"": 1, ""cost_paise"": 300, ""detail"": ""charge declined: insufficient_funds"", ""succeeded"": false}"
e3eb1184-f01d-4a49-b292-3f8e90bf66df,sub_0095,2026-08-26T19:46:23.397508+00:00,2026-08-26T07:34:24.976224+00:00,control_execute,"{""action_type"": ""retry_charge"", ""attempt"": 1, ""cost_paise"": 300, ""detail"": ""charge declined: insufficient_funds"", ""succeeded"": false}"
582f4a83-4142-4944-87f1-d168fb5164a3,sub_0095,2026-08-26T19:46:23.397508+00:00,2026-08-26T13:31:20.718066+00:00,control_execute,"{""action_type"": ""retry_charge"", ""attempt"": 1, ""cost_paise"": 300, ""detail"": ""charge declined: insufficient_funds"", ""succeeded"": false}"
8e6144d4-afc0-491e-aa83-bf676c76e9c2,sub_0010,2026-08-26T19:57:00.168143+00:00,2026-08-26T07:34:24.933978+00:00,ingest,"{""attempt_number"": 1, ""error_reason"": ""subscription_cancelled"", ""error_source"": ""business"", ""error_step"": ""payment_initiation"", ""event_id"": ""evt_0010"", ""invoice_id"": ""inv_0010"", ""occurred_at"": ""2026-08-26T19:57:00.168143Z"", ""source"": ""cohort"", ""subscription_id"": ""sub_0010""}"
81eae18c-8b2f-44b6-949c-2286e60ccb8b,sub_0010,2026-08-26T19:57:00.168143+00:00,2026-08-26T13:31:20.676009+00:00,ingest,"{""attempt_number"": 1, ""error_reason"": ""subscription_cancelled"", ""error_source"": ""business"", ""error_step"": ""payment_initiation"", ""event_id"": ""evt_0010"", ""invoice_id"": ""inv_0010"", ""occurred_at"": ""2026-08-26T19:57:00.168143Z"", ""source"": ""cohort"", ""subscription_id"": ""sub_0010""}"
11801b0d-8463-46d9-bb79-81722ddcc29b,sub_0042,2026-08-26T20:25:32.325183+00:00,2026-08-26T07:34:24.934400+00:00,ingest,"{""attempt_number"": 1, ""error_reason"": ""subscription_cancelled"", ""error_source"": ""business"", ""error_step"": ""payment_initiation"", ""event_id"": ""evt_0042"", ""invoice_id"": ""inv_0042"", ""occurred_at"": ""2026-08-26T20:25:32.325183Z"", ""source"": ""cohort"", ""subscription_id"": ""sub_0042""}"
8d2e2c7b-eb0d-4d71-aa97-16773922fdc8,sub_0042,2026-08-26T20:25:32.325183+00:00,2026-08-26T13:31:20.676569+00:00,ingest,"{""attempt_number"": 1, ""error_reason"": ""subscription_cancelled"", ""error_source"": ""business"", ""error_step"": ""payment_initiation"", ""event_id"": ""evt_0042"", ""invoice_id"": ""inv_0042"", ""occurred_at"": ""2026-08-26T20:25:32.325183Z"", ""source"": ""cohort"", ""subscription_id"": ""sub_0042""}"
46ded04f-1f65-441d-9844-89876d1f3ade,sub_0049,2026-08-26T20:27:26.526568+00:00,2026-08-26T07:34:24.976689+00:00,control_execute,"{""action_type"": ""retry_charge"", ""attempt"": 1, ""cost_paise"": 300, ""detail"": ""charge succeeded"", ""succeeded"": true}"
1f2ff78e-95da-4d5f-b100-8c2ef0d5c833,sub_0049,2026-08-26T20:27:26.526568+00:00,2026-08-26T13:31:20.718567+00:00,control_execute,"{""action_type"": ""retry_charge"", ""attempt"": 1, ""cost_paise"": 300, ""detail"": ""charge succeeded"", ""succeeded"": true}"
ee9c72af-4718-4530-82e9-0abac08d07aa,sub_0044,2026-08-26T21:03:13.929670+00:00,2026-08-26T07:34:24.977158+00:00,control_execute,"{""action_type"": ""retry_charge"", ""attempt"": 1, ""cost_paise"": 300, ""detail"": ""charge declined: insufficient_funds"", ""succeeded"": false}"
25f8e924-03d6-4d6c-9b39-1fb13c86c00f,sub_0044,2026-08-26T21:03:13.929670+00:00,2026-08-26T13:31:20.719121+00:00,control_execute,"{""action_type"": ""retry_charge"", ""attempt"": 1, ""cost_paise"": 300, ""detail"": ""charge declined: insufficient_funds"", ""succeeded"": false}"
ce1175ce-b6d9-4aee-8ecd-6daeb0ff459f,sub_0110,2026-08-26T21:08:20.435015+00:00,2026-08-26T07:34:24.977670+00:00,control_execute,"{""action_type"": ""retry_charge"", ""attempt"": 1, ""cost_paise"": 300, ""detail"": ""charge declined: card_expired"", ""succeeded"": false}"
813db02f-26bb-4edd-92e2-1639e6621eb4,sub_0110,2026-08-26T21:08:20.435015+00:00,2026-08-26T13:31:20.719767+00:00,control_execute,"{""action_type"": ""retry_charge"", ""attempt"": 1, ""cost_paise"": 300, ""detail"": ""charge declined: card_expired"", ""succeeded"": false}"
c8512345-485f-4683-bb3e-169af2abeabe,sub_0198,2026-08-26T21:24:58.754175+00:00,2026-08-26T07:34:24.978137+00:00,control_execute,"{""action_type"": ""retry_charge"", ""attempt"": 1, ""cost_paise"": 300, ""detail"": ""charge succeeded"", ""succeeded"": true}"
4d6b4421-29f9-4a26-abe7-2ca183b53b92,sub_0198,2026-08-26T21:24:58.754175+00:00,2026-08-26T13:31:20.720403+00:00,control_execute,"{""action_type"": ""retry_charge"", ""attempt"": 1, ""cost_paise"": 300, ""detail"": ""charge succeeded"", ""succeeded"": true}"
bfc6bfcd-6220-4f37-9a29-17feede1ed2a,sub_0002,2026-08-26T21:26:56.373676+00:00,2026-08-26T07:34:24.978587+00:00,control_execute,"{""action_type"": ""retry_charge"", ""attempt"": 1, ""cost_paise"": 300, ""detail"": ""charge declined: subscription_cancelled"", ""succeeded"": false}"
c8a5bcdb-697c-4888-aec5-c0b87baecf64,sub_0002,2026-08-26T21:26:56.373676+00:00,2026-08-26T13:31:20.720903+00:00,control_execute,"{""action_type"": ""retry_charge"", ""attempt"": 1, ""cost_paise"": 300, ""detail"": ""charge declined: subscription_cancelled"", ""succeeded"": false}"
5512358d-6485-41e2-ac13-4da67e83fa2b,sub_0119,2026-08-26T21:49:59.352231+00:00,2026-08-26T07:34:24.979028+00:00,control_execute,"{""action_type"": ""retry_charge"", ""attempt"": 1, ""cost_paise"": 300, ""detail"": ""charge declined: card_declined"", ""succeeded"": false}"
fbb21b78-f382-433c-a97c-960741a92b5e,sub_0119,2026-08-26T21:49:59.352231+00:00,2026-08-26T13:31:20.721369+00:00,control_execute,"{""action_type"": ""retry_charge"", ""attempt"": 1, ""cost_paise"": 300, ""detail"": ""charge declined: card_declined"", ""succeeded"": false}"
029c1dfd-707a-4642-a784-ec4173412ddc,sub_0023,2026-08-26T21:54:07.238122+00:00,2026-08-26T07:34:24.934825+00:00,ingest,"{""attempt_number"": 1, ""error_reason"": ""insufficient_funds"", ""error_source"": ""bank"", ""error_step"": ""payment_authorization"", ""event_id"": ""evt_0023"", ""invoice_id"": ""inv_0023"", ""occurred_at"": ""2026-08-26T21:54:07.238122Z"", ""source"": ""cohort"", ""subscription_id"": ""sub_0023""}"
c4a87d01-e99b-4202-a082-c3fdee1ef92e,sub_0023,2026-08-26T21:54:07.238122+00:00,2026-08-26T13:31:20.676975+00:00,ingest,"{""attempt_number"": 1, ""error_reason"": ""insufficient_funds"", ""error_source"": ""bank"", ""error_step"": ""payment_authorization"", ""event_id"": ""evt_0023"", ""invoice_id"": ""inv_0023"", ""occurred_at"": ""2026-08-26T21:54:07.238122Z"", ""source"": ""cohort"", ""subscription_id"": ""sub_0023""}"
df41df7a-d0ab-4d73-919b-a54372fa2d3e,sub_0163,2026-08-26T21:59:00.242430+00:00,2026-08-26T07:34:24.979581+00:00,control_execute,"{""action_type"": ""retry_charge"", ""attempt"": 1, ""cost_paise"": 300, ""detail"": ""charge declined: payment_risk_check_failed"", ""succeeded"": false}"
5abd367e-47b4-4560-8114-9167a68211bd,sub_0163,2026-08-26T21:59:00.242430+00:00,2026-08-26T13:31:20.722207+00:00,control_execute,"{""action_type"": ""retry_charge"", ""attempt"": 1, ""cost_paise"": 300, ""detail"": ""charge declined: payment_risk_check_failed"", ""succeeded"": false}"
421285ac-d09e-42e8-a1ef-476dc1acd357,sub_0125,2026-08-26T22:09:42.546440+00:00,2026-08-26T07:34:24.935260+00:00,ingest,"{""attempt_number"": 1, ""error_reason"": ""insufficient_funds"", ""error_source"": ""bank"", ""error_step"": ""payment_authorization"", ""event_id"": ""evt_0125"", ""invoice_id"": ""inv_0125"", ""occurred_at"": ""2026-08-26T22:09:42.546440Z"", ""source"": ""cohort"", ""subscription_id"": ""sub_0125""}"
c9e664d4-9b66-413e-92dc-f300251e646c,sub_0125,2026-08-26T22:09:42.546440+00:00,2026-08-26T13:31:20.677387+00:00,ingest,"{""attempt_number"": 1, ""error_reason"": ""insufficient_funds"", ""error_source"": ""bank"", ""error_step"": ""payment_authorization"", ""event_id"": ""evt_0125"", ""invoice_id"": ""inv_0125"", ""occurred_at"": ""2026-08-26T22:09:42.546440Z"", ""source"": ""cohort"", ""subscription_id"": ""sub_0125""}"
b38f100c-6330-4dcb-b181-0c0db73f9547,sub_0013,2026-08-26T22:23:26.462809+00:00,2026-08-26T07:34:24.935685+00:00,ingest,"{""attempt_number"": 1, ""error_reason"": ""insufficient_funds"", ""error_source"": ""bank"", ""error_step"": ""payment_authorization"", ""event_id"": ""evt_0013"", ""invoice_id"": ""inv_0013"", ""occurred_at"": ""2026-08-26T22:23:26.462809Z"", ""source"": ""cohort"", ""subscription_id"": ""sub_0013""}"
e034019d-fc5b-4e6f-8f88-9d4638e012f2,sub_0013,2026-08-26T22:23:26.462809+00:00,2026-08-26T13:31:20.677840+00:00,ingest,"{""attempt_number"": 1, ""error_reason"": ""insufficient_funds"", ""error_source"": ""bank"", ""error_step"": ""payment_authorization"", ""event_id"": ""evt_0013"", ""invoice_id"": ""inv_0013"", ""occurred_at"": ""2026-08-26T22:23:26.462809Z"", ""source"": ""cohort"", ""subscription_id"": ""sub_0013""}"
2c0ec263-d519-4afb-9371-c1362dec6dbc,sub_0128,2026-08-26T22:35:22.290888+00:00,2026-08-26T07:34:24.936092+00:00,ingest,"{""attempt_number"": 1, ""error_reason"": ""bank_technical_error"", ""error_source"": ""bank"", ""error_step"": ""payment_authorization"", ""event_id"": ""evt_0128"", ""invoice_id"": ""inv_0128"", ""occurred_at"": ""2026-08-26T22:35:22.290888Z"", ""source"": ""cohort"", ""subscription_id"": ""sub_0128""}"
0a1a1866-edcd-4533-8c78-ba9c8bb2372d,sub_0128,2026-08-26T22:35:22.290888+00:00,2026-08-26T13:31:20.678257+00:00,ingest,"{""attempt_number"": 1, ""error_reason"": ""bank_technical_error"", ""error_source"": ""bank"", ""error_step"": ""payment_authorization"", ""event_id"": ""evt_0128"", ""invoice_id"": ""inv_0128"", ""occurred_at"": ""2026-08-26T22:35:22.290888Z"", ""source"": ""cohort"", ""subscription_id"": ""sub_0128""}"
2009506d-d86c-4bbd-a5cd-55307961c950,sub_0020,2026-08-26T22:40:40.649431+00:00,2026-08-26T07:34:24.980068+00:00,control_execute,"{""action_type"": ""retry_charge"", ""attempt"": 1, ""cost_paise"": 300, ""detail"": ""charge succeeded"", ""succeeded"": true}"
014b5d09-6db4-41ba-8d42-846be20bebef,sub_0020,2026-08-26T22:40:40.649431+00:00,2026-08-26T13:31:20.722777+00:00,control_execute,"{""action_type"": ""retry_charge"", ""attempt"": 1, ""cost_paise"": 300, ""detail"": ""charge succeeded"", ""succeeded"": true}"
5873ab0b-4832-481d-a465-eb2aba578a3f,sub_0055,2026-08-26T22:46:34.798864+00:00,2026-08-26T07:34:24.936477+00:00,ingest,"{""attempt_number"": 1, ""error_reason"": ""card_expired"", ""error_source"": ""issuer"", ""error_step"": ""payment_authentication"", ""event_id"": ""evt_0055"", ""invoice_id"": ""inv_0055"", ""occurred_at"": ""2026-08-26T22:46:34.798864Z"", ""source"": ""cohort"", ""subscription_id"": ""sub_0055""}"
f09ebd32-e950-4ac9-b61e-e995e0e61637,sub_0055,2026-08-26T22:46:34.798864+00:00,2026-08-26T13:31:20.678639+00:00,ingest,"{""attempt_number"": 1, ""error_reason"": ""card_expired"", ""error_source"": ""issuer"", ""error_step"": ""payment_authentication"", ""event_id"": ""evt_0055"", ""invoice_id"": ""inv_0055"", ""occurred_at"": ""2026-08-26T22:46:34.798864Z"", ""source"": ""cohort"", ""subscription_id"": ""sub_0055""}"
5ad4cb81-5e2f-4da6-86b7-7f352d2d6c59,sub_0038,2026-08-26T22:50:34.909306+00:00,2026-08-26T07:34:24.937044+00:00,ingest,"{""attempt_number"": 1, ""error_reason"": ""card_expired"", ""error_source"": ""issuer"", ""error_step"": ""payment_authentication"", ""event_id"": ""evt_0038"", ""invoice_id"": ""inv_0038"", ""occurred_at"": ""2026-08-26T22:50:34.909306Z"", ""source"": ""cohort"", ""subscription_id"": ""sub_0038""}"
fe77a746-2b3c-43e9-b22d-4600c4c98353,sub_0038,2026-08-26T22:50:34.909306+00:00,2026-08-26T13:31:20.678989+00:00,ingest,"{""attempt_number"": 1, ""error_reason"": ""card_expired"", ""error_source"": ""issuer"", ""error_step"": ""payment_authentication"", ""event_id"": ""evt_0038"", ""invoice_id"": ""inv_0038"", ""occurred_at"": ""2026-08-26T22:50:34.909306Z"", ""source"": ""cohort"", ""subscription_id"": ""sub_0038""}"
b66e8d34-d69e-43ed-90ad-f83b3c7a146f,sub_0145,2026-08-26T23:11:08.279881+00:00,2026-08-26T07:34:24.980525+00:00,control_execute,"{""action_type"": ""retry_charge"", ""attempt"": 1, ""cost_paise"": 300, ""detail"": ""charge declined: insufficient_funds"", ""succeeded"": false}"
b6e68c7f-2113-4793-9eec-e0eb02c6c656,sub_0145,2026-08-26T23:11:08.279881+00:00,2026-08-26T13:31:20.723342+00:00,control_execute,"{""action_type"": ""retry_charge"", ""attempt"": 1, ""cost_paise"": 300, ""detail"": ""charge declined: insufficient_funds"", ""succeeded"": false}"
273454a5-3003-41a2-9c21-e9d0d7cbd127,sub_0168,2026-08-26T23:18:48.206455+00:00,2026-08-26T07:34:24.937419+00:00,ingest,"{""attempt_number"": 1, ""error_reason"": ""insufficient_funds"", ""error_source"": ""bank"", ""error_step"": ""payment_authorization"", ""event_id"": ""evt_0168"", ""invoice_id"": ""inv_0168"", ""occurred_at"": ""2026-08-26T23:18:48.206455Z"", ""source"": ""cohort"", ""subscription_id"": ""sub_0168""}"
36aee5cd-67f6-4b5f-ae26-c22a3424078e,sub_0168,2026-08-26T23:18:48.206455+00:00,2026-08-26T13:31:20.679417+00:00,ingest,"{""attempt_number"": 1, ""error_reason"": ""insufficient_funds"", ""error_source"": ""bank"", ""error_step"": ""payment_authorization"", ""event_id"": ""evt_0168"", ""invoice_id"": ""inv_0168"", ""occurred_at"": ""2026-08-26T23:18:48.206455Z"", ""source"": ""cohort"", ""subscription_id"": ""sub_0168""}"
5237af02-5526-48d2-bef8-67ae31026272,sub_0105,2026-08-26T23:20:23.524732+00:00,2026-08-26T07:34:24.937837+00:00,ingest,"{""attempt_number"": 1, ""error_reason"": ""payment_risk_check_failed"", ""error_source"": ""gateway"", ""error_step"": ""payment_authorization"", ""event_id"": ""evt_0105"", ""invoice_id"": ""inv_0105"", ""occurred_at"": ""2026-08-26T23:20:23.524732Z"", ""source"": ""cohort"", ""subscription_id"": ""sub_0105""}"
78cf561b-6cec-475f-a96e-3f98cb414b94,sub_0105,2026-08-26T23:20:23.524732+00:00,2026-08-26T13:31:20.679852+00:00,ingest,"{""attempt_number"": 1, ""error_reason"": ""payment_risk_check_failed"", ""error_source"": ""gateway"", ""error_step"": ""payment_authorization"", ""event_id"": ""evt_0105"", ""invoice_id"": ""inv_0105"", ""occurred_at"": ""2026-08-26T23:20:23.524732Z"", ""source"": ""cohort"", ""subscription_id"": ""sub_0105""}"
64368329-2c66-4b23-a73f-126f0b5de4d9,sub_0007,2026-08-26T23:27:39.051564+00:00,2026-08-26T07:34:24.980973+00:00,control_execute,"{""action_type"": ""retry_charge"", ""attempt"": 1, ""cost_paise"": 300, ""detail"": ""charge succeeded"", ""succeeded"": true}"
b3e2064d-7e43-4ebc-b759-3d100a3be2b7,sub_0007,2026-08-26T23:27:39.051564+00:00,2026-08-26T13:31:20.723913+00:00,control_execute,"{""action_type"": ""retry_charge"", ""attempt"": 1, ""cost_paise"": 300, ""detail"": ""charge succeeded"", ""succeeded"": true}"
f545e55e-a720-467a-9689-5ca9fa88e5ce,sub_0193,2026-08-26T23:37:23.504793+00:00,2026-08-26T07:34:24.981403+00:00,control_execute,"{""action_type"": ""retry_charge"", ""attempt"": 1, ""cost_paise"": 300, ""detail"": ""charge declined: card_expired"", ""succeeded"": false}"
67e3e877-85fe-4b84-9333-8d9212e31842,sub_0193,2026-08-26T23:37:23.504793+00:00,2026-08-26T13:31:20.724597+00:00,control_execute,"{""action_type"": ""retry_charge"", ""attempt"": 1, ""cost_paise"": 300, ""detail"": ""charge declined: card_expired"", ""succeeded"": false}"
5c40f4c7-c609-4163-a431-2c107a538a8e,sub_0058,2026-08-26T23:42:01.354948+00:00,2026-08-26T07:34:24.938191+00:00,ingest,"{""attempt_number"": 1, ""error_reason"": ""insufficient_funds"", ""error_source"": ""bank"", ""error_step"": ""payment_authorization"", ""event_id"": ""evt_0058"", ""invoice_id"": ""inv_0058"", ""occurred_at"": ""2026-08-26T23:42:01.354948Z"", ""source"": ""cohort"", ""subscription_id"": ""sub_0058""}"
450eede4-de6f-496e-ab2f-9ccb8189d941,sub_0058,2026-08-26T23:42:01.354948+00:00,2026-08-26T13:31:20.680267+00:00,ingest,"{""attempt_number"": 1, ""error_reason"": ""insufficient_funds"", ""error_source"": ""bank"", ""error_step"": ""payment_authorization"", ""event_id"": ""evt_0058"", ""invoice_id"": ""inv_0058"", ""occurred_at"": ""2026-08-26T23:42:01.354948Z"", ""source"": ""cohort"", ""subscription_id"": ""sub_0058""}"
768d706e-7461-45a0-ad81-2a2b2008c5fc,sub_0048,2026-08-26T23:52:50.884967+00:00,2026-08-26T07:34:24.981830+00:00,control_execute,"{""action_type"": ""retry_charge"", ""attempt"": 1, ""cost_paise"": 300, ""detail"": ""charge declined: card_declined"", ""succeeded"": false}"
a5cbc8dd-f8c4-4aa6-ba89-be911f8d00c8,sub_0048,2026-08-26T23:52:50.884967+00:00,2026-08-26T13:31:20.725037+00:00,control_execute,"{""action_type"": ""retry_charge"", ""attempt"": 1, ""cost_paise"": 300, ""detail"": ""charge declined: card_declined"", ""succeeded"": false}"
53ebdcb8-0bf3-4782-8794-17ce3c6e17cf,sub_0067,2026-08-26T23:53:21.156693+00:00,2026-08-26T07:34:24.938577+00:00,ingest,"{""attempt_number"": 1, ""error_reason"": ""payment_risk_check_failed"", ""error_source"": ""gateway"", ""error_step"": ""payment_authorization"", ""event_id"": ""evt_0067"", ""invoice_id"": ""inv_0067"", ""occurred_at"": ""2026-08-26T23:53:21.156693Z"", ""source"": ""cohort"", ""subscription_id"": ""sub_0067""}"
93de986e-6500-40e1-83bc-48f382dec32f,sub_0067,2026-08-26T23:53:21.156693+00:00,2026-08-26T13:31:20.680668+00:00,ingest,"{""attempt_number"": 1, ""error_reason"": ""payment_risk_check_failed"", ""error_source"": ""gateway"", ""error_step"": ""payment_authorization"", ""event_id"": ""evt_0067"", ""invoice_id"": ""inv_0067"", ""occurred_at"": ""2026-08-26T23:53:21.156693Z"", ""source"": ""cohort"", ""subscription_id"": ""sub_0067""}"
52e790cc-5ce1-4a5d-820d-ec65b4a3f472,sub_0073,2026-08-26T23:57:16.084133+00:00,2026-08-26T07:34:24.939000+00:00,ingest,"{""attempt_number"": 1, ""error_reason"": ""insufficient_funds"", ""error_source"": ""bank"", ""error_step"": ""payment_authorization"", ""event_id"": ""evt_0073"", ""invoice_id"": ""inv_0073"", ""occurred_at"": ""2026-08-26T23:57:16.084133Z"", ""source"": ""cohort"", ""subscription_id"": ""sub_0073""}"
3c3b73dc-61b4-4220-889b-a4491866e5b7,sub_0073,2026-08-26T23:57:16.084133+00:00,2026-08-26T13:31:20.681076+00:00,ingest,"{""attempt_number"": 1, ""error_reason"": ""insufficient_funds"", ""error_source"": ""bank"", ""error_step"": ""payment_authorization"", ""event_id"": ""evt_0073"", ""invoice_id"": ""inv_0073"", ""occurred_at"": ""2026-08-26T23:57:16.084133Z"", ""source"": ""cohort"", ""subscription_id"": ""sub_0073""}"
ceb78ffe-7404-46b6-b130-c8c2b1d0ee86,sub_0099,2026-08-26T23:57:28.074001+00:00,2026-08-26T07:34:24.939439+00:00,ingest,"{""attempt_number"": 1, ""error_reason"": ""bank_technical_error"", ""error_source"": ""bank"", ""error_step"": ""payment_authorization"", ""event_id"": ""evt_0099"", ""invoice_id"": ""inv_0099"", ""occurred_at"": ""2026-08-26T23:57:28.074001Z"", ""source"": ""cohort"", ""subscription_id"": ""sub_0099""}"
23845827-709f-403b-8a84-c16e7243deb8,sub_0099,2026-08-26T23:57:28.074001+00:00,2026-08-26T13:31:20.681603+00:00,ingest,"{""attempt_number"": 1, ""error_reason"": ""bank_technical_error"", ""error_source"": ""bank"", ""error_step"": ""payment_authorization"", ""event_id"": ""evt_0099"", ""invoice_id"": ""inv_0099"", ""occurred_at"": ""2026-08-26T23:57:28.074001Z"", ""source"": ""cohort"", ""subscription_id"": ""sub_0099""}"
10d1e492-e95f-4c40-94a2-9dee26a9e474,sub_0135,2026-08-27T00:02:38.415792+00:00,2026-08-26T07:34:24.982322+00:00,control_execute,"{""action_type"": ""retry_charge"", ""attempt"": 1, ""cost_paise"": 300, ""detail"": ""charge succeeded"", ""succeeded"": true}"
1fbbe6a2-c501-4bb0-9151-6de10bea0fdb,sub_0135,2026-08-27T00:02:38.415792+00:00,2026-08-26T13:31:20.725527+00:00,control_execute,"{""action_type"": ""retry_charge"", ""attempt"": 1, ""cost_paise"": 300, ""detail"": ""charge succeeded"", ""succeeded"": true}"
f6b6d9d9-f0fe-4224-b588-1bd7cfed61f7,sub_0056,2026-08-27T00:07:36.346501+00:00,2026-08-26T07:34:24.982775+00:00,control_execute,"{""action_type"": ""retry_charge"", ""attempt"": 1, ""cost_paise"": 300, ""detail"": ""charge succeeded"", ""succeeded"": true}"
96973009-f92c-459a-9b71-a589247bb920,sub_0056,2026-08-27T00:07:36.346501+00:00,2026-08-26T13:31:20.725967+00:00,control_execute,"{""action_type"": ""retry_charge"", ""attempt"": 1, ""cost_paise"": 300, ""detail"": ""charge succeeded"", ""succeeded"": true}"
08a16a58-c219-4acb-b49b-2250ddbf7c9e,sub_0083,2026-08-27T00:09:46.870968+00:00,2026-08-26T07:34:24.983258+00:00,control_execute,"{""action_type"": ""retry_charge"", ""attempt"": 1, ""cost_paise"": 300, ""detail"": ""charge succeeded"", ""succeeded"": true}"
3f1035ae-e92c-44be-b941-893d10e4ca59,sub_0083,2026-08-27T00:09:46.870968+00:00,2026-08-26T13:31:20.726497+00:00,control_execute,"{""action_type"": ""retry_charge"", ""attempt"": 1, ""cost_paise"": 300, ""detail"": ""charge succeeded"", ""succeeded"": true}"
49301a42-9b71-4916-a1f8-4396d841fc2c,sub_0172,2026-08-27T00:09:55.727917+00:00,2026-08-26T07:34:24.983723+00:00,control_execute,"{""action_type"": ""retry_charge"", ""attempt"": 1, ""cost_paise"": 300, ""detail"": ""charge declined: subscription_cancelled"", ""succeeded"": false}"
d51d6468-2ceb-4deb-8370-e2833c709e66,sub_0172,2026-08-27T00:09:55.727917+00:00,2026-08-26T13:31:20.726915+00:00,control_execute,"{""action_type"": ""retry_charge"", ""attempt"": 1, ""cost_paise"": 300, ""detail"": ""charge declined: subscription_cancelled"", ""succeeded"": false}"
612d5320-f7f2-4c0c-89f9-4f3a88d47d5d,sub_0184,2026-08-27T00:30:34.707349+00:00,2026-08-26T07:34:24.984209+00:00,control_execute,"{""action_type"": ""retry_charge"", ""attempt"": 1, ""cost_paise"": 300, ""detail"": ""charge succeeded"", ""succeeded"": true}"
65d2ca0b-0780-43bc-8be2-2f81355177c6,sub_0184,2026-08-27T00:30:34.707349+00:00,2026-08-26T13:31:20.727353+00:00,control_execute,"{""action_type"": ""retry_charge"", ""attempt"": 1, ""cost_paise"": 300, ""detail"": ""charge succeeded"", ""succeeded"": true}"
99b9e2cd-10c0-4e52-b6d6-06756d8b7eb7,sub_0076,2026-08-27T00:31:40.586169+00:00,2026-08-26T07:34:24.939887+00:00,ingest,"{""attempt_number"": 1, ""error_reason"": ""card_declined"", ""error_source"": ""issuer"", ""error_step"": ""payment_authorization"", ""event_id"": ""evt_0076"", ""invoice_id"": ""inv_0076"", ""occurred_at"": ""2026-08-27T00:31:40.586169Z"", ""source"": ""cohort"", ""subscription_id"": ""sub_0076""}"
ff8baab8-958b-4bb2-ad1e-bfec3606e35f,sub_0076,2026-08-27T00:31:40.586169+00:00,2026-08-26T13:31:20.682036+00:00,ingest,"{""attempt_number"": 1, ""error_reason"": ""card_declined"", ""error_source"": ""issuer"", ""error_step"": ""payment_authorization"", ""event_id"": ""evt_0076"", ""invoice_id"": ""inv_0076"", ""occurred_at"": ""2026-08-27T00:31:40.586169Z"", ""source"": ""cohort"", ""subscription_id"": ""sub_0076""}"
eaf3c301-2683-4a20-96bc-d84fbd29a4b8,sub_0108,2026-08-27T00:44:48.652424+00:00,2026-08-26T07:34:24.940305+00:00,ingest,"{""attempt_number"": 1, ""error_reason"": ""card_declined"", ""error_source"": ""issuer"", ""error_step"": ""payment_authorization"", ""event_id"": ""evt_0108"", ""invoice_id"": ""inv_0108"", ""occurred_at"": ""2026-08-27T00:44:48.652424Z"", ""source"": ""cohort"", ""subscription_id"": ""sub_0108""}"
3d700be0-90ed-4c19-97db-0c61886bb3c3,sub_0108,2026-08-27T00:44:48.652424+00:00,2026-08-26T13:31:20.682479+00:00,ingest,"{""attempt_number"": 1, ""error_reason"": ""card_declined"", ""error_source"": ""issuer"", ""error_step"": ""payment_authorization"", ""event_id"": ""evt_0108"", ""invoice_id"": ""inv_0108"", ""occurred_at"": ""2026-08-27T00:44:48.652424Z"", ""source"": ""cohort"", ""subscription_id"": ""sub_0108""}"
78039b63-8b73-47be-b29c-b906620f5036,sub_0104,2026-08-27T01:08:12.241182+00:00,2026-08-26T07:34:24.940786+00:00,ingest,"{""attempt_number"": 1, ""error_reason"": ""insufficient_funds"", ""error_source"": ""bank"", ""error_step"": ""payment_authorization"", ""event_id"": ""evt_0104"", ""invoice_id"": ""inv_0104"", ""occurred_at"": ""2026-08-27T01:08:12.241182Z"", ""source"": ""cohort"", ""subscription_id"": ""sub_0104""}"
047de5b1-2923-429e-a7ea-cef61cec3f06,sub_0104,2026-08-27T01:08:12.241182+00:00,2026-08-26T13:31:20.682966+00:00,ingest,"{""attempt_number"": 1, ""error_reason"": ""insufficient_funds"", ""error_source"": ""bank"", ""error_step"": ""payment_authorization"", ""event_id"": ""evt_0104"", ""invoice_id"": ""inv_0104"", ""occurred_at"": ""2026-08-27T01:08:12.241182Z"", ""source"": ""cohort"", ""subscription_id"": ""sub_0104""}"
29be5ee7-3c7f-4c02-8e13-1e81e8470d2c,sub_0072,2026-08-27T01:23:05.739202+00:00,2026-08-26T07:34:24.984739+00:00,control_execute,"{""action_type"": ""retry_charge"", ""attempt"": 1, ""cost_paise"": 300, ""detail"": ""charge declined: card_expired"", ""succeeded"": false}"
7411b371-0681-4947-b9e4-57c161965477,sub_0072,2026-08-27T01:23:05.739202+00:00,2026-08-26T13:31:20.727817+00:00,control_execute,"{""action_type"": ""retry_charge"", ""attempt"": 1, ""cost_paise"": 300, ""detail"": ""charge declined: card_expired"", ""succeeded"": false}"
203cf05f-18b2-4e5c-80e4-e50549017c58,sub_0113,2026-08-27T01:29:34.550447+00:00,2026-08-26T07:34:24.941305+00:00,ingest,"{""attempt_number"": 1, ""error_reason"": ""payment_risk_check_failed"", ""error_source"": ""gateway"", ""error_step"": ""payment_authorization"", ""event_id"": ""evt_0113"", ""invoice_id"": ""inv_0113"", ""occurred_at"": ""2026-08-27T01:29:34.550447Z"", ""source"": ""cohort"", ""subscription_id"": ""sub_0113""}"
443de5f7-b942-4547-8ff4-9cfe64201417,sub_0113,2026-08-27T01:29:34.550447+00:00,2026-08-26T13:31:20.683353+00:00,ingest,"{""attempt_number"": 1, ""error_reason"": ""payment_risk_check_failed"", ""error_source"": ""gateway"", ""error_step"": ""payment_authorization"", ""event_id"": ""evt_0113"", ""invoice_id"": ""inv_0113"", ""occurred_at"": ""2026-08-27T01:29:34.550447Z"", ""source"": ""cohort"", ""subscription_id"": ""sub_0113""}"
f4b367a9-7f28-44d2-94bb-1a3a3c7d6955,sub_0046,2026-08-27T01:30:15.715508+00:00,2026-08-26T07:34:24.941786+00:00,ingest,"{""attempt_number"": 1, ""error_reason"": ""insufficient_funds"", ""error_source"": ""bank"", ""error_step"": ""payment_authorization"", ""event_id"": ""evt_0046"", ""invoice_id"": ""inv_0046"", ""occurred_at"": ""2026-08-27T01:30:15.715508Z"", ""source"": ""cohort"", ""subscription_id"": ""sub_0046""}"
6e59ccc0-a5eb-4c23-8411-dcf8b389a63c,sub_0046,2026-08-27T01:30:15.715508+00:00,2026-08-26T13:31:20.683772+00:00,ingest,"{""attempt_number"": 1, ""error_reason"": ""insufficient_funds"", ""error_source"": ""bank"", ""error_step"": ""payment_authorization"", ""event_id"": ""evt_0046"", ""invoice_id"": ""inv_0046"", ""occurred_at"": ""2026-08-27T01:30:15.715508Z"", ""source"": ""cohort"", ""subscription_id"": ""sub_0046""}"
baf26391-ea83-4280-8d06-ad0768aff1e2,sub_0041,2026-08-27T01:56:23.860318+00:00,2026-08-26T07:34:24.985194+00:00,control_execute,"{""action_type"": ""retry_charge"", ""attempt"": 1, ""cost_paise"": 300, ""detail"": ""charge succeeded"", ""succeeded"": true}"
0a1aec95-1d0d-4c76-8056-a5d703583314,sub_0041,2026-08-27T01:56:23.860318+00:00,2026-08-26T13:31:20.728239+00:00,control_execute,"{""action_type"": ""retry_charge"", ""attempt"": 1, ""cost_paise"": 300, ""detail"": ""charge succeeded"", ""succeeded"": true}"
1e60d8e5-87fc-4e18-8b79-63b5c81a79f8,sub_0082,2026-08-27T02:00:48.775923+00:00,2026-08-26T07:34:24.942239+00:00,ingest,"{""attempt_number"": 1, ""error_reason"": ""insufficient_funds"", ""error_source"": ""bank"", ""error_step"": ""payment_authorization"", ""event_id"": ""evt_0082"", ""invoice_id"": ""inv_0082"", ""occurred_at"": ""2026-08-27T02:00:48.775923Z"", ""source"": ""cohort"", ""subscription_id"": ""sub_0082""}"
1f1bd941-318b-4595-be11-35c3daae375f,sub_0082,2026-08-27T02:00:48.775923+00:00,2026-08-26T13:31:20.684181+00:00,ingest,"{""attempt_number"": 1, ""error_reason"": ""insufficient_funds"", ""error_source"": ""bank"", ""error_step"": ""payment_authorization"", ""event_id"": ""evt_0082"", ""invoice_id"": ""inv_0082"", ""occurred_at"": ""2026-08-27T02:00:48.775923Z"", ""source"": ""cohort"", ""subscription_id"": ""sub_0082""}"
7f32a9f3-6e64-44e6-8da1-0f7708c9df8b,sub_0017,2026-08-27T02:06:26.017873+00:00,2026-08-26T07:34:24.942639+00:00,ingest,"{""attempt_number"": 1, ""error_reason"": ""bank_technical_error"", ""error_source"": ""bank"", ""error_step"": ""payment_authorization"", ""event_id"": ""evt_0017"", ""invoice_id"": ""inv_0017"", ""occurred_at"": ""2026-08-27T02:06:26.017873Z"", ""source"": ""cohort"", ""subscription_id"": ""sub_0017""}"
0d5df6ff-d84d-4167-91d1-220f02a4fe0f,sub_0017,2026-08-27T02:06:26.017873+00:00,2026-08-26T13:31:20.684644+00:00,ingest,"{""attempt_number"": 1, ""error_reason"": ""bank_technical_error"", ""error_source"": ""bank"", ""error_step"": ""payment_authorization"", ""event_id"": ""evt_0017"", ""invoice_id"": ""inv_0017"", ""occurred_at"": ""2026-08-27T02:06:26.017873Z"", ""source"": ""cohort"", ""subscription_id"": ""sub_0017""}"
2c13a549-4a41-432b-8d72-bed04028239d,sub_0080,2026-08-27T02:08:13.478035+00:00,2026-08-26T07:34:24.943059+00:00,ingest,"{""attempt_number"": 1, ""error_reason"": ""card_declined"", ""error_source"": ""issuer"", ""error_step"": ""payment_authorization"", ""event_id"": ""evt_0080"", ""invoice_id"": ""inv_0080"", ""occurred_at"": ""2026-08-27T02:08:13.478035Z"", ""source"": ""cohort"", ""subscription_id"": ""sub_0080""}"
714bfede-b989-46df-ae4a-d4d53049e3e9,sub_0080,2026-08-27T02:08:13.478035+00:00,2026-08-26T13:31:20.685034+00:00,ingest,"{""attempt_number"": 1, ""error_reason"": ""card_declined"", ""error_source"": ""issuer"", ""error_step"": ""payment_authorization"", ""event_id"": ""evt_0080"", ""invoice_id"": ""inv_0080"", ""occurred_at"": ""2026-08-27T02:08:13.478035Z"", ""source"": ""cohort"", ""subscription_id"": ""sub_0080""}"
58b5c3e7-65df-4a72-acdf-34a2170368f1,sub_0066,2026-08-27T02:10:59.133668+00:00,2026-08-26T07:34:24.943447+00:00,ingest,"{""attempt_number"": 1, ""error_reason"": ""card_declined"", ""error_source"": ""issuer"", ""error_step"": ""payment_authorization"", ""event_id"": ""evt_0066"", ""invoice_id"": ""inv_0066"", ""occurred_at"": ""2026-08-27T02:10:59.133668Z"", ""source"": ""cohort"", ""subscription_id"": ""sub_0066""}"
092aff6e-8ada-4b4d-b777-69750cc8b9a9,sub_0066,2026-08-27T02:10:59.133668+00:00,2026-08-26T13:31:20.685441+00:00,ingest,"{""attempt_number"": 1, ""error_reason"": ""card_declined"", ""error_source"": ""issuer"", ""error_step"": ""payment_authorization"", ""event_id"": ""evt_0066"", ""invoice_id"": ""inv_0066"", ""occurred_at"": ""2026-08-27T02:10:59.133668Z"", ""source"": ""cohort"", ""subscription_id"": ""sub_0066""}"
30a93e5c-ad34-4700-85fc-a0be1823a308,sub_0157,2026-08-27T02:14:33.621354+00:00,2026-08-26T07:34:24.985652+00:00,control_execute,"{""action_type"": ""retry_charge"", ""attempt"": 1, ""cost_paise"": 300, ""detail"": ""charge declined: insufficient_funds"", ""succeeded"": false}"
6842d23a-c90b-4345-bb85-aed67f7f8314,sub_0157,2026-08-27T02:14:33.621354+00:00,2026-08-26T13:31:20.728735+00:00,control_execute,"{""action_type"": ""retry_charge"", ""attempt"": 1, ""cost_paise"": 300, ""detail"": ""charge declined: insufficient_funds"", ""succeeded"": false}"
f690018b-7a4f-40f2-9355-55ee63e5ff3d,sub_0085,2026-08-27T02:19:12.216394+00:00,2026-08-26T07:34:24.986211+00:00,control_execute,"{""action_type"": ""retry_charge"", ""attempt"": 1, ""cost_paise"": 300, ""detail"": ""charge declined: insufficient_funds"", ""succeeded"": false}"
924935f1-6281-4c6a-8ec3-3a09fb60e6ba,sub_0085,2026-08-27T02:19:12.216394+00:00,2026-08-26T13:31:20.729238+00:00,control_execute,"{""action_type"": ""retry_charge"", ""attempt"": 1, ""cost_paise"": 300, ""detail"": ""charge declined: insufficient_funds"", ""succeeded"": false}"
641b979b-cb7c-4133-a0dd-39d9ebba4c46,sub_0188,2026-08-27T02:21:00.287018+00:00,2026-08-26T07:34:24.943853+00:00,ingest,"{""attempt_number"": 1, ""error_reason"": ""insufficient_funds"", ""error_source"": ""bank"", ""error_step"": ""payment_authorization"", ""event_id"": ""evt_0188"", ""invoice_id"": ""inv_0188"", ""occurred_at"": ""2026-08-27T02:21:00.287018Z"", ""source"": ""cohort"", ""subscription_id"": ""sub_0188""}"
8fcc2eb1-f45c-497f-ab63-e6c273b1ff53,sub_0188,2026-08-27T02:21:00.287018+00:00,2026-08-26T13:31:20.685827+00:00,ingest,"{""attempt_number"": 1, ""error_reason"": ""insufficient_funds"", ""error_source"": ""bank"", ""error_step"": ""payment_authorization"", ""event_id"": ""evt_0188"", ""invoice_id"": ""inv_0188"", ""occurred_at"": ""2026-08-27T02:21:00.287018Z"", ""source"": ""cohort"", ""subscription_id"": ""sub_0188""}"
867dddbb-42a3-4030-9a6f-156ed4a6ffbe,sub_0057,2026-08-27T02:27:32.129532+00:00,2026-08-26T07:34:24.944270+00:00,ingest,"{""attempt_number"": 1, ""error_reason"": ""card_declined"", ""error_source"": ""issuer"", ""error_step"": ""payment_authorization"", ""event_id"": ""evt_0057"", ""invoice_id"": ""inv_0057"", ""occurred_at"": ""2026-08-27T02:27:32.129532Z"", ""source"": ""cohort"", ""subscription_id"": ""sub_0057""}"
d84e9df8-1e00-41ee-b37e-1084c308a7da,sub_0057,2026-08-27T02:27:32.129532+00:00,2026-08-26T13:31:20.686267+00:00,ingest,"{""attempt_number"": 1, ""error_reason"": ""card_declined"", ""error_source"": ""issuer"", ""error_step"": ""payment_authorization"", ""event_id"": ""evt_0057"", ""invoice_id"": ""inv_0057"", ""occurred_at"": ""2026-08-27T02:27:32.129532Z"", ""source"": ""cohort"", ""subscription_id"": ""sub_0057""}"
272f866d-231e-45ee-998f-b0fbceee38f5,sub_0005,2026-08-27T02:39:58.229074+00:00,2026-08-26T07:34:24.944768+00:00,ingest,"{""attempt_number"": 1, ""error_reason"": ""insufficient_funds"", ""error_source"": ""bank"", ""error_step"": ""payment_authorization"", ""event_id"": ""evt_0005"", ""invoice_id"": ""inv_0005"", ""occurred_at"": ""2026-08-27T02:39:58.229074Z"", ""source"": ""cohort"", ""subscription_id"": ""sub_0005""}"
5e98b93a-4142-45c1-a48f-c24c5fb0ab58,sub_0005,2026-08-27T02:39:58.229074+00:00,2026-08-26T13:31:20.686744+00:00,ingest,"{""attempt_number"": 1, ""error_reason"": ""insufficient_funds"", ""error_source"": ""bank"", ""error_step"": ""payment_authorization"", ""event_id"": ""evt_0005"", ""invoice_id"": ""inv_0005"", ""occurred_at"": ""2026-08-27T02:39:58.229074Z"", ""source"": ""cohort"", ""subscription_id"": ""sub_0005""}"
b23163c8-55be-439c-89d6-aa277b2af953,sub_0170,2026-08-27T02:44:26.851049+00:00,2026-08-26T07:34:24.986707+00:00,control_execute,"{""action_type"": ""retry_charge"", ""attempt"": 1, ""cost_paise"": 300, ""detail"": ""charge declined: insufficient_funds"", ""succeeded"": false}"
49db1ba9-4e35-49ff-99be-2cf10fd51e19,sub_0170,2026-08-27T02:44:26.851049+00:00,2026-08-26T13:31:20.729695+00:00,control_execute,"{""action_type"": ""retry_charge"", ""attempt"": 1, ""cost_paise"": 300, ""detail"": ""charge declined: insufficient_funds"", ""succeeded"": false}"
2e26370a-b919-40b1-ab5a-9abe73626d98,sub_0000,2026-08-27T02:45:28.252780+00:00,2026-08-26T07:34:24.987172+00:00,control_execute,"{""action_type"": ""retry_charge"", ""attempt"": 1, ""cost_paise"": 300, ""detail"": ""charge declined: insufficient_funds"", ""succeeded"": false}"
8e5b1d21-f5a6-499a-a50e-d8a7f0066702,sub_0000,2026-08-27T02:45:28.252780+00:00,2026-08-26T13:31:20.730193+00:00,control_execute,"{""action_type"": ""retry_charge"", ""attempt"": 1, ""cost_paise"": 300, ""detail"": ""charge declined: insufficient_funds"", ""succeeded"": false}"
c907be72-4820-4751-bd9c-d938fe34f1e2,sub_0160,2026-08-27T03:00:42.905044+00:00,2026-08-26T07:34:24.945177+00:00,ingest,"{""attempt_number"": 1, ""error_reason"": ""insufficient_funds"", ""error_source"": ""bank"", ""error_step"": ""payment_authorization"", ""event_id"": ""evt_0160"", ""invoice_id"": ""inv_0160"", ""occurred_at"": ""2026-08-27T03:00:42.905044Z"", ""source"": ""cohort"", ""subscription_id"": ""sub_0160""}"
5e5b68c7-6720-4631-8b8a-5e128b40e626,sub_0160,2026-08-27T03:00:42.905044+00:00,2026-08-26T13:31:20.687175+00:00,ingest,"{""attempt_number"": 1, ""error_reason"": ""insufficient_funds"", ""error_source"": ""bank"", ""error_step"": ""payment_authorization"", ""event_id"": ""evt_0160"", ""invoice_id"": ""inv_0160"", ""occurred_at"": ""2026-08-27T03:00:42.905044Z"", ""source"": ""cohort"", ""subscription_id"": ""sub_0160""}"
70533d58-ad67-421a-b004-16f198490ab4,sub_0032,2026-08-27T03:05:02.610418+00:00,2026-08-26T07:34:24.987695+00:00,control_execute,"{""action_type"": ""retry_charge"", ""attempt"": 1, ""cost_paise"": 300, ""detail"": ""charge declined: card_declined"", ""succeeded"": false}"
60a84dd0-5440-4fdc-9021-276eb5f1361c,sub_0032,2026-08-27T03:05:02.610418+00:00,2026-08-26T13:31:20.730677+00:00,control_execute,"{""action_type"": ""retry_charge"", ""attempt"": 1, ""cost_paise"": 300, ""detail"": ""charge declined: card_declined"", ""succeeded"": false}"
8a650b61-f1ba-4899-8cc7-b0cb099b2a56,sub_0011,2026-08-27T03:11:08.158906+00:00,2026-08-26T07:34:24.945645+00:00,ingest,"{""attempt_number"": 1, ""error_reason"": ""card_expired"", ""error_source"": ""issuer"", ""error_step"": ""payment_authentication"", ""event_id"": ""evt_0011"", ""invoice_id"": ""inv_0011"", ""occurred_at"": ""2026-08-27T03:11:08.158906Z"", ""source"": ""cohort"", ""subscription_id"": ""sub_0011""}"
97406295-80ae-4487-9669-7781f54f0084,sub_0011,2026-08-27T03:11:08.158906+00:00,2026-08-26T13:31:20.687573+00:00,ingest,"{""attempt_number"": 1, ""error_reason"": ""card_expired"", ""error_source"": ""issuer"", ""error_step"": ""payment_authentication"", ""event_id"": ""evt_0011"", ""invoice_id"": ""inv_0011"", ""occurred_at"": ""2026-08-27T03:11:08.158906Z"", ""source"": ""cohort"", ""subscription_id"": ""sub_0011""}"
ae2a4fa6-f3a5-46f0-a8c8-56a3e731e07e,sub_0139,2026-08-27T03:13:27.956654+00:00,2026-08-26T07:34:24.988178+00:00,control_execute,"{""action_type"": ""retry_charge"", ""attempt"": 1, ""cost_paise"": 300, ""detail"": ""charge succeeded"", ""succeeded"": true}"
55efb105-088b-48b5-8745-dc9462c57d17,sub_0139,2026-08-27T03:13:27.956654+00:00,2026-08-26T13:31:20.731177+00:00,control_execute,"{""action_type"": ""retry_charge"", ""attempt"": 1, ""cost_paise"": 300, ""detail"": ""charge succeeded"", ""succeeded"": true}"
ded61233-3379-4e4f-840e-7f24241cef7e,sub_0141,2026-08-27T03:24:03.016787+00:00,2026-08-26T07:34:24.946040+00:00,ingest,"{""attempt_number"": 1, ""error_reason"": ""card_expired"", ""error_source"": ""issuer"", ""error_step"": ""payment_authentication"", ""event_id"": ""evt_0141"", ""invoice_id"": ""inv_0141"", ""occurred_at"": ""2026-08-27T03:24:03.016787Z"", ""source"": ""cohort"", ""subscription_id"": ""sub_0141""}"
0d2f437e-8d76-4eb5-aaaf-c67499faf89f,sub_0141,2026-08-27T03:24:03.016787+00:00,2026-08-26T13:31:20.687990+00:00,ingest,"{""attempt_number"": 1, ""error_reason"": ""card_expired"", ""error_source"": ""issuer"", ""error_step"": ""payment_authentication"", ""event_id"": ""evt_0141"", ""invoice_id"": ""inv_0141"", ""occurred_at"": ""2026-08-27T03:24:03.016787Z"", ""source"": ""cohort"", ""subscription_id"": ""sub_0141""}"
92391191-3db5-4068-9661-37b14f9a4e05,sub_0054,2026-08-27T03:28:30.421388+00:00,2026-08-26T07:34:24.946407+00:00,ingest,"{""attempt_number"": 1, ""error_reason"": ""bank_technical_error"", ""error_source"": ""bank"", ""error_step"": ""payment_authorization"", ""event_id"": ""evt_0054"", ""invoice_id"": ""inv_0054"", ""occurred_at"": ""2026-08-27T03:28:30.421388Z"", ""source"": ""cohort"", ""subscription_id"": ""sub_0054""}"
6e808f65-6255-4704-8204-b57c14f3c715,sub_0054,2026-08-27T03:28:30.421388+00:00,2026-08-26T13:31:20.688417+00:00,ingest,"{""attempt_number"": 1, ""error_reason"": ""bank_technical_error"", ""error_source"": ""bank"", ""error_step"": ""payment_authorization"", ""event_id"": ""evt_0054"", ""invoice_id"": ""inv_0054"", ""occurred_at"": ""2026-08-27T03:28:30.421388Z"", ""source"": ""cohort"", ""subscription_id"": ""sub_0054""}"
8e0bf305-8fe2-4612-a2af-177e9afeb616,sub_0084,2026-08-27T03:31:05.739415+00:00,2026-08-26T07:34:24.988619+00:00,control_execute,"{""action_type"": ""retry_charge"", ""attempt"": 1, ""cost_paise"": 300, ""detail"": ""charge declined: insufficient_funds"", ""succeeded"": false}"
668952fc-31c3-4f37-b936-658f9d714a49,sub_0084,2026-08-27T03:31:05.739415+00:00,2026-08-26T13:31:20.731649+00:00,control_execute,"{""action_type"": ""retry_charge"", ""attempt"": 1, ""cost_paise"": 300, ""detail"": ""charge declined: insufficient_funds"", ""succeeded"": false}"
044c472a-2002-4b90-aa33-ca3295e11ea2,sub_0122,2026-08-27T03:41:29.898342+00:00,2026-08-26T07:34:24.946814+00:00,ingest,"{""attempt_number"": 1, ""error_reason"": ""card_declined"", ""error_source"": ""issuer"", ""error_step"": ""payment_authorization"", ""event_id"": ""evt_0122"", ""invoice_id"": ""inv_0122"", ""occurred_at"": ""2026-08-27T03:41:29.898342Z"", ""source"": ""cohort"", ""subscription_id"": ""sub_0122""}"
5c1769e7-dc7f-4e00-9da9-7d160acfad70,sub_0122,2026-08-27T03:41:29.898342+00:00,2026-08-26T13:31:20.688893+00:00,ingest,"{""attempt_number"": 1, ""error_reason"": ""card_declined"", ""error_source"": ""issuer"", ""error_step"": ""payment_authorization"", ""event_id"": ""evt_0122"", ""invoice_id"": ""inv_0122"", ""occurred_at"": ""2026-08-27T03:41:29.898342Z"", ""source"": ""cohort"", ""subscription_id"": ""sub_0122""}"
63f2d5c3-da96-4ae8-9677-d75b238594af,sub_0132,2026-08-27T03:43:41.780592+00:00,2026-08-26T07:34:24.947245+00:00,ingest,"{""attempt_number"": 1, ""error_reason"": ""card_declined"", ""error_source"": ""issuer"", ""error_step"": ""payment_authorization"", ""event_id"": ""evt_0132"", ""invoice_id"": ""inv_0132"", ""occurred_at"": ""2026-08-27T03:43:41.780592Z"", ""source"": ""cohort"", ""subscription_id"": ""sub_0132""}"
a1af3d02-24f9-4031-ab4d-b272c3e64ccb,sub_0132,2026-08-27T03:43:41.780592+00:00,2026-08-26T13:31:20.689254+00:00,ingest,"{""attempt_number"": 1, ""error_reason"": ""card_declined"", ""error_source"": ""issuer"", ""error_step"": ""payment_authorization"", ""event_id"": ""evt_0132"", ""invoice_id"": ""inv_0132"", ""occurred_at"": ""2026-08-27T03:43:41.780592Z"", ""source"": ""cohort"", ""subscription_id"": ""sub_0132""}"
316725cb-f9b2-43c1-a829-6e1538aa91ae,sub_0140,2026-08-27T03:45:50.975866+00:00,2026-08-26T07:34:24.989173+00:00,control_execute,"{""action_type"": ""retry_charge"", ""attempt"": 1, ""cost_paise"": 300, ""detail"": ""charge succeeded"", ""succeeded"": true}"
c9206c4d-992d-466f-81f1-c4937de9d392,sub_0140,2026-08-27T03:45:50.975866+00:00,2026-08-26T13:31:20.732106+00:00,control_execute,"{""action_type"": ""retry_charge"", ""attempt"": 1, ""cost_paise"": 300, ""detail"": ""charge succeeded"", ""succeeded"": true}"
df7f9ff0-3f19-431a-99e4-01b6dd7db35f,sub_0171,2026-08-27T03:46:39.379587+00:00,2026-08-26T07:34:24.947672+00:00,ingest,"{""attempt_number"": 1, ""error_reason"": ""insufficient_funds"", ""error_source"": ""bank"", ""error_step"": ""payment_authorization"", ""event_id"": ""evt_0171"", ""invoice_id"": ""inv_0171"", ""occurred_at"": ""2026-08-27T03:46:39.379587Z"", ""source"": ""cohort"", ""subscription_id"": ""sub_0171""}"
202f0fce-33f1-4b5f-8c44-73f4f9272246,sub_0171,2026-08-27T03:46:39.379587+00:00,2026-08-26T13:31:20.689665+00:00,ingest,"{""attempt_number"": 1, ""error_reason"": ""insufficient_funds"", ""error_source"": ""bank"", ""error_step"": ""payment_authorization"", ""event_id"": ""evt_0171"", ""invoice_id"": ""inv_0171"", ""occurred_at"": ""2026-08-27T03:46:39.379587Z"", ""source"": ""cohort"", ""subscription_id"": ""sub_0171""}"
b3d3b54a-7978-41d8-9804-98380e7b76d1,sub_0191,2026-08-27T03:47:30.194474+00:00,2026-08-26T07:34:24.989621+00:00,control_execute,"{""action_type"": ""retry_charge"", ""attempt"": 1, ""cost_paise"": 300, ""detail"": ""charge declined: card_declined"", ""succeeded"": false}"
c9099bd8-ec4c-4294-ac6e-62baca12fcc8,sub_0191,2026-08-27T03:47:30.194474+00:00,2026-08-26T13:31:20.732615+00:00,control_execute,"{""action_type"": ""retry_charge"", ""attempt"": 1, ""cost_paise"": 300, ""detail"": ""charge declined: card_declined"", ""succeeded"": false}"
77df8916-2b8f-4c8d-b393-91f131cf1df8,sub_0174,2026-08-27T03:59:37.310048+00:00,2026-08-26T07:34:24.948095+00:00,ingest,"{""attempt_number"": 1, ""error_reason"": ""payment_risk_check_failed"", ""error_source"": ""gateway"", ""error_step"": ""payment_authorization"", ""event_id"": ""evt_0174"", ""invoice_id"": ""inv_0174"", ""occurred_at"": ""2026-08-27T03:59:37.310048Z"", ""source"": ""cohort"", ""subscription_id"": ""sub_0174""}"
a14d2d4b-bc39-427c-9cd1-461d45c66362,sub_0174,2026-08-27T03:59:37.310048+00:00,2026-08-26T13:31:20.690121+00:00,ingest,"{""attempt_number"": 1, ""error_reason"": ""payment_risk_check_failed"", ""error_source"": ""gateway"", ""error_step"": ""payment_authorization"", ""event_id"": ""evt_0174"", ""invoice_id"": ""inv_0174"", ""occurred_at"": ""2026-08-27T03:59:37.310048Z"", ""source"": ""cohort"", ""subscription_id"": ""sub_0174""}"
7ce285ae-d5ca-4c09-b1b6-9a568b589d57,sub_0068,2026-08-27T04:02:06.806109+00:00,2026-08-26T07:34:24.948486+00:00,ingest,"{""attempt_number"": 1, ""error_reason"": ""insufficient_funds"", ""error_source"": ""bank"", ""error_step"": ""payment_authorization"", ""event_id"": ""evt_0068"", ""invoice_id"": ""inv_0068"", ""occurred_at"": ""2026-08-27T04:02:06.806109Z"", ""source"": ""cohort"", ""subscription_id"": ""sub_0068""}"
0730bf7f-e09c-4989-9866-d80328e89d60,sub_0068,2026-08-27T04:02:06.806109+00:00,2026-08-26T13:31:20.690539+00:00,ingest,"{""attempt_number"": 1, ""error_reason"": ""insufficient_funds"", ""error_source"": ""bank"", ""error_step"": ""payment_authorization"", ""event_id"": ""evt_0068"", ""invoice_id"": ""inv_0068"", ""occurred_at"": ""2026-08-27T04:02:06.806109Z"", ""source"": ""cohort"", ""subscription_id"": ""sub_0068""}"
da79a0b1-3eea-407a-b3cb-d27b2f672879,sub_0022,2026-08-27T04:03:38.216136+00:00,2026-08-26T07:34:24.948888+00:00,ingest,"{""attempt_number"": 1, ""error_reason"": ""card_declined"", ""error_source"": ""issuer"", ""error_step"": ""payment_authorization"", ""event_id"": ""evt_0022"", ""invoice_id"": ""inv_0022"", ""occurred_at"": ""2026-08-27T04:03:38.216136Z"", ""source"": ""cohort"", ""subscription_id"": ""sub_0022""}"
9a6b4139-fa3c-425d-acd3-a4963ab6fb03,sub_0022,2026-08-27T04:03:38.216136+00:00,2026-08-26T13:31:20.690973+00:00,ingest,"{""attempt_number"": 1, ""error_reason"": ""card_declined"", ""error_source"": ""issuer"", ""error_step"": ""payment_authorization"", ""event_id"": ""evt_0022"", ""invoice_id"": ""inv_0022"", ""occurred_at"": ""2026-08-27T04:03:38.216136Z"", ""source"": ""cohort"", ""subscription_id"": ""sub_0022""}"
26a27508-b482-48eb-a557-fa61faff52de,sub_0134,2026-08-27T04:11:18.527985+00:00,2026-08-26T07:34:24.949296+00:00,ingest,"{""attempt_number"": 1, ""error_reason"": ""bank_technical_error"", ""error_source"": ""bank"", ""error_step"": ""payment_authorization"", ""event_id"": ""evt_0134"", ""invoice_id"": ""inv_0134"", ""occurred_at"": ""2026-08-27T04:11:18.527985Z"", ""source"": ""cohort"", ""subscription_id"": ""sub_0134""}"
f871726f-10c2-4a58-b1fa-7ed84cb032e7,sub_0134,2026-08-27T04:11:18.527985+00:00,2026-08-26T13:31:20.691359+00:00,ingest,"{""attempt_number"": 1, ""error_reason"": ""bank_technical_error"", ""error_source"": ""bank"", ""error_step"": ""payment_authorization"", ""event_id"": ""evt_0134"", ""invoice_id"": ""inv_0134"", ""occurred_at"": ""2026-08-27T04:11:18.527985Z"", ""source"": ""cohort"", ""subscription_id"": ""sub_0134""}"
3c024318-d3ba-44ba-af99-fab42fcceca3,sub_0016,2026-08-27T04:24:06.066002+00:00,2026-08-26T07:34:24.949671+00:00,ingest,"{""attempt_number"": 1, ""error_reason"": ""card_expired"", ""error_source"": ""issuer"", ""error_step"": ""payment_authentication"", ""event_id"": ""evt_0016"", ""invoice_id"": ""inv_0016"", ""occurred_at"": ""2026-08-27T04:24:06.066002Z"", ""source"": ""cohort"", ""subscription_id"": ""sub_0016""}"
de7e28da-d94e-4ad6-a666-3fb7e1cb67ce,sub_0016,2026-08-27T04:24:06.066002+00:00,2026-08-26T13:31:20.691761+00:00,ingest,"{""attempt_number"": 1, ""error_reason"": ""card_expired"", ""error_source"": ""issuer"", ""error_step"": ""payment_authentication"", ""event_id"": ""evt_0016"", ""invoice_id"": ""inv_0016"", ""occurred_at"": ""2026-08-27T04:24:06.066002Z"", ""source"": ""cohort"", ""subscription_id"": ""sub_0016""}"
33e24af3-f41f-46ff-b02e-14097add39c4,sub_0190,2026-08-27T04:36:24.677797+00:00,2026-08-26T07:34:24.990096+00:00,control_execute,"{""action_type"": ""retry_charge"", ""attempt"": 1, ""cost_paise"": 300, ""detail"": ""charge succeeded"", ""succeeded"": true}"
7d17fce9-80fd-4468-884c-93fc6bb89268,sub_0190,2026-08-27T04:36:24.677797+00:00,2026-08-26T13:31:20.733343+00:00,control_execute,"{""action_type"": ""retry_charge"", ""attempt"": 1, ""cost_paise"": 300, ""detail"": ""charge succeeded"", ""succeeded"": true}"
f0a67254-cd38-4028-ad12-894e41572b53,sub_0117,2026-08-27T04:59:50.965074+00:00,2026-08-26T07:34:24.950051+00:00,ingest,"{""attempt_number"": 1, ""error_reason"": ""card_expired"", ""error_source"": ""issuer"", ""error_step"": ""payment_authentication"", ""event_id"": ""evt_0117"", ""invoice_id"": ""inv_0117"", ""occurred_at"": ""2026-08-27T04:59:50.965074Z"", ""source"": ""cohort"", ""subscription_id"": ""sub_0117""}"
0503820e-81ac-41f0-b417-d88d732a483c,sub_0117,2026-08-27T04:59:50.965074+00:00,2026-08-26T13:31:20.692240+00:00,ingest,"{""attempt_number"": 1, ""error_reason"": ""card_expired"", ""error_source"": ""issuer"", ""error_step"": ""payment_authentication"", ""event_id"": ""evt_0117"", ""invoice_id"": ""inv_0117"", ""occurred_at"": ""2026-08-27T04:59:50.965074Z"", ""source"": ""cohort"", ""subscription_id"": ""sub_0117""}"
9ad95a21-bd39-4c3d-8b34-9bdcbf66e936,sub_0061,2026-08-27T05:08:56.460559+00:00,2026-08-26T07:34:24.990528+00:00,control_execute,"{""action_type"": ""retry_charge"", ""attempt"": 1, ""cost_paise"": 300, ""detail"": ""charge succeeded"", ""succeeded"": true}"
fa943e14-2ea2-41c3-af73-23016b3d7bc1,sub_0061,2026-08-27T05:08:56.460559+00:00,2026-08-26T13:31:20.733805+00:00,control_execute,"{""action_type"": ""retry_charge"", ""attempt"": 1, ""cost_paise"": 300, ""detail"": ""charge succeeded"", ""succeeded"": true}"
c89646cd-0c91-4dae-88dd-30ce190eeb36,sub_0092,2026-08-27T05:11:04.801534+00:00,2026-08-26T07:34:24.990937+00:00,control_execute,"{""action_type"": ""retry_charge"", ""attempt"": 1, ""cost_paise"": 300, ""detail"": ""charge succeeded"", ""succeeded"": true}"
53e3e9a6-533a-4b2b-b7f5-aec06733ca06,sub_0092,2026-08-27T05:11:04.801534+00:00,2026-08-26T13:31:20.734322+00:00,control_execute,"{""action_type"": ""retry_charge"", ""attempt"": 1, ""cost_paise"": 300, ""detail"": ""charge succeeded"", ""succeeded"": true}"
70b642df-43fb-4fe4-90f5-487c7cf27fc5,sub_0153,2026-08-27T05:11:56.051958+00:00,2026-08-26T07:34:24.950429+00:00,ingest,"{""attempt_number"": 1, ""error_reason"": ""subscription_cancelled"", ""error_source"": ""business"", ""error_step"": ""payment_initiation"", ""event_id"": ""evt_0153"", ""invoice_id"": ""inv_0153"", ""occurred_at"": ""2026-08-27T05:11:56.051958Z"", ""source"": ""cohort"", ""subscription_id"": ""sub_0153""}"
a17e0183-5c46-46ef-b42f-3d64d1ca891e,sub_0153,2026-08-27T05:11:56.051958+00:00,2026-08-26T13:31:20.692640+00:00,ingest,"{""attempt_number"": 1, ""error_reason"": ""subscription_cancelled"", ""error_source"": ""business"", ""error_step"": ""payment_initiation"", ""event_id"": ""evt_0153"", ""invoice_id"": ""inv_0153"", ""occurred_at"": ""2026-08-27T05:11:56.051958Z"", ""source"": ""cohort"", ""subscription_id"": ""sub_0153""}"
bfd1ae01-9728-4360-9095-0611c022155f,sub_0059,2026-08-27T05:13:15.869297+00:00,2026-08-26T07:34:24.991431+00:00,control_execute,"{""action_type"": ""retry_charge"", ""attempt"": 1, ""cost_paise"": 300, ""detail"": ""charge declined: insufficient_funds"", ""succeeded"": false}"
37030be6-7c4e-418d-9d98-82501706056b,sub_0059,2026-08-27T05:13:15.869297+00:00,2026-08-26T13:31:20.734787+00:00,control_execute,"{""action_type"": ""retry_charge"", ""attempt"": 1, ""cost_paise"": 300, ""detail"": ""charge declined: insufficient_funds"", ""succeeded"": false}"
40505319-dcaf-49a9-88a9-015b0190fdc8,sub_0086,2026-08-27T05:34:39.300944+00:00,2026-08-26T07:34:24.991918+00:00,control_execute,"{""action_type"": ""retry_charge"", ""attempt"": 1, ""cost_paise"": 300, ""detail"": ""charge succeeded"", ""succeeded"": true}"
3cddae7a-31b4-4111-a9d6-320ca39a8874,sub_0086,2026-08-27T05:34:39.300944+00:00,2026-08-26T13:31:20.735403+00:00,control_execute,"{""action_type"": ""retry_charge"", ""attempt"": 1, ""cost_paise"": 300, ""detail"": ""charge succeeded"", ""succeeded"": true}"
42376a42-9fa0-40bf-ac60-2a4eecd48012,sub_0035,2026-08-27T05:41:49.900433+00:00,2026-08-26T07:34:24.992407+00:00,control_execute,"{""action_type"": ""retry_charge"", ""attempt"": 1, ""cost_paise"": 300, ""detail"": ""charge declined: subscription_cancelled"", ""succeeded"": false}"
07eecdf3-04f2-4ea3-97fb-b5834f0d4a21,sub_0035,2026-08-27T05:41:49.900433+00:00,2026-08-26T13:31:20.735926+00:00,control_execute,"{""action_type"": ""retry_charge"", ""attempt"": 1, ""cost_paise"": 300, ""detail"": ""charge declined: subscription_cancelled"", ""succeeded"": false}"
0d5263e9-042f-4ae5-841a-f25af29b2d58,sub_0120,2026-08-27T05:52:11.572021+00:00,2026-08-26T07:34:24.950864+00:00,ingest,"{""attempt_number"": 1, ""error_reason"": ""insufficient_funds"", ""error_source"": ""bank"", ""error_step"": ""payment_authorization"", ""event_id"": ""evt_0120"", ""invoice_id"": ""inv_0120"", ""occurred_at"": ""2026-08-27T05:52:11.572021Z"", ""source"": ""cohort"", ""subscription_id"": ""sub_0120""}"
4a08ef72-cad6-43eb-bbe7-674b8321913a,sub_0120,2026-08-27T05:52:11.572021+00:00,2026-08-26T13:31:20.693050+00:00,ingest,"{""attempt_number"": 1, ""error_reason"": ""insufficient_funds"", ""error_source"": ""bank"", ""error_step"": ""payment_authorization"", ""event_id"": ""evt_0120"", ""invoice_id"": ""inv_0120"", ""occurred_at"": ""2026-08-27T05:52:11.572021Z"", ""source"": ""cohort"", ""subscription_id"": ""sub_0120""}"
a5243099-1990-4045-ba47-bf6e97cef72c,sub_0036,2026-08-27T05:56:56.124016+00:00,2026-08-26T07:34:24.951294+00:00,ingest,"{""attempt_number"": 1, ""error_reason"": ""bank_technical_error"", ""error_source"": ""bank"", ""error_step"": ""payment_authorization"", ""event_id"": ""evt_0036"", ""invoice_id"": ""inv_0036"", ""occurred_at"": ""2026-08-27T05:56:56.124016Z"", ""source"": ""cohort"", ""subscription_id"": ""sub_0036""}"
74456354-a576-4762-92f7-c94130fdcf60,sub_0036,2026-08-27T05:56:56.124016+00:00,2026-08-26T13:31:20.693483+00:00,ingest,"{""attempt_number"": 1, ""error_reason"": ""bank_technical_error"", ""error_source"": ""bank"", ""error_step"": ""payment_authorization"", ""event_id"": ""evt_0036"", ""invoice_id"": ""inv_0036"", ""occurred_at"": ""2026-08-27T05:56:56.124016Z"", ""source"": ""cohort"", ""subscription_id"": ""sub_0036""}"
7ab5ba24-08b0-4b32-839f-d0764b22daf2,sub_0096,2026-08-27T05:57:04.447479+00:00,2026-08-26T07:34:24.951718+00:00,ingest,"{""attempt_number"": 1, ""error_reason"": ""insufficient_funds"", ""error_source"": ""bank"", ""error_step"": ""payment_authorization"", ""event_id"": ""evt_0096"", ""invoice_id"": ""inv_0096"", ""occurred_at"": ""2026-08-27T05:57:04.447479Z"", ""source"": ""cohort"", ""subscription_id"": ""sub_0096""}"
c3d636b1-13d9-4d61-8acf-e7d3e8de5a66,sub_0096,2026-08-27T05:57:04.447479+00:00,2026-08-26T13:31:20.693876+00:00,ingest,"{""attempt_number"": 1, ""error_reason"": ""insufficient_funds"", ""error_source"": ""bank"", ""error_step"": ""payment_authorization"", ""event_id"": ""evt_0096"", ""invoice_id"": ""inv_0096"", ""occurred_at"": ""2026-08-27T05:57:04.447479Z"", ""source"": ""cohort"", ""subscription_id"": ""sub_0096""}"
1407dcf3-e0ff-47bc-9c3a-51ec31a676ac,sub_0194,2026-08-27T06:02:30.742525+00:00,2026-08-26T07:34:24.992863+00:00,control_execute,"{""action_type"": ""retry_charge"", ""attempt"": 1, ""cost_paise"": 300, ""detail"": ""charge declined: card_expired"", ""succeeded"": false}"
37a6be23-5bed-419a-9757-59b627fef7a7,sub_0194,2026-08-27T06:02:30.742525+00:00,2026-08-26T13:31:20.736385+00:00,control_execute,"{""action_type"": ""retry_charge"", ""attempt"": 1, ""cost_paise"": 300, ""detail"": ""charge declined: card_expired"", ""succeeded"": false}"
c1d24afb-e520-46ef-9c2b-3cb8d1a7c829,sub_0052,2026-08-27T06:02:40.830587+00:00,2026-08-26T07:34:24.993295+00:00,control_execute,"{""action_type"": ""retry_charge"", ""attempt"": 1, ""cost_paise"": 300, ""detail"": ""charge succeeded"", ""succeeded"": true}"
2789a61e-cfac-4c39-9dca-f991907647b0,sub_0052,2026-08-27T06:02:40.830587+00:00,2026-08-26T13:31:20.736836+00:00,control_execute,"{""action_type"": ""retry_charge"", ""attempt"": 1, ""cost_paise"": 300, ""detail"": ""charge succeeded"", ""succeeded"": true}"
48c8cfec-4821-4542-9448-9c00fc0942ba,sub_0196,2026-08-27T06:29:30.402827+00:00,2026-08-26T07:34:24.993765+00:00,control_execute,"{""action_type"": ""retry_charge"", ""attempt"": 1, ""cost_paise"": 300, ""detail"": ""charge declined: insufficient_funds"", ""succeeded"": false}"
f4103ab4-4655-4e12-a195-27123040b35c,sub_0196,2026-08-27T06:29:30.402827+00:00,2026-08-26T13:31:20.737574+00:00,control_execute,"{""action_type"": ""retry_charge"", ""attempt"": 1, ""cost_paise"": 300, ""detail"": ""charge declined: insufficient_funds"", ""succeeded"": false}"
1db60c3e-de0f-4b12-b23d-260639c8f57d,sub_0028,2026-08-27T06:32:49.141213+00:00,2026-08-26T07:34:24.952083+00:00,ingest,"{""attempt_number"": 1, ""error_reason"": ""insufficient_funds"", ""error_source"": ""bank"", ""error_step"": ""payment_authorization"", ""event_id"": ""evt_0028"", ""invoice_id"": ""inv_0028"", ""occurred_at"": ""2026-08-27T06:32:49.141213Z"", ""source"": ""cohort"", ""subscription_id"": ""sub_0028""}"
870a28c0-0dbe-4807-8966-707858386971,sub_0028,2026-08-27T06:32:49.141213+00:00,2026-08-26T13:31:20.694271+00:00,ingest,"{""attempt_number"": 1, ""error_reason"": ""insufficient_funds"", ""error_source"": ""bank"", ""error_step"": ""payment_authorization"", ""event_id"": ""evt_0028"", ""invoice_id"": ""inv_0028"", ""occurred_at"": ""2026-08-27T06:32:49.141213Z"", ""source"": ""cohort"", ""subscription_id"": ""sub_0028""}"
b00873f5-6a7c-407c-8e36-4ed2b63053c0,sub_0051,2026-08-27T06:33:32.958813+00:00,2026-08-26T07:34:24.952480+00:00,ingest,"{""attempt_number"": 1, ""error_reason"": ""insufficient_funds"", ""error_source"": ""bank"", ""error_step"": ""payment_authorization"", ""event_id"": ""evt_0051"", ""invoice_id"": ""inv_0051"", ""occurred_at"": ""2026-08-27T06:33:32.958813Z"", ""source"": ""cohort"", ""subscription_id"": ""sub_0051""}"
33b99458-b206-43ea-a305-5ed689a92a3b,sub_0051,2026-08-27T06:33:32.958813+00:00,2026-08-26T13:31:20.694665+00:00,ingest,"{""attempt_number"": 1, ""error_reason"": ""insufficient_funds"", ""error_source"": ""bank"", ""error_step"": ""payment_authorization"", ""event_id"": ""evt_0051"", ""invoice_id"": ""inv_0051"", ""occurred_at"": ""2026-08-27T06:33:32.958813Z"", ""source"": ""cohort"", ""subscription_id"": ""sub_0051""}"
a4ce1141-3ca3-48f5-ba5e-73e9c9529622,sub_0043,2026-08-27T06:49:56.531308+00:00,2026-08-26T07:34:24.953029+00:00,ingest,"{""attempt_number"": 1, ""error_reason"": ""insufficient_funds"", ""error_source"": ""bank"", ""error_step"": ""payment_authorization"", ""event_id"": ""evt_0043"", ""invoice_id"": ""inv_0043"", ""occurred_at"": ""2026-08-27T06:49:56.531308Z"", ""source"": ""cohort"", ""subscription_id"": ""sub_0043""}"
c6871516-32f3-41d3-8b09-19dc885dbbee,sub_0043,2026-08-27T06:49:56.531308+00:00,2026-08-26T13:31:20.695070+00:00,ingest,"{""attempt_number"": 1, ""error_reason"": ""insufficient_funds"", ""error_source"": ""bank"", ""error_step"": ""payment_authorization"", ""event_id"": ""evt_0043"", ""invoice_id"": ""inv_0043"", ""occurred_at"": ""2026-08-27T06:49:56.531308Z"", ""source"": ""cohort"", ""subscription_id"": ""sub_0043""}"
e96f5906-cd01-455c-9bf0-263ee4fcea50,sub_0031,2026-08-27T07:00:56.348883+00:00,2026-08-26T07:34:24.953452+00:00,ingest,"{""attempt_number"": 1, ""error_reason"": ""insufficient_funds"", ""error_source"": ""bank"", ""error_step"": ""payment_authorization"", ""event_id"": ""evt_0031"", ""invoice_id"": ""inv_0031"", ""occurred_at"": ""2026-08-27T07:00:56.348883Z"", ""source"": ""cohort"", ""subscription_id"": ""sub_0031""}"
a27c9a90-ddea-4de3-876b-89ae78f53c27,sub_0031,2026-08-27T07:00:56.348883+00:00,2026-08-26T13:31:20.695466+00:00,ingest,"{""attempt_number"": 1, ""error_reason"": ""insufficient_funds"", ""error_source"": ""bank"", ""error_step"": ""payment_authorization"", ""event_id"": ""evt_0031"", ""invoice_id"": ""inv_0031"", ""occurred_at"": ""2026-08-27T07:00:56.348883Z"", ""source"": ""cohort"", ""subscription_id"": ""sub_0031""}"
9eae9913-d4b0-4093-bb60-d77294ca7b73,sub_0131,2026-08-27T07:01:05.899366+00:00,2026-08-26T07:34:24.953866+00:00,ingest,"{""attempt_number"": 1, ""error_reason"": ""card_declined"", ""error_source"": ""issuer"", ""error_step"": ""payment_authorization"", ""event_id"": ""evt_0131"", ""invoice_id"": ""inv_0131"", ""occurred_at"": ""2026-08-27T07:01:05.899366Z"", ""source"": ""cohort"", ""subscription_id"": ""sub_0131""}"
132ce56b-ea19-42ba-8f83-e530aca400e4,sub_0131,2026-08-27T07:01:05.899366+00:00,2026-08-26T13:31:20.695861+00:00,ingest,"{""attempt_number"": 1, ""error_reason"": ""card_declined"", ""error_source"": ""issuer"", ""error_step"": ""payment_authorization"", ""event_id"": ""evt_0131"", ""invoice_id"": ""inv_0131"", ""occurred_at"": ""2026-08-27T07:01:05.899366Z"", ""source"": ""cohort"", ""subscription_id"": ""sub_0131""}"
7109013b-dc59-4a39-96ea-549171ba260f,sub_0060,2026-08-27T07:18:23.753488+00:00,2026-08-26T07:34:24.994247+00:00,control_execute,"{""action_type"": ""retry_charge"", ""attempt"": 1, ""cost_paise"": 300, ""detail"": ""charge declined: card_expired"", ""succeeded"": false}"
23b0ea9a-cb8b-40c3-8850-5d0e21a76f0d,sub_0060,2026-08-27T07:18:23.753488+00:00,2026-08-26T13:31:20.738185+00:00,control_execute,"{""action_type"": ""retry_charge"", ""attempt"": 1, ""cost_paise"": 300, ""detail"": ""charge declined: card_expired"", ""succeeded"": false}"
33d0aeb8-3364-4c0c-bb3c-0ca68e9545cf,sub_0129,2026-08-27T07:26:05.891962+00:00,2026-08-26T07:34:24.994731+00:00,control_execute,"{""action_type"": ""retry_charge"", ""attempt"": 1, ""cost_paise"": 300, ""detail"": ""charge succeeded"", ""succeeded"": true}"
4902ba03-afb1-4dc6-b9d8-6a4c8b537587,sub_0129,2026-08-27T07:26:05.891962+00:00,2026-08-26T13:31:20.738661+00:00,control_execute,"{""action_type"": ""retry_charge"", ""attempt"": 1, ""cost_paise"": 300, ""detail"": ""charge succeeded"", ""succeeded"": true}"
4dac20f1-77ab-4e2b-88bd-0607f48d0eaa,sub_0008,2026-08-27T07:41:31.042521+00:00,2026-08-26T07:34:24.995206+00:00,control_execute,"{""action_type"": ""retry_charge"", ""attempt"": 1, ""cost_paise"": 300, ""detail"": ""charge succeeded"", ""succeeded"": true}"
634800ae-9265-4fd6-8b12-a4633e3a316d,sub_0008,2026-08-27T07:41:31.042521+00:00,2026-08-26T13:31:20.739161+00:00,control_execute,"{""action_type"": ""retry_charge"", ""attempt"": 1, ""cost_paise"": 300, ""detail"": ""charge succeeded"", ""succeeded"": true}"
0d41c002-28e4-44e2-9059-eab35af9d864,sub_0079,2026-08-27T07:41:57.122256+00:00,2026-08-26T07:34:24.995664+00:00,control_execute,"{""action_type"": ""retry_charge"", ""attempt"": 1, ""cost_paise"": 300, ""detail"": ""charge declined: card_expired"", ""succeeded"": false}"
44fd38df-cfae-4907-8ede-468521bf0d45,sub_0079,2026-08-27T07:41:57.122256+00:00,2026-08-26T13:31:20.739602+00:00,control_execute,"{""action_type"": ""retry_charge"", ""attempt"": 1, ""cost_paise"": 300, ""detail"": ""charge declined: card_expired"", ""succeeded"": false}"
7600e80d-4ab7-4816-9efa-7692d88d051a,sub_0123,2026-08-27T08:00:55.805574+00:00,2026-08-26T07:34:24.996145+00:00,control_execute,"{""action_type"": ""retry_charge"", ""attempt"": 1, ""cost_paise"": 300, ""detail"": ""charge succeeded"", ""succeeded"": true}"
27ede384-90ae-4c9a-acb7-00cf46c49ae5,sub_0123,2026-08-27T08:00:55.805574+00:00,2026-08-26T13:31:20.740050+00:00,control_execute,"{""action_type"": ""retry_charge"", ""attempt"": 1, ""cost_paise"": 300, ""detail"": ""charge succeeded"", ""succeeded"": true}"
c68292df-f23d-4716-9958-cdbb4b5c6ac6,sub_0030,2026-08-27T08:02:04.348756+00:00,2026-08-26T07:34:24.954616+00:00,ingest,"{""attempt_number"": 1, ""error_reason"": ""insufficient_funds"", ""error_source"": ""bank"", ""error_step"": ""payment_authorization"", ""event_id"": ""evt_0030"", ""invoice_id"": ""inv_0030"", ""occurred_at"": ""2026-08-27T08:02:04.348756Z"", ""source"": ""cohort"", ""subscription_id"": ""sub_0030""}"
64966d8b-7357-4a6d-8c6b-72c45899597d,sub_0030,2026-08-27T08:02:04.348756+00:00,2026-08-26T13:31:20.696322+00:00,ingest,"{""attempt_number"": 1, ""error_reason"": ""insufficient_funds"", ""error_source"": ""bank"", ""error_step"": ""payment_authorization"", ""event_id"": ""evt_0030"", ""invoice_id"": ""inv_0030"", ""occurred_at"": ""2026-08-27T08:02:04.348756Z"", ""source"": ""cohort"", ""subscription_id"": ""sub_0030""}"
0448509a-bc47-4ad9-bdae-866a01c87867,sub_0127,2026-08-27T08:06:08.522206+00:00,2026-08-26T07:34:24.996606+00:00,control_execute,"{""action_type"": ""retry_charge"", ""attempt"": 1, ""cost_paise"": 300, ""detail"": ""charge declined: insufficient_funds"", ""succeeded"": false}"
2fdd0533-6cf8-476d-b86f-0e5025f90af0,sub_0127,2026-08-27T08:06:08.522206+00:00,2026-08-26T13:31:20.740550+00:00,control_execute,"{""action_type"": ""retry_charge"", ""attempt"": 1, ""cost_paise"": 300, ""detail"": ""charge declined: insufficient_funds"", ""succeeded"": false}"
54c593c1-aa09-4314-abde-840adf92829f,sub_0155,2026-08-27T08:09:13.964540+00:00,2026-08-26T07:34:24.997071+00:00,control_execute,"{""action_type"": ""retry_charge"", ""attempt"": 1, ""cost_paise"": 300, ""detail"": ""charge succeeded"", ""succeeded"": true}"
8c2f716c-47d5-4f54-b2da-3f33aca9bf7e,sub_0155,2026-08-27T08:09:13.964540+00:00,2026-08-26T13:31:20.741045+00:00,control_execute,"{""action_type"": ""retry_charge"", ""attempt"": 1, ""cost_paise"": 300, ""detail"": ""charge succeeded"", ""succeeded"": true}"
7c13f996-57c2-40eb-828f-f075e57b7b39,sub_0189,2026-08-27T08:16:48.304144+00:00,2026-08-26T07:34:24.997562+00:00,control_execute,"{""action_type"": ""retry_charge"", ""attempt"": 1, ""cost_paise"": 300, ""detail"": ""charge declined: card_expired"", ""succeeded"": false}"
ec357854-5d84-423e-b55a-5aa6369da3a0,sub_0189,2026-08-27T08:16:48.304144+00:00,2026-08-26T13:31:20.748557+00:00,control_execute,"{""action_type"": ""retry_charge"", ""attempt"": 1, ""cost_paise"": 300, ""detail"": ""charge declined: card_expired"", ""succeeded"": false}"
fbc63270-d114-49aa-b1d4-83141627c97f,sub_0177,2026-08-27T08:36:35.575412+00:00,2026-08-26T07:34:24.998234+00:00,control_execute,"{""action_type"": ""retry_charge"", ""attempt"": 1, ""cost_paise"": 300, ""detail"": ""charge succeeded"", ""succeeded"": true}"
d511ba9c-557f-4b49-850d-bed6c4017a37,sub_0177,2026-08-27T08:36:35.575412+00:00,2026-08-26T13:31:20.750086+00:00,control_execute,"{""action_type"": ""retry_charge"", ""attempt"": 1, ""cost_paise"": 300, ""detail"": ""charge succeeded"", ""succeeded"": true}"
1678dc78-2e80-43e9-8783-2c9a8ced09d1,sub_0012,2026-08-27T08:45:15.853637+00:00,2026-08-26T07:34:24.998873+00:00,control_execute,"{""action_type"": ""retry_charge"", ""attempt"": 1, ""cost_paise"": 300, ""detail"": ""charge declined: insufficient_funds"", ""succeeded"": false}"
12b64185-3b9e-41d8-a616-c06be2e23204,sub_0012,2026-08-27T08:45:15.853637+00:00,2026-08-26T13:31:20.750512+00:00,control_execute,"{""action_type"": ""retry_charge"", ""attempt"": 1, ""cost_paise"": 300, ""detail"": ""charge declined: insufficient_funds"", ""succeeded"": false}"
187ece9b-bc6e-417c-883f-c2339c0a6dd9,sub_0187,2026-08-27T08:53:49.545917+00:00,2026-08-26T07:34:24.955021+00:00,ingest,"{""attempt_number"": 1, ""error_reason"": ""bank_technical_error"", ""error_source"": ""bank"", ""error_step"": ""payment_authorization"", ""event_id"": ""evt_0187"", ""invoice_id"": ""inv_0187"", ""occurred_at"": ""2026-08-27T08:53:49.545917Z"", ""source"": ""cohort"", ""subscription_id"": ""sub_0187""}"
2f3343a2-6386-436b-8e7b-ca3714320a3b,sub_0187,2026-08-27T08:53:49.545917+00:00,2026-08-26T13:31:20.696813+00:00,ingest,"{""attempt_number"": 1, ""error_reason"": ""bank_technical_error"", ""error_source"": ""bank"", ""error_step"": ""payment_authorization"", ""event_id"": ""evt_0187"", ""invoice_id"": ""inv_0187"", ""occurred_at"": ""2026-08-27T08:53:49.545917Z"", ""source"": ""cohort"", ""subscription_id"": ""sub_0187""}"
ae231380-47fd-4919-a080-08a3a6de4661,sub_0162,2026-08-27T08:54:15.391734+00:00,2026-08-26T07:34:24.999507+00:00,control_execute,"{""action_type"": ""retry_charge"", ""attempt"": 1, ""cost_paise"": 300, ""detail"": ""charge succeeded"", ""succeeded"": true}"
4049e6dd-c129-4dcc-9d66-c81e1879f14d,sub_0162,2026-08-27T08:54:15.391734+00:00,2026-08-26T13:31:20.750950+00:00,control_execute,"{""action_type"": ""retry_charge"", ""attempt"": 1, ""cost_paise"": 300, ""detail"": ""charge succeeded"", ""succeeded"": true}"
37a8a334-7860-438e-9073-c219040177ed,sub_0183,2026-08-27T08:55:57.771471+00:00,2026-08-26T07:34:25.000069+00:00,control_execute,"{""action_type"": ""retry_charge"", ""attempt"": 1, ""cost_paise"": 300, ""detail"": ""charge declined: bank_technical_error"", ""succeeded"": false}"
e12b8468-94bd-47a8-9773-f22377f2e9bd,sub_0183,2026-08-27T08:55:57.771471+00:00,2026-08-26T13:31:20.751430+00:00,control_execute,"{""action_type"": ""retry_charge"", ""attempt"": 1, ""cost_paise"": 300, ""detail"": ""charge declined: bank_technical_error"", ""succeeded"": false}"
595d423a-9fd9-46f6-90fc-e8096f3844e9,sub_0112,2026-08-27T09:00:53.500717+00:00,2026-08-26T07:34:25.000795+00:00,control_execute,"{""action_type"": ""retry_charge"", ""attempt"": 1, ""cost_paise"": 300, ""detail"": ""charge declined: payment_risk_check_failed"", ""succeeded"": false}"
1dd37f5f-c163-4d1a-bc1f-006c21701841,sub_0112,2026-08-27T09:00:53.500717+00:00,2026-08-26T13:31:20.751873+00:00,control_execute,"{""action_type"": ""retry_charge"", ""attempt"": 1, ""cost_paise"": 300, ""detail"": ""charge declined: payment_risk_check_failed"", ""succeeded"": false}"
70087ac2-3b1c-4369-8edb-e68631aabce0,sub_0070,2026-08-27T09:09:10.741153+00:00,2026-08-26T07:34:25.001510+00:00,control_execute,"{""action_type"": ""retry_charge"", ""attempt"": 1, ""cost_paise"": 300, ""detail"": ""charge declined: bank_technical_error"", ""succeeded"": false}"
38b809de-51f4-431f-a2ea-649dd5ca0331,sub_0070,2026-08-27T09:09:10.741153+00:00,2026-08-26T13:31:20.752359+00:00,control_execute,"{""action_type"": ""retry_charge"", ""attempt"": 1, ""cost_paise"": 300, ""detail"": ""charge declined: bank_technical_error"", ""succeeded"": false}"
122d7c51-6ce3-4914-803b-b37f6af758c7,sub_0159,2026-08-27T09:13:34.197985+00:00,2026-08-26T07:34:25.002270+00:00,control_execute,"{""action_type"": ""retry_charge"", ""attempt"": 1, ""cost_paise"": 300, ""detail"": ""charge succeeded"", ""succeeded"": true}"
42d03b09-f652-4b96-899d-f12c732e9539,sub_0159,2026-08-27T09:13:34.197985+00:00,2026-08-26T13:31:20.752782+00:00,control_execute,"{""action_type"": ""retry_charge"", ""attempt"": 1, ""cost_paise"": 300, ""detail"": ""charge succeeded"", ""succeeded"": true}"
e714eba8-c0a2-4761-9176-511b90811442,sub_0026,2026-08-27T09:15:36.640566+00:00,2026-08-26T07:34:25.002900+00:00,control_execute,"{""action_type"": ""retry_charge"", ""attempt"": 1, ""cost_paise"": 300, ""detail"": ""charge declined: insufficient_funds"", ""succeeded"": false}"
1a138bc7-ce49-4da7-b807-7bae47517327,sub_0026,2026-08-27T09:15:36.640566+00:00,2026-08-26T13:31:20.753334+00:00,control_execute,"{""action_type"": ""retry_charge"", ""attempt"": 1, ""cost_paise"": 300, ""detail"": ""charge declined: insufficient_funds"", ""succeeded"": false}"
d366dbcb-ef1b-4fd6-938e-ae7d02fbf0eb,sub_0138,2026-08-27T09:19:49.502659+00:00,2026-08-26T07:34:25.004119+00:00,control_execute,"{""action_type"": ""retry_charge"", ""attempt"": 2, ""cost_paise"": 300, ""detail"": ""charge declined: card_expired"", ""succeeded"": false}"
2f0fe4d8-0ac2-4b7c-8317-d75df7790a14,sub_0138,2026-08-27T09:19:49.502659+00:00,2026-08-26T13:31:20.753780+00:00,control_execute,"{""action_type"": ""retry_charge"", ""attempt"": 2, ""cost_paise"": 300, ""detail"": ""charge declined: card_expired"", ""succeeded"": false}"
276c6f99-7237-4e01-8652-f48f0020bfdb,sub_0027,2026-08-27T09:20:49.816374+00:00,2026-08-26T07:34:25.004856+00:00,control_execute,"{""action_type"": ""retry_charge"", ""attempt"": 2, ""cost_paise"": 300, ""detail"": ""charge declined: payment_risk_check_failed"", ""succeeded"": false}"
c77d1ca2-e26b-4212-b79e-286f5c71a29b,sub_0027,2026-08-27T09:20:49.816374+00:00,2026-08-26T13:31:20.754265+00:00,control_execute,"{""action_type"": ""retry_charge"", ""attempt"": 2, ""cost_paise"": 300, ""detail"": ""charge declined: payment_risk_check_failed"", ""succeeded"": false}"
1b9f5dc8-8ff6-4fbd-928a-6384787eff8c,sub_0014,2026-08-27T09:20:51.587606+00:00,2026-08-26T07:34:25.005574+00:00,control_execute,"{""action_type"": ""retry_charge"", ""attempt"": 1, ""cost_paise"": 300, ""detail"": ""charge declined: card_declined"", ""succeeded"": false}"
234bccb3-3188-4d10-847a-fc582a8d2e58,sub_0014,2026-08-27T09:20:51.587606+00:00,2026-08-26T13:31:20.754691+00:00,control_execute,"{""action_type"": ""retry_charge"", ""attempt"": 1, ""cost_paise"": 300, ""detail"": ""charge declined: card_declined"", ""succeeded"": false}"
426aed64-91de-4538-97e8-1b00ee326f3a,sub_0069,2026-08-27T09:37:51.369028+00:00,2026-08-26T07:34:25.006557+00:00,control_execute,"{""action_type"": ""retry_charge"", ""attempt"": 2, ""cost_paise"": 300, ""detail"": ""charge declined: card_declined"", ""succeeded"": false}"
088f37bb-2b8d-4e0a-8235-3f542af98319,sub_0069,2026-08-27T09:37:51.369028+00:00,2026-08-26T13:31:20.755131+00:00,control_execute,"{""action_type"": ""retry_charge"", ""attempt"": 2, ""cost_paise"": 300, ""detail"": ""charge declined: card_declined"", ""succeeded"": false}"
41d2c42b-414d-4b7a-9cae-089b7dfca51a,sub_0039,2026-08-27T09:57:45.139445+00:00,2026-08-26T07:34:25.018595+00:00,control_execute,"{""action_type"": ""retry_charge"", ""attempt"": 2, ""cost_paise"": 300, ""detail"": ""charge declined: payment_risk_check_failed"", ""succeeded"": false}"
ce47c228-1c32-4360-a48c-245e407a4d8a,sub_0039,2026-08-27T09:57:45.139445+00:00,2026-08-26T13:31:20.755607+00:00,control_execute,"{""action_type"": ""retry_charge"", ""attempt"": 2, ""cost_paise"": 300, ""detail"": ""charge declined: payment_risk_check_failed"", ""succeeded"": false}"
371cbad2-0651-479a-8c97-b9e32abc5965,sub_0037,2026-08-27T10:00:50.796279+00:00,2026-08-26T07:34:25.020775+00:00,control_execute,"{""action_type"": ""retry_charge"", ""attempt"": 1, ""cost_paise"": 300, ""detail"": ""charge declined: card_expired"", ""succeeded"": false}"
0b84991c-80b6-4397-95d7-d6819fef8611,sub_0037,2026-08-27T10:00:50.796279+00:00,2026-08-26T13:31:20.756055+00:00,control_execute,"{""action_type"": ""retry_charge"", ""attempt"": 1, ""cost_paise"": 300, ""detail"": ""charge declined: card_expired"", ""succeeded"": false}"
d1d8e8c3-2b4d-4d12-a738-1d2744025d20,sub_0071,2026-08-27T10:11:53.802600+00:00,2026-08-26T07:34:25.021713+00:00,control_execute,"{""action_type"": ""retry_charge"", ""attempt"": 1, ""cost_paise"": 300, ""detail"": ""charge succeeded"", ""succeeded"": true}"
4b7817cf-1025-4b06-9adf-a0b4fa415a22,sub_0071,2026-08-27T10:11:53.802600+00:00,2026-08-26T13:31:20.756475+00:00,control_execute,"{""action_type"": ""retry_charge"", ""attempt"": 1, ""cost_paise"": 300, ""detail"": ""charge succeeded"", ""succeeded"": true}"
739921fb-73b6-42e6-bc15-16d70fc14e68,sub_0103,2026-08-27T10:13:20.774803+00:00,2026-08-26T07:34:25.022519+00:00,control_execute,"{""action_type"": ""retry_charge"", ""attempt"": 2, ""cost_paise"": 300, ""detail"": ""charge succeeded"", ""succeeded"": true}"
6e6ace9f-2cd7-4829-b581-4913fd55b661,sub_0103,2026-08-27T10:13:20.774803+00:00,2026-08-26T13:31:20.756868+00:00,control_execute,"{""action_type"": ""retry_charge"", ""attempt"": 2, ""cost_paise"": 300, ""detail"": ""charge succeeded"", ""succeeded"": true}"
bc0ba366-f002-4093-b8ba-50fb04e26c4c,sub_0101,2026-08-27T10:18:21.264500+00:00,2026-08-26T07:34:25.023649+00:00,control_execute,"{""action_type"": ""retry_charge"", ""attempt"": 1, ""cost_paise"": 300, ""detail"": ""charge declined: card_declined"", ""succeeded"": false}"
ab0f169f-230f-43ed-81b2-08713278ce84,sub_0101,2026-08-27T10:18:21.264500+00:00,2026-08-26T13:31:20.757284+00:00,control_execute,"{""action_type"": ""retry_charge"", ""attempt"": 1, ""cost_paise"": 300, ""detail"": ""charge declined: card_declined"", ""succeeded"": false}"
a086e891-12c5-4907-a473-3b7a8b58719d,sub_0064,2026-08-27T10:33:04.576422+00:00,2026-08-26T07:34:25.024933+00:00,control_execute,"{""action_type"": ""retry_charge"", ""attempt"": 2, ""cost_paise"": 300, ""detail"": ""charge declined: payment_risk_check_failed"", ""succeeded"": false}"
7f8adf5f-1da3-473d-885c-22c94aa6ef0d,sub_0064,2026-08-27T10:33:04.576422+00:00,2026-08-26T13:31:20.757725+00:00,control_execute,"{""action_type"": ""retry_charge"", ""attempt"": 2, ""cost_paise"": 300, ""detail"": ""charge declined: payment_risk_check_failed"", ""succeeded"": false}"
93928349-2078-4ef0-93d3-0b5f781fae69,sub_0199,2026-08-27T10:37:24.354309+00:00,2026-08-26T07:34:25.026095+00:00,control_execute,"{""action_type"": ""retry_charge"", ""attempt"": 1, ""cost_paise"": 300, ""detail"": ""charge declined: insufficient_funds"", ""succeeded"": false}"
cace63b7-2890-4ef2-928e-234d468dd79a,sub_0199,2026-08-27T10:37:24.354309+00:00,2026-08-26T13:31:20.758181+00:00,control_execute,"{""action_type"": ""retry_charge"", ""attempt"": 1, ""cost_paise"": 300, ""detail"": ""charge declined: insufficient_funds"", ""succeeded"": false}"
b4959b0d-cfe5-4efc-95e4-1494f6d918c4,sub_0015,2026-08-27T10:38:13.013086+00:00,2026-08-26T07:34:25.026980+00:00,control_execute,"{""action_type"": ""retry_charge"", ""attempt"": 1, ""cost_paise"": 300, ""detail"": ""charge succeeded"", ""succeeded"": true}"
7167c4c6-9c7a-4ca1-b593-bb4414f4feec,sub_0015,2026-08-27T10:38:13.013086+00:00,2026-08-26T13:31:20.758622+00:00,control_execute,"{""action_type"": ""retry_charge"", ""attempt"": 1, ""cost_paise"": 300, ""detail"": ""charge succeeded"", ""succeeded"": true}"
35734f83-e1d4-40bb-aa10-1e17d21b14ff,sub_0179,2026-08-27T10:46:44.359147+00:00,2026-08-26T07:34:25.027793+00:00,control_execute,"{""action_type"": ""retry_charge"", ""attempt"": 2, ""cost_paise"": 300, ""detail"": ""charge declined: card_declined"", ""succeeded"": false}"
091851e3-c9bb-4558-8516-166fc27bafd0,sub_0179,2026-08-27T10:46:44.359147+00:00,2026-08-26T13:31:20.759012+00:00,control_execute,"{""action_type"": ""retry_charge"", ""attempt"": 2, ""cost_paise"": 300, ""detail"": ""charge declined: card_declined"", ""succeeded"": false}"
27c44cb0-90ec-4760-af13-7081fc14d278,sub_0192,2026-08-27T10:47:48.887997+00:00,2026-08-26T07:34:25.028757+00:00,control_execute,"{""action_type"": ""retry_charge"", ""attempt"": 1, ""cost_paise"": 300, ""detail"": ""charge declined: card_expired"", ""succeeded"": false}"
9169605c-658e-4123-91ba-abafdedb88fd,sub_0192,2026-08-27T10:47:48.887997+00:00,2026-08-26T13:31:20.759466+00:00,control_execute,"{""action_type"": ""retry_charge"", ""attempt"": 1, ""cost_paise"": 300, ""detail"": ""charge declined: card_expired"", ""succeeded"": false}"
a73d01c9-40b0-4699-bf34-7ed3cf80fa42,sub_0003,2026-08-27T10:58:00.287437+00:00,2026-08-26T07:34:25.029810+00:00,control_execute,"{""action_type"": ""retry_charge"", ""attempt"": 1, ""cost_paise"": 300, ""detail"": ""charge succeeded"", ""succeeded"": true}"
487e77c3-e9fd-400c-92b3-e8f6b3a22c49,sub_0003,2026-08-27T10:58:00.287437+00:00,2026-08-26T13:31:20.759935+00:00,control_execute,"{""action_type"": ""retry_charge"", ""attempt"": 1, ""cost_paise"": 300, ""detail"": ""charge succeeded"", ""succeeded"": true}"
99dab717-1cc5-4400-9723-64cf07fbc205,sub_0161,2026-08-27T10:59:30.875685+00:00,2026-08-26T07:34:25.030680+00:00,control_execute,"{""action_type"": ""retry_charge"", ""attempt"": 1, ""cost_paise"": 300, ""detail"": ""charge declined: subscription_cancelled"", ""succeeded"": false}"
3b5f33ce-3d2f-45bd-8819-1d68ca4ce2bf,sub_0161,2026-08-27T10:59:30.875685+00:00,2026-08-26T13:31:20.760386+00:00,control_execute,"{""action_type"": ""retry_charge"", ""attempt"": 1, ""cost_paise"": 300, ""detail"": ""charge declined: subscription_cancelled"", ""succeeded"": false}"
72e881fd-fdd4-4fe3-852f-0761e7e56044,sub_0065,2026-08-27T11:06:19.189263+00:00,2026-08-26T07:34:25.031672+00:00,control_execute,"{""action_type"": ""retry_charge"", ""attempt"": 1, ""cost_paise"": 300, ""detail"": ""charge declined: card_expired"", ""succeeded"": false}"
bc0b4aff-ac1b-41fc-a44f-1f54f4723985,sub_0065,2026-08-27T11:06:19.189263+00:00,2026-08-26T13:31:20.760856+00:00,control_execute,"{""action_type"": ""retry_charge"", ""attempt"": 1, ""cost_paise"": 300, ""detail"": ""charge declined: card_expired"", ""succeeded"": false}"
13615d97-dedd-48c2-a671-4b86d3f11425,sub_0077,2026-08-27T11:23:48.224059+00:00,2026-08-26T07:34:25.032396+00:00,control_execute,"{""action_type"": ""retry_charge"", ""attempt"": 2, ""cost_paise"": 300, ""detail"": ""charge succeeded"", ""succeeded"": true}"
f420187d-4c44-4cb2-92d4-cf26bc0a10c1,sub_0077,2026-08-27T11:23:48.224059+00:00,2026-08-26T13:31:20.761300+00:00,control_execute,"{""action_type"": ""retry_charge"", ""attempt"": 2, ""cost_paise"": 300, ""detail"": ""charge succeeded"", ""succeeded"": true}"
0dbec504-d4c3-472a-b3cb-487b2d81302c,sub_0107,2026-08-27T11:24:20.393274+00:00,2026-08-26T07:34:25.033478+00:00,control_execute,"{""action_type"": ""retry_charge"", ""attempt"": 1, ""cost_paise"": 300, ""detail"": ""charge succeeded"", ""succeeded"": true}"
2f2e2da6-3ecf-4ca3-9ab6-fb8c7ceff45c,sub_0107,2026-08-27T11:24:20.393274+00:00,2026-08-26T13:31:20.761760+00:00,control_execute,"{""action_type"": ""retry_charge"", ""attempt"": 1, ""cost_paise"": 300, ""detail"": ""charge succeeded"", ""succeeded"": true}"
dadf05ae-c0f9-4029-9022-4b2004c00ec0,sub_0091,2026-08-27T11:32:49.591620+00:00,2026-08-26T07:34:25.034390+00:00,control_execute,"{""action_type"": ""retry_charge"", ""attempt"": 2, ""cost_paise"": 300, ""detail"": ""charge declined: insufficient_funds"", ""succeeded"": false}"
8d2ba2f1-aedf-4261-bfb8-c65517800f0d,sub_0091,2026-08-27T11:32:49.591620+00:00,2026-08-26T13:31:20.762195+00:00,control_execute,"{""action_type"": ""retry_charge"", ""attempt"": 2, ""cost_paise"": 300, ""detail"": ""charge declined: insufficient_funds"", ""succeeded"": false}"
c4fd18a8-cf02-4aa0-95d4-325f68fcd37b,sub_0158,2026-08-27T11:34:00.105179+00:00,2026-08-26T07:34:25.035273+00:00,control_execute,"{""action_type"": ""retry_charge"", ""attempt"": 2, ""cost_paise"": 300, ""detail"": ""charge declined: insufficient_funds"", ""succeeded"": false}"
489bb024-87a2-46ad-a558-63a675b58297,sub_0158,2026-08-27T11:34:00.105179+00:00,2026-08-26T13:31:20.762603+00:00,control_execute,"{""action_type"": ""retry_charge"", ""attempt"": 2, ""cost_paise"": 300, ""detail"": ""charge declined: insufficient_funds"", ""succeeded"": false}"
d7a54493-4651-4202-a050-bf1ba7776c11,sub_0154,2026-08-27T11:38:10.837341+00:00,2026-08-26T07:34:25.036127+00:00,control_execute,"{""action_type"": ""retry_charge"", ""attempt"": 1, ""cost_paise"": 300, ""detail"": ""charge succeeded"", ""succeeded"": true}"
6feaa0b2-7400-442f-a684-b112a8cb51db,sub_0154,2026-08-27T11:38:10.837341+00:00,2026-08-26T13:31:20.763108+00:00,control_execute,"{""action_type"": ""retry_charge"", ""attempt"": 1, ""cost_paise"": 300, ""detail"": ""charge succeeded"", ""succeeded"": true}"
7c35bc22-1361-490f-9c03-0e630abd7b2a,sub_0111,2026-08-27T11:43:07.169661+00:00,2026-08-26T07:34:25.037013+00:00,control_execute,"{""action_type"": ""retry_charge"", ""attempt"": 1, ""cost_paise"": 300, ""detail"": ""charge declined: card_expired"", ""succeeded"": false}"
5bb9305e-0a40-47b2-9d0a-012a2358039b,sub_0111,2026-08-27T11:43:07.169661+00:00,2026-08-26T13:31:20.763574+00:00,control_execute,"{""action_type"": ""retry_charge"", ""attempt"": 1, ""cost_paise"": 300, ""detail"": ""charge declined: card_expired"", ""succeeded"": false}"
73eda197-1dca-4520-bf65-70d835b0e76d,sub_0063,2026-08-27T11:49:32.995169+00:00,2026-08-26T07:34:25.037865+00:00,control_execute,"{""action_type"": ""retry_charge"", ""attempt"": 1, ""cost_paise"": 300, ""detail"": ""charge declined: insufficient_funds"", ""succeeded"": false}"
de99cc2a-fa3f-416d-b6d9-cdc071c190a5,sub_0063,2026-08-27T11:49:32.995169+00:00,2026-08-26T13:31:20.764022+00:00,control_execute,"{""action_type"": ""retry_charge"", ""attempt"": 1, ""cost_paise"": 300, ""detail"": ""charge declined: insufficient_funds"", ""succeeded"": false}"
99100c1d-52b1-4158-9b2e-9a870c03e8d1,sub_0164,2026-08-27T12:05:21.151544+00:00,2026-08-26T07:34:25.038889+00:00,control_execute,"{""action_type"": ""retry_charge"", ""attempt"": 1, ""cost_paise"": 300, ""detail"": ""charge succeeded"", ""succeeded"": true}"
ff71cb8d-f660-4cee-9dfb-c2bf78b7cb3a,sub_0164,2026-08-27T12:05:21.151544+00:00,2026-08-26T13:31:20.764471+00:00,control_execute,"{""action_type"": ""retry_charge"", ""attempt"": 1, ""cost_paise"": 300, ""detail"": ""charge succeeded"", ""succeeded"": true}"
786d0a90-d9f3-4856-950a-43e50e1dd435,sub_0088,2026-08-27T12:12:11.661359+00:00,2026-08-26T07:34:25.039677+00:00,control_execute,"{""action_type"": ""retry_charge"", ""attempt"": 1, ""cost_paise"": 300, ""detail"": ""charge succeeded"", ""succeeded"": true}"
bb19a733-3b26-480e-bcf4-e13524671a4b,sub_0088,2026-08-27T12:12:11.661359+00:00,2026-08-26T13:31:20.764929+00:00,control_execute,"{""action_type"": ""retry_charge"", ""attempt"": 1, ""cost_paise"": 300, ""detail"": ""charge succeeded"", ""succeeded"": true}"
98dd1761-f236-4d61-ab4e-0fc9185d4941,sub_0169,2026-08-27T12:16:54.025871+00:00,2026-08-26T07:34:25.040453+00:00,control_execute,"{""action_type"": ""retry_charge"", ""attempt"": 1, ""cost_paise"": 300, ""detail"": ""charge declined: card_expired"", ""succeeded"": false}"
24885e9b-deb5-4c75-950f-8a2dfc5c28ed,sub_0169,2026-08-27T12:16:54.025871+00:00,2026-08-26T13:31:20.765357+00:00,control_execute,"{""action_type"": ""retry_charge"", ""attempt"": 1, ""cost_paise"": 300, ""detail"": ""charge declined: card_expired"", ""succeeded"": false}"
d500f9d9-a2dc-42be-b893-d563ffeaba6e,sub_0124,2026-08-27T12:21:16.808344+00:00,2026-08-26T07:34:25.041154+00:00,control_execute,"{""action_type"": ""retry_charge"", ""attempt"": 1, ""cost_paise"": 300, ""detail"": ""charge succeeded"", ""succeeded"": true}"
0c5d840e-f009-4255-90f7-6c95d0fe19c7,sub_0124,2026-08-27T12:21:16.808344+00:00,2026-08-26T13:31:20.765817+00:00,control_execute,"{""action_type"": ""retry_charge"", ""attempt"": 1, ""cost_paise"": 300, ""detail"": ""charge succeeded"", ""succeeded"": true}"
a4834024-6617-4de6-9725-3d3b2c4b2311,sub_0053,2026-08-27T12:50:15.072875+00:00,2026-08-26T07:34:25.041954+00:00,control_execute,"{""action_type"": ""retry_charge"", ""attempt"": 2, ""cost_paise"": 300, ""detail"": ""charge declined: card_declined"", ""succeeded"": false}"
870c92c3-6cb1-483b-b828-e18b2f577ed9,sub_0053,2026-08-27T12:50:15.072875+00:00,2026-08-26T13:31:20.766237+00:00,control_execute,"{""action_type"": ""retry_charge"", ""attempt"": 2, ""cost_paise"": 300, ""detail"": ""charge declined: card_declined"", ""succeeded"": false}"
1d08f5e8-de41-4599-95b6-2a932ae9317c,sub_0118,2026-08-27T13:09:01.708012+00:00,2026-08-26T07:34:25.042847+00:00,control_execute,"{""action_type"": ""retry_charge"", ""attempt"": 1, ""cost_paise"": 300, ""detail"": ""charge declined: card_expired"", ""succeeded"": false}"
fb33f2ca-d772-40fd-be25-0b0fc71e9986,sub_0118,2026-08-27T13:09:01.708012+00:00,2026-08-26T13:31:20.766669+00:00,control_execute,"{""action_type"": ""retry_charge"", ""attempt"": 1, ""cost_paise"": 300, ""detail"": ""charge declined: card_expired"", ""succeeded"": false}"
2313190a-3f85-459b-bb37-0c437f3f82cf,sub_0167,2026-08-27T13:24:43.136197+00:00,2026-08-26T07:34:25.043519+00:00,control_execute,"{""action_type"": ""retry_charge"", ""attempt"": 1, ""cost_paise"": 300, ""detail"": ""charge succeeded"", ""succeeded"": true}"
e5945f67-1787-46c3-af30-a955e18a2fc5,sub_0167,2026-08-27T13:24:43.136197+00:00,2026-08-26T13:31:20.767169+00:00,control_execute,"{""action_type"": ""retry_charge"", ""attempt"": 1, ""cost_paise"": 300, ""detail"": ""charge succeeded"", ""succeeded"": true}"
3c5bbef4-fd30-4594-bbe9-c90c60cfd781,sub_0143,2026-08-27T13:39:05.296776+00:00,2026-08-26T07:34:25.044218+00:00,control_execute,"{""action_type"": ""retry_charge"", ""attempt"": 2, ""cost_paise"": 300, ""detail"": ""charge declined: card_declined"", ""succeeded"": false}"
6a4bcea2-bb2e-4b84-b608-3f02e6264ed3,sub_0143,2026-08-27T13:39:05.296776+00:00,2026-08-26T13:31:20.767611+00:00,control_execute,"{""action_type"": ""retry_charge"", ""attempt"": 2, ""cost_paise"": 300, ""detail"": ""charge declined: card_declined"", ""succeeded"": false}"
7d000afa-048d-4fca-bcdf-467ccca30ed8,sub_0175,2026-08-27T13:51:55.694577+00:00,2026-08-26T07:34:25.044953+00:00,control_execute,"{""action_type"": ""retry_charge"", ""attempt"": 1, ""cost_paise"": 300, ""detail"": ""charge succeeded"", ""succeeded"": true}"
3cdb4fad-8b8c-436f-a947-6e3eb318d812,sub_0175,2026-08-27T13:51:55.694577+00:00,2026-08-26T13:31:20.768057+00:00,control_execute,"{""action_type"": ""retry_charge"", ""attempt"": 1, ""cost_paise"": 300, ""detail"": ""charge succeeded"", ""succeeded"": true}"
96149ea0-4f14-40a4-be12-68a54abe2389,sub_0089,2026-08-27T14:00:46.345117+00:00,2026-08-26T07:34:25.045574+00:00,control_execute,"{""action_type"": ""retry_charge"", ""attempt"": 1, ""cost_paise"": 300, ""detail"": ""charge declined: insufficient_funds"", ""succeeded"": false}"
722411fe-91b4-4d8c-ac4f-8e871a1eef40,sub_0089,2026-08-27T14:00:46.345117+00:00,2026-08-26T13:31:20.768514+00:00,control_execute,"{""action_type"": ""retry_charge"", ""attempt"": 1, ""cost_paise"": 300, ""detail"": ""charge declined: insufficient_funds"", ""succeeded"": false}"
bce88b3a-6fbe-4f4a-bd97-9387c2c85b8d,sub_0047,2026-08-27T14:02:01.834223+00:00,2026-08-26T07:34:25.046171+00:00,control_execute,"{""action_type"": ""retry_charge"", ""attempt"": 2, ""cost_paise"": 300, ""detail"": ""charge succeeded"", ""succeeded"": true}"
18e2898b-9ed1-427d-a711-935f64305558,sub_0047,2026-08-27T14:02:01.834223+00:00,2026-08-26T13:31:20.768987+00:00,control_execute,"{""action_type"": ""retry_charge"", ""attempt"": 2, ""cost_paise"": 300, ""detail"": ""charge succeeded"", ""succeeded"": true}"
4e7321c6-a90e-4bae-922a-7902d47dd414,sub_0024,2026-08-27T14:02:22.002086+00:00,2026-08-26T07:34:25.046850+00:00,control_execute,"{""action_type"": ""retry_charge"", ""attempt"": 1, ""cost_paise"": 300, ""detail"": ""charge succeeded"", ""succeeded"": true}"
31adf6eb-c15d-4f01-9e64-7c8f1cfbc3f1,sub_0024,2026-08-27T14:02:22.002086+00:00,2026-08-26T13:31:20.769416+00:00,control_execute,"{""action_type"": ""retry_charge"", ""attempt"": 1, ""cost_paise"": 300, ""detail"": ""charge succeeded"", ""succeeded"": true}"
d387c61a-7b17-49c1-9c9c-722b7452bc0f,sub_0001,2026-08-27T14:04:07.598808+00:00,2026-08-26T07:34:25.047523+00:00,control_execute,"{""action_type"": ""retry_charge"", ""attempt"": 1, ""cost_paise"": 300, ""detail"": ""charge succeeded"", ""succeeded"": true}"
4bb9277f-bb6d-4e05-abe9-fcf81749e323,sub_0001,2026-08-27T14:04:07.598808+00:00,2026-08-26T13:31:20.769872+00:00,control_execute,"{""action_type"": ""retry_charge"", ""attempt"": 1, ""cost_paise"": 300, ""detail"": ""charge succeeded"", ""succeeded"": true}"
0e9114e5-cc01-4c4f-9c20-d1a7aa1dc860,sub_0106,2026-08-27T14:07:25.310925+00:00,2026-08-26T07:34:25.048288+00:00,control_execute,"{""action_type"": ""retry_charge"", ""attempt"": 2, ""cost_paise"": 300, ""detail"": ""charge declined: insufficient_funds"", ""succeeded"": false}"
ed2501c7-f22c-487e-8fd3-e49933a0ead5,sub_0106,2026-08-27T14:07:25.310925+00:00,2026-08-26T13:31:20.770314+00:00,control_execute,"{""action_type"": ""retry_charge"", ""attempt"": 2, ""cost_paise"": 300, ""detail"": ""charge declined: insufficient_funds"", ""succeeded"": false}"
c97e8d7c-24bf-4502-95c4-36edc23058a3,sub_0029,2026-08-27T14:18:08.718849+00:00,2026-08-26T07:34:25.049007+00:00,control_execute,"{""action_type"": ""retry_charge"", ""attempt"": 1, ""cost_paise"": 300, ""detail"": ""charge declined: payment_risk_check_failed"", ""succeeded"": false}"
859692c2-9c4f-42df-9199-28cfaaed792c,sub_0029,2026-08-27T14:18:08.718849+00:00,2026-08-26T13:31:20.770861+00:00,control_execute,"{""action_type"": ""retry_charge"", ""attempt"": 1, ""cost_paise"": 300, ""detail"": ""charge declined: payment_risk_check_failed"", ""succeeded"": false}"
7c263b23-5b62-4d32-9bde-399463f9c9db,sub_0180,2026-08-27T14:21:19.917397+00:00,2026-08-26T07:34:25.049835+00:00,control_execute,"{""action_type"": ""retry_charge"", ""attempt"": 2, ""cost_paise"": 300, ""detail"": ""charge declined: card_expired"", ""succeeded"": false}"
3578efe3-65c2-418d-9666-30346af2a052,sub_0180,2026-08-27T14:21:19.917397+00:00,2026-08-26T13:31:20.771359+00:00,control_execute,"{""action_type"": ""retry_charge"", ""attempt"": 2, ""cost_paise"": 300, ""detail"": ""charge declined: card_expired"", ""succeeded"": false}"
1129c6dd-ba20-49bc-8eae-42e9d8d63ce0,sub_0136,2026-08-27T14:39:44.790778+00:00,2026-08-26T07:34:25.050455+00:00,control_execute,"{""action_type"": ""retry_charge"", ""attempt"": 2, ""cost_paise"": 300, ""detail"": ""charge declined: card_expired"", ""succeeded"": false}"
aca576a0-f79c-4f14-8740-db28f427fa93,sub_0136,2026-08-27T14:39:44.790778+00:00,2026-08-26T13:31:20.771767+00:00,control_execute,"{""action_type"": ""retry_charge"", ""attempt"": 2, ""cost_paise"": 300, ""detail"": ""charge declined: card_expired"", ""succeeded"": false}"
144810f8-e96a-446d-98a5-46900f2eecf0,sub_0078,2026-08-27T14:40:05.796253+00:00,2026-08-26T07:34:25.050992+00:00,control_execute,"{""action_type"": ""retry_charge"", ""attempt"": 1, ""cost_paise"": 300, ""detail"": ""charge declined: insufficient_funds"", ""succeeded"": false}"
ab3d302d-3d29-4a73-bc4d-14a17aba582b,sub_0078,2026-08-27T14:40:05.796253+00:00,2026-08-26T13:31:20.772220+00:00,control_execute,"{""action_type"": ""retry_charge"", ""attempt"": 1, ""cost_paise"": 300, ""detail"": ""charge declined: insufficient_funds"", ""succeeded"": false}"
ee4334a7-ca08-4d84-9026-25fef1338d21,sub_0034,2026-08-27T14:45:57.796205+00:00,2026-08-26T07:34:25.051546+00:00,control_execute,"{""action_type"": ""retry_charge"", ""attempt"": 1, ""cost_paise"": 300, ""detail"": ""charge declined: card_expired"", ""succeeded"": false}"
139192ff-5b40-4626-9962-8e1476f84300,sub_0034,2026-08-27T14:45:57.796205+00:00,2026-08-26T13:31:20.772700+00:00,control_execute,"{""action_type"": ""retry_charge"", ""attempt"": 1, ""cost_paise"": 300, ""detail"": ""charge declined: card_expired"", ""succeeded"": false}"
f19af592-0616-4c01-8db1-5a11093f6308,sub_0097,2026-08-27T14:49:46.727883+00:00,2026-08-26T07:34:25.052117+00:00,control_execute,"{""action_type"": ""retry_charge"", ""attempt"": 2, ""cost_paise"": 300, ""detail"": ""charge succeeded"", ""succeeded"": true}"
01146cca-a9b3-4ea8-afd5-ee8cbc0c821b,sub_0097,2026-08-27T14:49:46.727883+00:00,2026-08-26T13:31:20.773120+00:00,control_execute,"{""action_type"": ""retry_charge"", ""attempt"": 2, ""cost_paise"": 300, ""detail"": ""charge succeeded"", ""succeeded"": true}"
08c794fb-0e83-4706-a9f1-581b70985dd6,sub_0152,2026-08-27T14:54:37.005955+00:00,2026-08-26T07:34:25.052621+00:00,control_execute,"{""action_type"": ""retry_charge"", ""attempt"": 2, ""cost_paise"": 300, ""detail"": ""charge declined: card_declined"", ""succeeded"": false}"
dafb3d04-2e98-4f9b-9282-d36334f312bb,sub_0152,2026-08-27T14:54:37.005955+00:00,2026-08-26T13:31:20.773514+00:00,control_execute,"{""action_type"": ""retry_charge"", ""attempt"": 2, ""cost_paise"": 300, ""detail"": ""charge declined: card_declined"", ""succeeded"": false}"
8294e9aa-148b-4ed0-91c5-2ccae34a9c16,sub_0081,2026-08-27T14:58:55.413329+00:00,2026-08-26T07:34:25.053107+00:00,control_execute,"{""action_type"": ""retry_charge"", ""attempt"": 2, ""cost_paise"": 300, ""detail"": ""charge declined: card_declined"", ""succeeded"": false}"
89076527-17b6-4915-9fdc-96bb78f2a51c,sub_0081,2026-08-27T14:58:55.413329+00:00,2026-08-26T13:31:20.773919+00:00,control_execute,"{""action_type"": ""retry_charge"", ""attempt"": 2, ""cost_paise"": 300, ""detail"": ""charge declined: card_declined"", ""succeeded"": false}"
3697a0ac-b580-4171-a5e9-f0becd5d1e5b,sub_0173,2026-08-27T15:24:53.320725+00:00,2026-08-26T07:34:25.053935+00:00,control_execute,"{""action_type"": ""retry_charge"", ""attempt"": 1, ""cost_paise"": 300, ""detail"": ""charge declined: subscription_cancelled"", ""succeeded"": false}"
95728d7e-b355-4922-885b-accc8cd8e592,sub_0173,2026-08-27T15:24:53.320725+00:00,2026-08-26T13:31:20.774388+00:00,control_execute,"{""action_type"": ""retry_charge"", ""attempt"": 1, ""cost_paise"": 300, ""detail"": ""charge declined: subscription_cancelled"", ""succeeded"": false}"
e90baab3-35cf-4a40-9440-19a1e33393ba,sub_0181,2026-08-27T15:30:29.569274+00:00,2026-08-26T07:34:25.054596+00:00,control_execute,"{""action_type"": ""retry_charge"", ""attempt"": 2, ""cost_paise"": 300, ""detail"": ""charge declined: insufficient_funds"", ""succeeded"": false}"
670ef241-0020-402c-b7ca-d6638c716142,sub_0181,2026-08-27T15:30:29.569274+00:00,2026-08-26T13:31:20.774808+00:00,control_execute,"{""action_type"": ""retry_charge"", ""attempt"": 2, ""cost_paise"": 300, ""detail"": ""charge declined: insufficient_funds"", ""succeeded"": false}"
be89098d-12da-4ffe-98b8-a996591e32d0,sub_0090,2026-08-27T15:33:37.685682+00:00,2026-08-26T07:34:25.055303+00:00,control_execute,"{""action_type"": ""retry_charge"", ""attempt"": 1, ""cost_paise"": 300, ""detail"": ""charge declined: card_declined"", ""succeeded"": false}"
7b358b3c-03dd-4416-ac5a-c93de7e56a2c,sub_0090,2026-08-27T15:33:37.685682+00:00,2026-08-26T13:31:20.775238+00:00,control_execute,"{""action_type"": ""retry_charge"", ""attempt"": 1, ""cost_paise"": 300, ""detail"": ""charge declined: card_declined"", ""succeeded"": false}"
d4d2adb3-74e4-4525-9409-63dbc8eb5f26,sub_0004,2026-08-27T15:40:30.974686+00:00,2026-08-26T07:34:25.055877+00:00,control_execute,"{""action_type"": ""retry_charge"", ""attempt"": 1, ""cost_paise"": 300, ""detail"": ""charge declined: card_expired"", ""succeeded"": false}"
8e5bed20-e18c-4909-ab48-4b04c38dc5d3,sub_0004,2026-08-27T15:40:30.974686+00:00,2026-08-26T13:31:20.775687+00:00,control_execute,"{""action_type"": ""retry_charge"", ""attempt"": 1, ""cost_paise"": 300, ""detail"": ""charge declined: card_expired"", ""succeeded"": false}"
43713100-9e7d-4c27-a6cf-8152b90e369f,sub_0033,2026-08-27T15:54:23.970537+00:00,2026-08-26T07:34:25.056470+00:00,control_execute,"{""action_type"": ""retry_charge"", ""attempt"": 1, ""cost_paise"": 300, ""detail"": ""charge declined: card_declined"", ""succeeded"": false}"
ac8d41eb-88a4-422a-ba58-7c28d34cc8ee,sub_0033,2026-08-27T15:54:23.970537+00:00,2026-08-26T13:31:20.776158+00:00,control_execute,"{""action_type"": ""retry_charge"", ""attempt"": 1, ""cost_paise"": 300, ""detail"": ""charge declined: card_declined"", ""succeeded"": false}"
2a85a5a4-b88f-497c-8f5b-1d3449a234b8,sub_0150,2026-08-27T16:00:00.181505+00:00,2026-08-26T07:34:25.057090+00:00,control_execute,"{""action_type"": ""retry_charge"", ""attempt"": 1, ""cost_paise"": 300, ""detail"": ""charge succeeded"", ""succeeded"": true}"
7d02248f-b9a1-4ba2-bf65-9cd6a2345835,sub_0150,2026-08-27T16:00:00.181505+00:00,2026-08-26T13:31:20.776591+00:00,control_execute,"{""action_type"": ""retry_charge"", ""attempt"": 1, ""cost_paise"": 300, ""detail"": ""charge succeeded"", ""succeeded"": true}"
b943222f-bec6-4dab-8afb-0ecbc6477c99,sub_0109,2026-08-27T16:00:24.113595+00:00,2026-08-26T07:34:25.057736+00:00,control_execute,"{""action_type"": ""retry_charge"", ""attempt"": 1, ""cost_paise"": 300, ""detail"": ""charge declined: insufficient_funds"", ""succeeded"": false}"
5953fd43-2e58-4368-8eaa-393652577e62,sub_0109,2026-08-27T16:00:24.113595+00:00,2026-08-26T13:31:20.777018+00:00,control_execute,"{""action_type"": ""retry_charge"", ""attempt"": 1, ""cost_paise"": 300, ""detail"": ""charge declined: insufficient_funds"", ""succeeded"": false}"
76697058-bb64-49bb-ad6a-4eb24aa5d47e,sub_0130,2026-08-27T16:06:57.576236+00:00,2026-08-26T07:34:25.058384+00:00,control_execute,"{""action_type"": ""retry_charge"", ""attempt"": 1, ""cost_paise"": 300, ""detail"": ""charge declined: insufficient_funds"", ""succeeded"": false}"
fefaedb0-505a-4e21-990c-b0c82f545248,sub_0130,2026-08-27T16:06:57.576236+00:00,2026-08-26T13:31:20.777448+00:00,control_execute,"{""action_type"": ""retry_charge"", ""attempt"": 1, ""cost_paise"": 300, ""detail"": ""charge declined: insufficient_funds"", ""succeeded"": false}"
b906cafc-be99-4438-a8be-2da9e4ccbe2c,sub_0050,2026-08-27T16:10:40.337746+00:00,2026-08-26T07:34:25.058973+00:00,control_execute,"{""action_type"": ""retry_charge"", ""attempt"": 1, ""cost_paise"": 300, ""detail"": ""charge succeeded"", ""succeeded"": true}"
2993c223-1ffa-4773-ae22-02bd2cea920a,sub_0050,2026-08-27T16:10:40.337746+00:00,2026-08-26T13:31:20.777977+00:00,control_execute,"{""action_type"": ""retry_charge"", ""attempt"": 1, ""cost_paise"": 300, ""detail"": ""charge succeeded"", ""succeeded"": true}"
07531e84-eb79-44b5-abfc-96c6fc60597e,sub_0062,2026-08-27T16:29:16.430025+00:00,2026-08-26T07:34:25.059529+00:00,control_execute,"{""action_type"": ""retry_charge"", ""attempt"": 2, ""cost_paise"": 300, ""detail"": ""charge declined: card_expired"", ""succeeded"": false}"
47a7935e-89d4-45bf-aed0-3b7fb3d4d86f,sub_0062,2026-08-27T16:29:16.430025+00:00,2026-08-26T13:31:20.778441+00:00,control_execute,"{""action_type"": ""retry_charge"", ""attempt"": 2, ""cost_paise"": 300, ""detail"": ""charge declined: card_expired"", ""succeeded"": false}"
d11d138e-20da-4dad-b540-dc34948ed220,sub_0116,2026-08-27T16:48:14.407062+00:00,2026-08-26T07:34:25.060062+00:00,control_execute,"{""action_type"": ""retry_charge"", ""attempt"": 2, ""cost_paise"": 300, ""detail"": ""charge declined: card_expired"", ""succeeded"": false}"
2f155440-e7d3-43b6-9bfd-0273d6c6a3b0,sub_0116,2026-08-27T16:48:14.407062+00:00,2026-08-26T13:31:20.778850+00:00,control_execute,"{""action_type"": ""retry_charge"", ""attempt"": 2, ""cost_paise"": 300, ""detail"": ""charge declined: card_expired"", ""succeeded"": false}"
fbf39c1e-43ce-432e-9efe-d6ce95e8edc3,sub_0148,2026-08-27T17:00:37.269608+00:00,2026-08-26T07:34:25.060562+00:00,control_execute,"{""action_type"": ""retry_charge"", ""attempt"": 1, ""cost_paise"": 300, ""detail"": ""charge declined: card_expired"", ""succeeded"": false}"
285bd7c4-ad40-4b76-b16a-8d09e385dd4a,sub_0148,2026-08-27T17:00:37.269608+00:00,2026-08-26T13:31:20.779270+00:00,control_execute,"{""action_type"": ""retry_charge"", ""attempt"": 1, ""cost_paise"": 300, ""detail"": ""charge declined: card_expired"", ""succeeded"": false}"
f1f94e10-2e26-4ef1-a3d2-521575b7aeab,sub_0098,2026-08-27T17:02:34.640433+00:00,2026-08-26T07:34:25.061119+00:00,control_execute,"{""action_type"": ""retry_charge"", ""attempt"": 1, ""cost_paise"": 300, ""detail"": ""charge succeeded"", ""succeeded"": true}"
f8e5b4ee-1c66-46d9-9644-16c679ff0433,sub_0098,2026-08-27T17:02:34.640433+00:00,2026-08-26T13:31:20.779691+00:00,control_execute,"{""action_type"": ""retry_charge"", ""attempt"": 1, ""cost_paise"": 300, ""detail"": ""charge succeeded"", ""succeeded"": true}"
2783b7d0-81be-4834-98f8-2b52721d8976,sub_0166,2026-08-27T17:10:01.777509+00:00,2026-08-26T07:34:25.061868+00:00,control_execute,"{""action_type"": ""retry_charge"", ""attempt"": 1, ""cost_paise"": 300, ""detail"": ""charge succeeded"", ""succeeded"": true}"
9e561e8a-1d27-40f9-8992-f682ba418708,sub_0166,2026-08-27T17:10:01.777509+00:00,2026-08-26T13:31:20.780133+00:00,control_execute,"{""action_type"": ""retry_charge"", ""attempt"": 1, ""cost_paise"": 300, ""detail"": ""charge succeeded"", ""succeeded"": true}"
4838f222-e8fd-46b2-8386-6af6b8cfebf3,sub_0075,2026-08-27T17:13:21.030658+00:00,2026-08-26T07:34:25.062502+00:00,control_execute,"{""action_type"": ""retry_charge"", ""attempt"": 2, ""cost_paise"": 300, ""detail"": ""charge declined: card_expired"", ""succeeded"": false}"
8f9cc3a4-b5eb-43af-a854-72eec8f649d7,sub_0075,2026-08-27T17:13:21.030658+00:00,2026-08-26T13:31:20.780581+00:00,control_execute,"{""action_type"": ""retry_charge"", ""attempt"": 2, ""cost_paise"": 300, ""detail"": ""charge declined: card_expired"", ""succeeded"": false}"
47906d2d-b8fe-4c6a-a11e-e1cce7cc0604,sub_0121,2026-08-27T17:13:35.332367+00:00,2026-08-26T07:34:25.063071+00:00,control_execute,"{""action_type"": ""retry_charge"", ""attempt"": 1, ""cost_paise"": 300, ""detail"": ""charge succeeded"", ""succeeded"": true}"
39e32260-29e8-4414-9942-3718e223e95e,sub_0121,2026-08-27T17:13:35.332367+00:00,2026-08-26T13:31:20.781011+00:00,control_execute,"{""action_type"": ""retry_charge"", ""attempt"": 1, ""cost_paise"": 300, ""detail"": ""charge succeeded"", ""succeeded"": true}"
b30e9971-f1cb-4a38-b9a5-3b4e9cf7f531,sub_0006,2026-08-27T17:13:39.902944+00:00,2026-08-26T07:34:25.063710+00:00,control_execute,"{""action_type"": ""retry_charge"", ""attempt"": 1, ""cost_paise"": 300, ""detail"": ""charge declined: card_expired"", ""succeeded"": false}"
7d0e71fd-9008-4dc4-baca-4e435bffe547,sub_0006,2026-08-27T17:13:39.902944+00:00,2026-08-26T13:31:20.781432+00:00,control_execute,"{""action_type"": ""retry_charge"", ""attempt"": 1, ""cost_paise"": 300, ""detail"": ""charge declined: card_expired"", ""succeeded"": false}"
afaf303e-fa8d-4c0e-9831-855d92224281,sub_0147,2026-08-27T17:17:44.168657+00:00,2026-08-26T07:34:25.064353+00:00,control_execute,"{""action_type"": ""retry_charge"", ""attempt"": 1, ""cost_paise"": 300, ""detail"": ""charge declined: subscription_cancelled"", ""succeeded"": false}"
e75b37dc-08f7-438b-9bd1-a48375204f67,sub_0147,2026-08-27T17:17:44.168657+00:00,2026-08-26T13:31:20.781916+00:00,control_execute,"{""action_type"": ""retry_charge"", ""attempt"": 1, ""cost_paise"": 300, ""detail"": ""charge declined: subscription_cancelled"", ""succeeded"": false}"
fc5eef69-8462-4cf1-aed3-15900d3be113,sub_0045,2026-08-27T17:30:58.352462+00:00,2026-08-26T07:34:25.064879+00:00,control_execute,"{""action_type"": ""retry_charge"", ""attempt"": 2, ""cost_paise"": 300, ""detail"": ""charge declined: card_expired"", ""succeeded"": false}"
bd2684b9-c164-4c3d-9b80-5396d0e33c4c,sub_0045,2026-08-27T17:30:58.352462+00:00,2026-08-26T13:31:20.782451+00:00,control_execute,"{""action_type"": ""retry_charge"", ""attempt"": 2, ""cost_paise"": 300, ""detail"": ""charge declined: card_expired"", ""succeeded"": false}"
2fe43575-9c2a-483a-9fd5-99867e27a753,sub_0144,2026-08-27T17:33:52.415049+00:00,2026-08-26T07:34:25.065360+00:00,control_execute,"{""action_type"": ""retry_charge"", ""attempt"": 1, ""cost_paise"": 300, ""detail"": ""charge declined: subscription_cancelled"", ""succeeded"": false}"
04b51c60-0d01-4d30-bc1b-cc96e17fa225,sub_0144,2026-08-27T17:33:52.415049+00:00,2026-08-26T13:31:20.782902+00:00,control_execute,"{""action_type"": ""retry_charge"", ""attempt"": 1, ""cost_paise"": 300, ""detail"": ""charge declined: subscription_cancelled"", ""succeeded"": false}"
b02363f3-cd2d-4f27-9d68-7aa4d68f8869,sub_0151,2026-08-27T17:35:49.243832+00:00,2026-08-26T07:34:25.065789+00:00,control_execute,"{""action_type"": ""retry_charge"", ""attempt"": 2, ""cost_paise"": 300, ""detail"": ""charge declined: bank_technical_error"", ""succeeded"": false}"
e367e760-23c7-493d-9395-f8b6ab901112,sub_0151,2026-08-27T17:35:49.243832+00:00,2026-08-26T13:31:20.783314+00:00,control_execute,"{""action_type"": ""retry_charge"", ""attempt"": 2, ""cost_paise"": 300, ""detail"": ""charge declined: bank_technical_error"", ""succeeded"": false}"
8704c9b3-c41b-407f-84b1-0f9c3d96cedd,sub_0102,2026-08-27T17:35:57.742935+00:00,2026-08-26T07:34:25.066234+00:00,control_execute,"{""action_type"": ""retry_charge"", ""attempt"": 2, ""cost_paise"": 300, ""detail"": ""charge declined: card_expired"", ""succeeded"": false}"
11abf430-6ce0-459c-9bb0-4629cf20e661,sub_0102,2026-08-27T17:35:57.742935+00:00,2026-08-26T13:31:20.783779+00:00,control_execute,"{""action_type"": ""retry_charge"", ""attempt"": 2, ""cost_paise"": 300, ""detail"": ""charge declined: card_expired"", ""succeeded"": false}"
e8569fdd-5b76-42d1-b37b-91ceceb5e001,sub_0165,2026-08-27T17:52:21.376631+00:00,2026-08-26T07:34:25.066669+00:00,control_execute,"{""action_type"": ""retry_charge"", ""attempt"": 2, ""cost_paise"": 300, ""detail"": ""charge declined: subscription_cancelled"", ""succeeded"": false}"
9b406d63-243f-4742-8788-0c066c4fccb3,sub_0165,2026-08-27T17:52:21.376631+00:00,2026-08-26T13:31:20.784215+00:00,control_execute,"{""action_type"": ""retry_charge"", ""attempt"": 2, ""cost_paise"": 300, ""detail"": ""charge declined: subscription_cancelled"", ""succeeded"": false}"
e0708401-307d-4f07-aa83-015ef13bf534,sub_0133,2026-08-27T17:59:05.697012+00:00,2026-08-26T07:34:25.067093+00:00,control_execute,"{""action_type"": ""retry_charge"", ""attempt"": 2, ""cost_paise"": 300, ""detail"": ""charge declined: card_declined"", ""succeeded"": false}"
8d66ba2f-564a-437f-8910-24cb3ce6df22,sub_0133,2026-08-27T17:59:05.697012+00:00,2026-08-26T13:31:20.784614+00:00,control_execute,"{""action_type"": ""retry_charge"", ""attempt"": 2, ""cost_paise"": 300, ""detail"": ""charge declined: card_declined"", ""succeeded"": false}"
652cc281-0d22-47d8-8eae-adcbc8d4cd36,sub_0114,2026-08-27T18:09:36.825445+00:00,2026-08-26T07:34:25.067626+00:00,control_execute,"{""action_type"": ""retry_charge"", ""attempt"": 1, ""cost_paise"": 300, ""detail"": ""charge declined: payment_risk_check_failed"", ""succeeded"": false}"
216049da-2cc4-4982-a35a-d205964f1f07,sub_0114,2026-08-27T18:09:36.825445+00:00,2026-08-26T13:31:20.785024+00:00,control_execute,"{""action_type"": ""retry_charge"", ""attempt"": 1, ""cost_paise"": 300, ""detail"": ""charge declined: payment_risk_check_failed"", ""succeeded"": false}"
2a67d44d-9d91-4968-978a-6bd648f7a05d,sub_0094,2026-08-27T18:22:05.228735+00:00,2026-08-26T07:34:25.068239+00:00,control_execute,"{""action_type"": ""retry_charge"", ""attempt"": 1, ""cost_paise"": 300, ""detail"": ""charge declined: insufficient_funds"", ""succeeded"": false}"
bf3a170f-187a-446d-a0ef-1144762e056b,sub_0094,2026-08-27T18:22:05.228735+00:00,2026-08-26T13:31:20.785459+00:00,control_execute,"{""action_type"": ""retry_charge"", ""attempt"": 1, ""cost_paise"": 300, ""detail"": ""charge declined: insufficient_funds"", ""succeeded"": false}"
0407a0d2-0d6d-494c-a80e-78a68b4c7eff,sub_0018,2026-08-27T18:32:00.822393+00:00,2026-08-26T07:34:25.068818+00:00,control_execute,"{""action_type"": ""retry_charge"", ""attempt"": 1, ""cost_paise"": 300, ""detail"": ""charge declined: payment_risk_check_failed"", ""succeeded"": false}"
069be1f7-e443-445a-a1a7-2e4fa95f9c06,sub_0018,2026-08-27T18:32:00.822393+00:00,2026-08-26T13:31:20.785900+00:00,control_execute,"{""action_type"": ""retry_charge"", ""attempt"": 1, ""cost_paise"": 300, ""detail"": ""charge declined: payment_risk_check_failed"", ""succeeded"": false}"
9f1eb392-1394-410f-bd46-72eaabeb2c89,sub_0178,2026-08-27T18:32:51.135484+00:00,2026-08-26T07:34:25.069302+00:00,control_execute,"{""action_type"": ""retry_charge"", ""attempt"": 2, ""cost_paise"": 300, ""detail"": ""charge succeeded"", ""succeeded"": true}"
2c93dded-2a7b-4cc1-aaf1-ea967e30bc5b,sub_0178,2026-08-27T18:32:51.135484+00:00,2026-08-26T13:31:20.786335+00:00,control_execute,"{""action_type"": ""retry_charge"", ""attempt"": 2, ""cost_paise"": 300, ""detail"": ""charge succeeded"", ""succeeded"": true}"
97b0658e-e3d3-449f-8d15-76f66da56e20,sub_0126,2026-08-27T18:40:17.250022+00:00,2026-08-26T07:34:25.069780+00:00,control_execute,"{""action_type"": ""retry_charge"", ""attempt"": 1, ""cost_paise"": 300, ""detail"": ""charge succeeded"", ""succeeded"": true}"
66ef5fac-b06b-4b53-8cdd-477c0da745fc,sub_0126,2026-08-27T18:40:17.250022+00:00,2026-08-26T13:31:20.786747+00:00,control_execute,"{""action_type"": ""retry_charge"", ""attempt"": 1, ""cost_paise"": 300, ""detail"": ""charge succeeded"", ""succeeded"": true}"
c419839c-9227-429b-9553-ea8ccc789008,sub_0019,2026-08-27T19:15:47.581086+00:00,2026-08-26T07:34:25.070188+00:00,control_execute,"{""action_type"": ""retry_charge"", ""attempt"": 1, ""cost_paise"": 300, ""detail"": ""charge succeeded"", ""succeeded"": true}"
6252cfce-3e8a-4209-bb4a-8666bf127bb8,sub_0019,2026-08-27T19:15:47.581086+00:00,2026-08-26T13:31:20.787176+00:00,control_execute,"{""action_type"": ""retry_charge"", ""attempt"": 1, ""cost_paise"": 300, ""detail"": ""charge succeeded"", ""succeeded"": true}"
f815e3b2-210e-4fe6-9b97-d7c5ff2fe10a,sub_0009,2026-08-27T19:16:41.574768+00:00,2026-08-26T07:34:25.070632+00:00,control_execute,"{""action_type"": ""retry_charge"", ""attempt"": 1, ""cost_paise"": 300, ""detail"": ""charge succeeded"", ""succeeded"": true}"
5bfad16e-945c-4080-b318-ee774122377b,sub_0009,2026-08-27T19:16:41.574768+00:00,2026-08-26T13:31:20.787622+00:00,control_execute,"{""action_type"": ""retry_charge"", ""attempt"": 1, ""cost_paise"": 300, ""detail"": ""charge succeeded"", ""succeeded"": true}"
c1130d61-5149-42e9-b487-22a6d57709f7,sub_0186,2026-08-27T19:21:56.526564+00:00,2026-08-26T07:34:25.071266+00:00,control_execute,"{""action_type"": ""retry_charge"", ""attempt"": 1, ""cost_paise"": 300, ""detail"": ""charge declined: card_declined"", ""succeeded"": false}"
2e4a8dcb-5ac6-43b8-aad3-c37235861970,sub_0186,2026-08-27T19:21:56.526564+00:00,2026-08-26T13:31:20.788078+00:00,control_execute,"{""action_type"": ""retry_charge"", ""attempt"": 1, ""cost_paise"": 300, ""detail"": ""charge declined: card_declined"", ""succeeded"": false}"
4697292c-2f81-46d0-b24f-885f452c9fc4,sub_0087,2026-08-27T19:22:12.199646+00:00,2026-08-26T07:34:25.071819+00:00,control_execute,"{""action_type"": ""retry_charge"", ""attempt"": 1, ""cost_paise"": 300, ""detail"": ""charge succeeded"", ""succeeded"": true}"
7aeb3a77-39f9-4acb-a469-ed084a89889d,sub_0087,2026-08-27T19:22:12.199646+00:00,2026-08-26T13:31:20.788513+00:00,control_execute,"{""action_type"": ""retry_charge"", ""attempt"": 1, ""cost_paise"": 300, ""detail"": ""charge succeeded"", ""succeeded"": true}"
3b82f232-fdee-4e65-9142-502fed93b490,sub_0149,2026-08-27T19:28:06.523626+00:00,2026-08-26T07:34:25.072358+00:00,control_execute,"{""action_type"": ""retry_charge"", ""attempt"": 1, ""cost_paise"": 300, ""detail"": ""charge declined: card_expired"", ""succeeded"": false}"
448d79b7-c6cf-489e-8d32-30cf2866a026,sub_0149,2026-08-27T19:28:06.523626+00:00,2026-08-26T13:31:20.788959+00:00,control_execute,"{""action_type"": ""retry_charge"", ""attempt"": 1, ""cost_paise"": 300, ""detail"": ""charge declined: card_expired"", ""succeeded"": false}"
29918515-48bd-4625-831a-e0c7980a0061,sub_0025,2026-08-27T19:29:06.514503+00:00,2026-08-26T07:34:25.072898+00:00,control_execute,"{""action_type"": ""retry_charge"", ""attempt"": 1, ""cost_paise"": 300, ""detail"": ""charge declined: card_declined"", ""succeeded"": false}"
ca5688e9-c1c8-4c64-91f6-d8228324a3e2,sub_0025,2026-08-27T19:29:06.514503+00:00,2026-08-26T13:31:20.789418+00:00,control_execute,"{""action_type"": ""retry_charge"", ""attempt"": 1, ""cost_paise"": 300, ""detail"": ""charge declined: card_declined"", ""succeeded"": false}"
2e4da8a1-f1f6-4de1-a2ef-96e0c4baa9db,sub_0195,2026-08-27T19:32:42.780377+00:00,2026-08-26T07:34:25.073462+00:00,control_execute,"{""action_type"": ""retry_charge"", ""attempt"": 1, ""cost_paise"": 300, ""detail"": ""charge declined: card_expired"", ""succeeded"": false}"
98fe2183-ee23-48a5-a558-3a0ec34b9135,sub_0195,2026-08-27T19:32:42.780377+00:00,2026-08-26T13:31:20.789856+00:00,control_execute,"{""action_type"": ""retry_charge"", ""attempt"": 1, ""cost_paise"": 300, ""detail"": ""charge declined: card_expired"", ""succeeded"": false}"
26d18fc3-4ebe-4388-951b-f8f7a926bfef,sub_0197,2026-08-27T19:44:40.759296+00:00,2026-08-26T07:34:25.073967+00:00,control_execute,"{""action_type"": ""retry_charge"", ""attempt"": 2, ""cost_paise"": 300, ""detail"": ""charge declined: insufficient_funds"", ""succeeded"": false}"
2a58c6ba-34d9-4ac7-99af-847db6e87962,sub_0197,2026-08-27T19:44:40.759296+00:00,2026-08-26T13:31:20.790272+00:00,control_execute,"{""action_type"": ""retry_charge"", ""attempt"": 2, ""cost_paise"": 300, ""detail"": ""charge declined: insufficient_funds"", ""succeeded"": false}"
14e235e2-ee71-4395-a4b4-ae2cb05577c5,sub_0095,2026-08-27T19:46:23.397508+00:00,2026-08-26T07:34:25.074508+00:00,control_execute,"{""action_type"": ""retry_charge"", ""attempt"": 2, ""cost_paise"": 300, ""detail"": ""charge declined: insufficient_funds"", ""succeeded"": false}"
db369fb1-2daf-4b32-8b1b-618de58faa95,sub_0095,2026-08-27T19:46:23.397508+00:00,2026-08-26T13:31:20.790677+00:00,control_execute,"{""action_type"": ""retry_charge"", ""attempt"": 2, ""cost_paise"": 300, ""detail"": ""charge declined: insufficient_funds"", ""succeeded"": false}"
73c9233f-30e4-41f4-bb18-4831069e07fb,sub_0010,2026-08-27T19:57:00.168143+00:00,2026-08-26T07:34:25.075146+00:00,control_execute,"{""action_type"": ""retry_charge"", ""attempt"": 1, ""cost_paise"": 300, ""detail"": ""charge declined: subscription_cancelled"", ""succeeded"": false}"
73957b7a-b1eb-4908-a0a3-db4447bb555d,sub_0010,2026-08-27T19:57:00.168143+00:00,2026-08-26T13:31:20.791097+00:00,control_execute,"{""action_type"": ""retry_charge"", ""attempt"": 1, ""cost_paise"": 300, ""detail"": ""charge declined: subscription_cancelled"", ""succeeded"": false}"
a9c39372-552b-420c-a8ac-1bfae79360cc,sub_0042,2026-08-27T20:25:32.325183+00:00,2026-08-26T07:34:25.075840+00:00,control_execute,"{""action_type"": ""retry_charge"", ""attempt"": 1, ""cost_paise"": 300, ""detail"": ""charge declined: subscription_cancelled"", ""succeeded"": false}"
bcfd82bc-668c-4abe-8ed6-87730a085248,sub_0042,2026-08-27T20:25:32.325183+00:00,2026-08-26T13:31:20.791505+00:00,control_execute,"{""action_type"": ""retry_charge"", ""attempt"": 1, ""cost_paise"": 300, ""detail"": ""charge declined: subscription_cancelled"", ""succeeded"": false}"
f0a7f503-e148-4c77-ad28-f319f803a3c6,sub_0044,2026-08-27T21:03:13.929670+00:00,2026-08-26T07:34:25.076353+00:00,control_execute,"{""action_type"": ""retry_charge"", ""attempt"": 2, ""cost_paise"": 300, ""detail"": ""charge declined: insufficient_funds"", ""succeeded"": false}"
34303dda-57e8-4ef8-aab6-fbfbbc4ae52a,sub_0044,2026-08-27T21:03:13.929670+00:00,2026-08-26T13:31:20.791896+00:00,control_execute,"{""action_type"": ""retry_charge"", ""attempt"": 2, ""cost_paise"": 300, ""detail"": ""charge declined: insufficient_funds"", ""succeeded"": false}"
ab27f8c4-bd2b-438c-932a-28bda9f5807f,sub_0110,2026-08-27T21:08:20.435015+00:00,2026-08-26T07:34:25.076949+00:00,control_execute,"{""action_type"": ""retry_charge"", ""attempt"": 2, ""cost_paise"": 300, ""detail"": ""charge declined: card_expired"", ""succeeded"": false}"
b4c19a45-b893-4da8-a994-9542546b7414,sub_0110,2026-08-27T21:08:20.435015+00:00,2026-08-26T13:31:20.792302+00:00,control_execute,"{""action_type"": ""retry_charge"", ""attempt"": 2, ""cost_paise"": 300, ""detail"": ""charge declined: card_expired"", ""succeeded"": false}"
77720b14-95ff-4ca0-918b-9e7feb1e0d37,sub_0002,2026-08-27T21:26:56.373676+00:00,2026-08-26T07:34:25.077467+00:00,control_execute,"{""action_type"": ""retry_charge"", ""attempt"": 2, ""cost_paise"": 300, ""detail"": ""charge declined: subscription_cancelled"", ""succeeded"": false}"
cde1bad9-c0f2-4db7-8c9c-8e4b7f14682d,sub_0002,2026-08-27T21:26:56.373676+00:00,2026-08-26T13:31:20.792704+00:00,control_execute,"{""action_type"": ""retry_charge"", ""attempt"": 2, ""cost_paise"": 300, ""detail"": ""charge declined: subscription_cancelled"", ""succeeded"": false}"
d1a3b138-c275-4e67-acf5-704e7f3907d0,sub_0119,2026-08-27T21:49:59.352231+00:00,2026-08-26T07:34:25.077985+00:00,control_execute,"{""action_type"": ""retry_charge"", ""attempt"": 2, ""cost_paise"": 300, ""detail"": ""charge succeeded"", ""succeeded"": true}"
13f26bac-7b3c-40af-a855-8c2ba5180d9c,sub_0119,2026-08-27T21:49:59.352231+00:00,2026-08-26T13:31:20.793056+00:00,control_execute,"{""action_type"": ""retry_charge"", ""attempt"": 2, ""cost_paise"": 300, ""detail"": ""charge succeeded"", ""succeeded"": true}"
5ab0c608-e903-477f-87ed-2ff8d3af8841,sub_0023,2026-08-27T21:54:07.238122+00:00,2026-08-26T07:34:25.078514+00:00,control_execute,"{""action_type"": ""retry_charge"", ""attempt"": 1, ""cost_paise"": 300, ""detail"": ""charge declined: insufficient_funds"", ""succeeded"": false}"
1b783c73-202d-45fe-96a3-a0bf1eeed9a5,sub_0023,2026-08-27T21:54:07.238122+00:00,2026-08-26T13:31:20.793529+00:00,control_execute,"{""action_type"": ""retry_charge"", ""attempt"": 1, ""cost_paise"": 300, ""detail"": ""charge declined: insufficient_funds"", ""succeeded"": false}"
6790d9af-f8a1-46c4-902e-767c4a30ca5f,sub_0163,2026-08-27T21:59:00.242430+00:00,2026-08-26T07:34:25.078998+00:00,control_execute,"{""action_type"": ""retry_charge"", ""attempt"": 2, ""cost_paise"": 300, ""detail"": ""charge declined: payment_risk_check_failed"", ""succeeded"": false}"
1bda3364-f4a8-460b-838b-4fe763ad84ed,sub_0163,2026-08-27T21:59:00.242430+00:00,2026-08-26T13:31:20.793946+00:00,control_execute,"{""action_type"": ""retry_charge"", ""attempt"": 2, ""cost_paise"": 300, ""detail"": ""charge declined: payment_risk_check_failed"", ""succeeded"": false}"
7a9f3f60-67be-44d5-9f2f-f39dd2ec11f5,sub_0125,2026-08-27T22:09:42.546440+00:00,2026-08-26T07:34:25.079535+00:00,control_execute,"{""action_type"": ""retry_charge"", ""attempt"": 1, ""cost_paise"": 300, ""detail"": ""charge declined: insufficient_funds"", ""succeeded"": false}"
2062c51b-9877-4496-80e6-81524e0b0460,sub_0125,2026-08-27T22:09:42.546440+00:00,2026-08-26T13:31:20.794426+00:00,control_execute,"{""action_type"": ""retry_charge"", ""attempt"": 1, ""cost_paise"": 300, ""detail"": ""charge declined: insufficient_funds"", ""succeeded"": false}"
46cf7517-26a0-4134-88d0-9b6bab435ef4,sub_0013,2026-08-27T22:23:26.462809+00:00,2026-08-26T07:34:25.080080+00:00,control_execute,"{""action_type"": ""retry_charge"", ""attempt"": 1, ""cost_paise"": 300, ""detail"": ""charge succeeded"", ""succeeded"": true}"
8aa92050-0486-486b-95e7-0c1cebab17cd,sub_0013,2026-08-27T22:23:26.462809+00:00,2026-08-26T13:31:20.794846+00:00,control_execute,"{""action_type"": ""retry_charge"", ""attempt"": 1, ""cost_paise"": 300, ""detail"": ""charge succeeded"", ""succeeded"": true}"
b07eff62-9279-4790-8602-d323d8a2475a,sub_0128,2026-08-27T22:35:22.290888+00:00,2026-08-26T07:34:25.080648+00:00,control_execute,"{""action_type"": ""retry_charge"", ""attempt"": 1, ""cost_paise"": 300, ""detail"": ""charge succeeded"", ""succeeded"": true}"
f815aab3-4b1a-4132-b01e-a1c5adddb5aa,sub_0128,2026-08-27T22:35:22.290888+00:00,2026-08-26T13:31:20.795325+00:00,control_execute,"{""action_type"": ""retry_charge"", ""attempt"": 1, ""cost_paise"": 300, ""detail"": ""charge succeeded"", ""succeeded"": true}"
6aa24a3b-e3b8-480a-a074-70d0d6908244,sub_0055,2026-08-27T22:46:34.798864+00:00,2026-08-26T07:34:25.081179+00:00,control_execute,"{""action_type"": ""retry_charge"", ""attempt"": 1, ""cost_paise"": 300, ""detail"": ""charge declined: card_expired"", ""succeeded"": false}"
1b162870-59df-48d4-bfce-d2bbbc8e14f7,sub_0055,2026-08-27T22:46:34.798864+00:00,2026-08-26T13:31:20.795788+00:00,control_execute,"{""action_type"": ""retry_charge"", ""attempt"": 1, ""cost_paise"": 300, ""detail"": ""charge declined: card_expired"", ""succeeded"": false}"
a8bd416e-a2f5-458f-9950-b1a713620202,sub_0038,2026-08-27T22:50:34.909306+00:00,2026-08-26T07:34:25.081706+00:00,control_execute,"{""action_type"": ""retry_charge"", ""attempt"": 1, ""cost_paise"": 300, ""detail"": ""charge declined: card_expired"", ""succeeded"": false}"
808d583c-0fa6-4150-8e45-4a9be900f985,sub_0038,2026-08-27T22:50:34.909306+00:00,2026-08-26T13:31:20.796255+00:00,control_execute,"{""action_type"": ""retry_charge"", ""attempt"": 1, ""cost_paise"": 300, ""detail"": ""charge declined: card_expired"", ""succeeded"": false}"
d466eb26-f1b8-4052-b25f-5d41707b47c0,sub_0145,2026-08-27T23:11:08.279881+00:00,2026-08-26T07:34:25.082196+00:00,control_execute,"{""action_type"": ""retry_charge"", ""attempt"": 2, ""cost_paise"": 300, ""detail"": ""charge succeeded"", ""succeeded"": true}"
0f4b6e45-d512-4888-92b6-3935f9c523b4,sub_0145,2026-08-27T23:11:08.279881+00:00,2026-08-26T13:31:20.796649+00:00,control_execute,"{""action_type"": ""retry_charge"", ""attempt"": 2, ""cost_paise"": 300, ""detail"": ""charge succeeded"", ""succeeded"": true}"
78504c43-672a-45aa-aa27-dcbfe80158fe,sub_0168,2026-08-27T23:18:48.206455+00:00,2026-08-26T07:34:25.082733+00:00,control_execute,"{""action_type"": ""retry_charge"", ""attempt"": 1, ""cost_paise"": 300, ""detail"": ""charge succeeded"", ""succeeded"": true}"
26a73359-0cea-4e2a-a5b8-34e869c2aae3,sub_0168,2026-08-27T23:18:48.206455+00:00,2026-08-26T13:31:20.797059+00:00,control_execute,"{""action_type"": ""retry_charge"", ""attempt"": 1, ""cost_paise"": 300, ""detail"": ""charge succeeded"", ""succeeded"": true}"
fcfcab0a-deaf-4262-b153-b1e0e3a0e4aa,sub_0105,2026-08-27T23:20:23.524732+00:00,2026-08-26T07:34:25.083278+00:00,control_execute,"{""action_type"": ""retry_charge"", ""attempt"": 1, ""cost_paise"": 300, ""detail"": ""charge declined: payment_risk_check_failed"", ""succeeded"": false}"
9d7fc0fc-900f-487f-94fd-28b0da9e44de,sub_0105,2026-08-27T23:20:23.524732+00:00,2026-08-26T13:31:20.797521+00:00,control_execute,"{""action_type"": ""retry_charge"", ""attempt"": 1, ""cost_paise"": 300, ""detail"": ""charge declined: payment_risk_check_failed"", ""succeeded"": false}"
ca0fa264-412c-42f4-ac21-8948b9ef76a9,sub_0193,2026-08-27T23:37:23.504793+00:00,2026-08-26T07:34:25.083729+00:00,control_execute,"{""action_type"": ""retry_charge"", ""attempt"": 2, ""cost_paise"": 300, ""detail"": ""charge declined: card_expired"", ""succeeded"": false}"
b7ddecfd-f30d-41e1-9af1-bc335f8af2e5,sub_0193,2026-08-27T23:37:23.504793+00:00,2026-08-26T13:31:20.797922+00:00,control_execute,"{""action_type"": ""retry_charge"", ""attempt"": 2, ""cost_paise"": 300, ""detail"": ""charge declined: card_expired"", ""succeeded"": false}"
1de5af87-0c2a-445f-975a-5ce635ebcf1f,sub_0058,2026-08-27T23:42:01.354948+00:00,2026-08-26T07:34:25.084112+00:00,control_execute,"{""action_type"": ""retry_charge"", ""attempt"": 1, ""cost_paise"": 300, ""detail"": ""charge declined: insufficient_funds"", ""succeeded"": false}"
b4fe8b6f-2cc0-4c69-9a6e-587cf2275053,sub_0058,2026-08-27T23:42:01.354948+00:00,2026-08-26T13:31:20.798333+00:00,control_execute,"{""action_type"": ""retry_charge"", ""attempt"": 1, ""cost_paise"": 300, ""detail"": ""charge declined: insufficient_funds"", ""succeeded"": false}"
e929ae56-3517-4268-abff-2d29b5fb7d1e,sub_0048,2026-08-27T23:52:50.884967+00:00,2026-08-26T07:34:25.084918+00:00,control_execute,"{""action_type"": ""retry_charge"", ""attempt"": 2, ""cost_paise"": 300, ""detail"": ""charge declined: card_declined"", ""succeeded"": false}"
a5a2e02c-1537-4fc2-b4f4-66a8bd963f15,sub_0048,2026-08-27T23:52:50.884967+00:00,2026-08-26T13:31:20.798734+00:00,control_execute,"{""action_type"": ""retry_charge"", ""attempt"": 2, ""cost_paise"": 300, ""detail"": ""charge declined: card_declined"", ""succeeded"": false}"
43259e40-0103-4172-959c-c231aff0315e,sub_0067,2026-08-27T23:53:21.156693+00:00,2026-08-26T07:34:25.085623+00:00,control_execute,"{""action_type"": ""retry_charge"", ""attempt"": 1, ""cost_paise"": 300, ""detail"": ""charge declined: payment_risk_check_failed"", ""succeeded"": false}"
c5bdd2b9-a831-4d36-beff-dad6f1d1406f,sub_0067,2026-08-27T23:53:21.156693+00:00,2026-08-26T13:31:20.799158+00:00,control_execute,"{""action_type"": ""retry_charge"", ""attempt"": 1, ""cost_paise"": 300, ""detail"": ""charge declined: payment_risk_check_failed"", ""succeeded"": false}"
57fa865b-af9e-450c-9d9f-8248eb52192d,sub_0073,2026-08-27T23:57:16.084133+00:00,2026-08-26T07:34:25.086176+00:00,control_execute,"{""action_type"": ""retry_charge"", ""attempt"": 1, ""cost_paise"": 300, ""detail"": ""charge succeeded"", ""succeeded"": true}"
e14dbfb4-3b7e-4f12-b3da-fe00826ab40b,sub_0073,2026-08-27T23:57:16.084133+00:00,2026-08-26T13:31:20.799619+00:00,control_execute,"{""action_type"": ""retry_charge"", ""attempt"": 1, ""cost_paise"": 300, ""detail"": ""charge succeeded"", ""succeeded"": true}"
e89be83e-ead3-42ea-879e-c2d1973ec405,sub_0099,2026-08-27T23:57:28.074001+00:00,2026-08-26T07:34:25.086812+00:00,control_execute,"{""action_type"": ""retry_charge"", ""attempt"": 1, ""cost_paise"": 300, ""detail"": ""charge succeeded"", ""succeeded"": true}"
59a551db-7399-4426-b1c6-239684d1e1a7,sub_0099,2026-08-27T23:57:28.074001+00:00,2026-08-26T13:31:20.800090+00:00,control_execute,"{""action_type"": ""retry_charge"", ""attempt"": 1, ""cost_paise"": 300, ""detail"": ""charge succeeded"", ""succeeded"": true}"
0828c4fc-05c8-47d2-b09f-7422067ccb4e,sub_0172,2026-08-28T00:09:55.727917+00:00,2026-08-26T07:34:25.087725+00:00,control_execute,"{""action_type"": ""retry_charge"", ""attempt"": 2, ""cost_paise"": 300, ""detail"": ""charge declined: subscription_cancelled"", ""succeeded"": false}"
56cd1d1b-ad3e-428a-89f0-f386aec1bd47,sub_0172,2026-08-28T00:09:55.727917+00:00,2026-08-26T13:31:20.800543+00:00,control_execute,"{""action_type"": ""retry_charge"", ""attempt"": 2, ""cost_paise"": 300, ""detail"": ""charge declined: subscription_cancelled"", ""succeeded"": false}"
1a73f59a-432d-44d1-a7e5-9023ed8fd1c0,sub_0076,2026-08-28T00:31:40.586169+00:00,2026-08-26T07:34:25.088271+00:00,control_execute,"{""action_type"": ""retry_charge"", ""attempt"": 1, ""cost_paise"": 300, ""detail"": ""charge declined: card_declined"", ""succeeded"": false}"
d452f43e-e2ce-4279-a206-f6cff0b80963,sub_0076,2026-08-28T00:31:40.586169+00:00,2026-08-26T13:31:20.801006+00:00,control_execute,"{""action_type"": ""retry_charge"", ""attempt"": 1, ""cost_paise"": 300, ""detail"": ""charge declined: card_declined"", ""succeeded"": false}"
d398fb1b-829b-4440-a73d-5e9c59fec7ae,sub_0108,2026-08-28T00:44:48.652424+00:00,2026-08-26T07:34:25.088748+00:00,control_execute,"{""action_type"": ""retry_charge"", ""attempt"": 1, ""cost_paise"": 300, ""detail"": ""charge declined: card_declined"", ""succeeded"": false}"
06fde110-3f7a-48ba-b33b-bb45f604026c,sub_0108,2026-08-28T00:44:48.652424+00:00,2026-08-26T13:31:20.801432+00:00,control_execute,"{""action_type"": ""retry_charge"", ""attempt"": 1, ""cost_paise"": 300, ""detail"": ""charge declined: card_declined"", ""succeeded"": false}"
b900628c-9ff5-4217-b881-cda28ed5e6f5,sub_0104,2026-08-28T01:08:12.241182+00:00,2026-08-26T07:34:25.089233+00:00,control_execute,"{""action_type"": ""retry_charge"", ""attempt"": 1, ""cost_paise"": 300, ""detail"": ""charge succeeded"", ""succeeded"": true}"
0d51f2f7-5c68-4b98-b087-3c088faeda2e,sub_0104,2026-08-28T01:08:12.241182+00:00,2026-08-26T13:31:20.801859+00:00,control_execute,"{""action_type"": ""retry_charge"", ""attempt"": 1, ""cost_paise"": 300, ""detail"": ""charge succeeded"", ""succeeded"": true}"
12c00837-7e12-4ff3-a998-381a07126582,sub_0072,2026-08-28T01:23:05.739202+00:00,2026-08-26T07:34:25.089643+00:00,control_execute,"{""action_type"": ""retry_charge"", ""attempt"": 2, ""cost_paise"": 300, ""detail"": ""charge declined: card_expired"", ""succeeded"": false}"
07151dee-0d0b-4229-8ea7-897f837b8d47,sub_0072,2026-08-28T01:23:05.739202+00:00,2026-08-26T13:31:20.802265+00:00,control_execute,"{""action_type"": ""retry_charge"", ""attempt"": 2, ""cost_paise"": 300, ""detail"": ""charge declined: card_expired"", ""succeeded"": false}"
c027e4c8-7b88-4c1b-bd99-3fe123346443,sub_0113,2026-08-28T01:29:34.550447+00:00,2026-08-26T07:34:25.089996+00:00,control_execute,"{""action_type"": ""retry_charge"", ""attempt"": 1, ""cost_paise"": 300, ""detail"": ""charge declined: payment_risk_check_failed"", ""succeeded"": false}"
61a729ea-d620-4946-a2d9-9ec641dcc21c,sub_0113,2026-08-28T01:29:34.550447+00:00,2026-08-26T13:31:20.802669+00:00,control_execute,"{""action_type"": ""retry_charge"", ""attempt"": 1, ""cost_paise"": 300, ""detail"": ""charge declined: payment_risk_check_failed"", ""succeeded"": false}"
cc5dbc5b-e2b6-46ce-9b42-60ec17c24d42,sub_0046,2026-08-28T01:30:15.715508+00:00,2026-08-26T07:34:25.090447+00:00,control_execute,"{""action_type"": ""retry_charge"", ""attempt"": 1, ""cost_paise"": 300, ""detail"": ""charge declined: insufficient_funds"", ""succeeded"": false}"
3fbdd72b-f37f-4a88-8a1b-97502adecc6c,sub_0046,2026-08-28T01:30:15.715508+00:00,2026-08-26T13:31:20.803092+00:00,control_execute,"{""action_type"": ""retry_charge"", ""attempt"": 1, ""cost_paise"": 300, ""detail"": ""charge declined: insufficient_funds"", ""succeeded"": false}"
1c4e4ae6-ebba-463f-822c-b680b3fbf9f6,sub_0082,2026-08-28T02:00:48.775923+00:00,2026-08-26T07:34:25.090896+00:00,control_execute,"{""action_type"": ""retry_charge"", ""attempt"": 1, ""cost_paise"": 300, ""detail"": ""charge succeeded"", ""succeeded"": true}"
d51cdb66-0c01-49d5-8b58-5cf0e49707a7,sub_0082,2026-08-28T02:00:48.775923+00:00,2026-08-26T13:31:20.803569+00:00,control_execute,"{""action_type"": ""retry_charge"", ""attempt"": 1, ""cost_paise"": 300, ""detail"": ""charge succeeded"", ""succeeded"": true}"
c9189837-006a-473c-8111-e475a147e2aa,sub_0017,2026-08-28T02:06:26.017873+00:00,2026-08-26T07:34:25.091339+00:00,control_execute,"{""action_type"": ""retry_charge"", ""attempt"": 1, ""cost_paise"": 300, ""detail"": ""charge succeeded"", ""succeeded"": true}"
b52b7c89-7e78-4b5e-bf9a-5636048f757f,sub_0017,2026-08-28T02:06:26.017873+00:00,2026-08-26T13:31:20.804046+00:00,control_execute,"{""action_type"": ""retry_charge"", ""attempt"": 1, ""cost_paise"": 300, ""detail"": ""charge succeeded"", ""succeeded"": true}"
dc9a4365-b85d-4e12-b8c5-4356cafeba48,sub_0080,2026-08-28T02:08:13.478035+00:00,2026-08-26T07:34:25.091784+00:00,control_execute,"{""action_type"": ""retry_charge"", ""attempt"": 1, ""cost_paise"": 300, ""detail"": ""charge declined: card_declined"", ""succeeded"": false}"
1fa19205-b2e8-42db-b1ad-b06729a804f3,sub_0080,2026-08-28T02:08:13.478035+00:00,2026-08-26T13:31:20.804488+00:00,control_execute,"{""action_type"": ""retry_charge"", ""attempt"": 1, ""cost_paise"": 300, ""detail"": ""charge declined: card_declined"", ""succeeded"": false}"
dc9865b9-f087-4e01-943a-f0e46af07b27,sub_0066,2026-08-28T02:10:59.133668+00:00,2026-08-26T07:34:25.092223+00:00,control_execute,"{""action_type"": ""retry_charge"", ""attempt"": 1, ""cost_paise"": 300, ""detail"": ""charge declined: card_declined"", ""succeeded"": false}"
a884987b-8db2-4926-bac6-798bc133de66,sub_0066,2026-08-28T02:10:59.133668+00:00,2026-08-26T13:31:20.804949+00:00,control_execute,"{""action_type"": ""retry_charge"", ""attempt"": 1, ""cost_paise"": 300, ""detail"": ""charge declined: card_declined"", ""succeeded"": false}"
10992480-0cde-4a70-a90c-4cdeec448949,sub_0157,2026-08-28T02:14:33.621354+00:00,2026-08-26T07:34:25.092684+00:00,control_execute,"{""action_type"": ""retry_charge"", ""attempt"": 2, ""cost_paise"": 300, ""detail"": ""charge succeeded"", ""succeeded"": true}"
b3d6737e-c555-47e1-8b17-9d6c910f16cf,sub_0157,2026-08-28T02:14:33.621354+00:00,2026-08-26T13:31:20.805349+00:00,control_execute,"{""action_type"": ""retry_charge"", ""attempt"": 2, ""cost_paise"": 300, ""detail"": ""charge succeeded"", ""succeeded"": true}"
24dcfef2-4131-4d7d-a49d-c244971bcef3,sub_0085,2026-08-28T02:19:12.216394+00:00,2026-08-26T07:34:25.093056+00:00,control_execute,"{""action_type"": ""retry_charge"", ""attempt"": 2, ""cost_paise"": 300, ""detail"": ""charge declined: insufficient_funds"", ""succeeded"": false}"
59240221-5382-476d-89c5-c04826511b61,sub_0085,2026-08-28T02:19:12.216394+00:00,2026-08-26T13:31:20.805790+00:00,control_execute,"{""action_type"": ""retry_charge"", ""attempt"": 2, ""cost_paise"": 300, ""detail"": ""charge declined: insufficient_funds"", ""succeeded"": false}"
a0aadb40-909f-4875-8541-b1997994b1d4,sub_0188,2026-08-28T02:21:00.287018+00:00,2026-08-26T07:34:25.093487+00:00,control_execute,"{""action_type"": ""retry_charge"", ""attempt"": 1, ""cost_paise"": 300, ""detail"": ""charge succeeded"", ""succeeded"": true}"
cdb0d182-5025-42f0-a326-f80e2480dc08,sub_0188,2026-08-28T02:21:00.287018+00:00,2026-08-26T13:31:20.806241+00:00,control_execute,"{""action_type"": ""retry_charge"", ""attempt"": 1, ""cost_paise"": 300, ""detail"": ""charge succeeded"", ""succeeded"": true}"
dc3822a4-6a67-4b40-96b0-f53bd298960a,sub_0057,2026-08-28T02:27:32.129532+00:00,2026-08-26T07:34:25.093950+00:00,control_execute,"{""action_type"": ""retry_charge"", ""attempt"": 1, ""cost_paise"": 300, ""detail"": ""charge declined: card_declined"", ""succeeded"": false}"
cbbdeb58-3fd9-4a6f-a1b0-94d3dd2eff48,sub_0057,2026-08-28T02:27:32.129532+00:00,2026-08-26T13:31:20.806668+00:00,control_execute,"{""action_type"": ""retry_charge"", ""attempt"": 1, ""cost_paise"": 300, ""detail"": ""charge declined: card_declined"", ""succeeded"": false}"
5f847480-9293-4b2c-a1ef-bd0601417eca,sub_0005,2026-08-28T02:39:58.229074+00:00,2026-08-26T07:34:25.094413+00:00,control_execute,"{""action_type"": ""retry_charge"", ""attempt"": 1, ""cost_paise"": 300, ""detail"": ""charge succeeded"", ""succeeded"": true}"
1e6a055d-5ebe-44ab-a330-646a971b3ba8,sub_0005,2026-08-28T02:39:58.229074+00:00,2026-08-26T13:31:20.807069+00:00,control_execute,"{""action_type"": ""retry_charge"", ""attempt"": 1, ""cost_paise"": 300, ""detail"": ""charge succeeded"", ""succeeded"": true}"
6e2d35dc-4a18-426f-bc98-51b9ee87fdcc,sub_0170,2026-08-28T02:44:26.851049+00:00,2026-08-26T07:34:25.094849+00:00,control_execute,"{""action_type"": ""retry_charge"", ""attempt"": 2, ""cost_paise"": 300, ""detail"": ""charge declined: insufficient_funds"", ""succeeded"": false}"
d0e910f9-bb27-444c-9535-9193d8adf4ce,sub_0170,2026-08-28T02:44:26.851049+00:00,2026-08-26T13:31:20.807455+00:00,control_execute,"{""action_type"": ""retry_charge"", ""attempt"": 2, ""cost_paise"": 300, ""detail"": ""charge declined: insufficient_funds"", ""succeeded"": false}"
21e193df-d4e9-436f-a06d-87e5b3a92bd6,sub_0000,2026-08-28T02:45:28.252780+00:00,2026-08-26T07:34:25.095295+00:00,control_execute,"{""action_type"": ""retry_charge"", ""attempt"": 2, ""cost_paise"": 300, ""detail"": ""charge succeeded"", ""succeeded"": true}"
43c5a1ad-6f77-4a49-8ef7-1a21056586cc,sub_0000,2026-08-28T02:45:28.252780+00:00,2026-08-26T13:31:20.807839+00:00,control_execute,"{""action_type"": ""retry_charge"", ""attempt"": 2, ""cost_paise"": 300, ""detail"": ""charge succeeded"", ""succeeded"": true}"
c606e0c8-255e-475e-8bdb-23a36d8ec1a5,sub_0160,2026-08-28T03:00:42.905044+00:00,2026-08-26T07:34:25.095756+00:00,control_execute,"{""action_type"": ""retry_charge"", ""attempt"": 1, ""cost_paise"": 300, ""detail"": ""charge declined: insufficient_funds"", ""succeeded"": false}"
73cfb59f-c4a8-42e7-824d-2f5cfc469deb,sub_0160,2026-08-28T03:00:42.905044+00:00,2026-08-26T13:31:20.808312+00:00,control_execute,"{""action_type"": ""retry_charge"", ""attempt"": 1, ""cost_paise"": 300, ""detail"": ""charge declined: insufficient_funds"", ""succeeded"": false}"
8361dbcb-59df-4b41-8ff9-32f0539aec50,sub_0032,2026-08-28T03:05:02.610418+00:00,2026-08-26T07:34:25.096189+00:00,control_execute,"{""action_type"": ""retry_charge"", ""attempt"": 2, ""cost_paise"": 300, ""detail"": ""charge declined: card_declined"", ""succeeded"": false}"
1efc5370-9631-42ba-8e2e-00007f77b850,sub_0032,2026-08-28T03:05:02.610418+00:00,2026-08-26T13:31:20.808705+00:00,control_execute,"{""action_type"": ""retry_charge"", ""attempt"": 2, ""cost_paise"": 300, ""detail"": ""charge declined: card_declined"", ""succeeded"": false}"
77d9c812-2281-44b7-ab24-d05d07daf660,sub_0011,2026-08-28T03:11:08.158906+00:00,2026-08-26T07:34:25.096626+00:00,control_execute,"{""action_type"": ""retry_charge"", ""attempt"": 1, ""cost_paise"": 300, ""detail"": ""charge declined: card_expired"", ""succeeded"": false}"
a2d90e26-ed3c-478e-aab3-f67364773a3a,sub_0011,2026-08-28T03:11:08.158906+00:00,2026-08-26T13:31:20.809118+00:00,control_execute,"{""action_type"": ""retry_charge"", ""attempt"": 1, ""cost_paise"": 300, ""detail"": ""charge declined: card_expired"", ""succeeded"": false}"
d8ce3c46-28c0-4514-8b06-8f139b323bce,sub_0141,2026-08-28T03:24:03.016787+00:00,2026-08-26T07:34:25.097113+00:00,control_execute,"{""action_type"": ""retry_charge"", ""attempt"": 1, ""cost_paise"": 300, ""detail"": ""charge declined: card_expired"", ""succeeded"": false}"
d2977667-5dfc-43fa-a937-2606d7109d84,sub_0141,2026-08-28T03:24:03.016787+00:00,2026-08-26T13:31:20.809556+00:00,control_execute,"{""action_type"": ""retry_charge"", ""attempt"": 1, ""cost_paise"": 300, ""detail"": ""charge declined: card_expired"", ""succeeded"": false}"
3250d6a1-e84c-4dc5-8e64-0b94fbc6e2f0,sub_0054,2026-08-28T03:28:30.421388+00:00,2026-08-26T07:34:25.097582+00:00,control_execute,"{""action_type"": ""retry_charge"", ""attempt"": 1, ""cost_paise"": 300, ""detail"": ""charge succeeded"", ""succeeded"": true}"
483793a6-1b1f-44e7-a64d-9d9921bb41ba,sub_0054,2026-08-28T03:28:30.421388+00:00,2026-08-26T13:31:20.810020+00:00,control_execute,"{""action_type"": ""retry_charge"", ""attempt"": 1, ""cost_paise"": 300, ""detail"": ""charge succeeded"", ""succeeded"": true}"
a2b63770-003c-4e19-bd1a-6708ca33f401,sub_0084,2026-08-28T03:31:05.739415+00:00,2026-08-26T07:34:25.098038+00:00,control_execute,"{""action_type"": ""retry_charge"", ""attempt"": 2, ""cost_paise"": 300, ""detail"": ""charge succeeded"", ""succeeded"": true}"
b3958af7-7d01-4428-9175-5b72aafbd810,sub_0084,2026-08-28T03:31:05.739415+00:00,2026-08-26T13:31:20.810428+00:00,control_execute,"{""action_type"": ""retry_charge"", ""attempt"": 2, ""cost_paise"": 300, ""detail"": ""charge succeeded"", ""succeeded"": true}"
95ff5532-7486-4877-9a99-c62224b03316,sub_0122,2026-08-28T03:41:29.898342+00:00,2026-08-26T07:34:25.098485+00:00,control_execute,"{""action_type"": ""retry_charge"", ""attempt"": 1, ""cost_paise"": 300, ""detail"": ""charge declined: card_declined"", ""succeeded"": false}"
b76cc456-88c3-447e-80f0-e6854e652e5d,sub_0122,2026-08-28T03:41:29.898342+00:00,2026-08-26T13:31:20.810837+00:00,control_execute,"{""action_type"": ""retry_charge"", ""attempt"": 1, ""cost_paise"": 300, ""detail"": ""charge declined: card_declined"", ""succeeded"": false}"
257c11f3-a378-48ab-9534-5f382df45e6f,sub_0132,2026-08-28T03:43:41.780592+00:00,2026-08-26T07:34:25.098934+00:00,control_execute,"{""action_type"": ""retry_charge"", ""attempt"": 1, ""cost_paise"": 300, ""detail"": ""charge succeeded"", ""succeeded"": true}"
5f82236a-e625-477d-8f9b-bc16ea69e7af,sub_0132,2026-08-28T03:43:41.780592+00:00,2026-08-26T13:31:20.811342+00:00,control_execute,"{""action_type"": ""retry_charge"", ""attempt"": 1, ""cost_paise"": 300, ""detail"": ""charge succeeded"", ""succeeded"": true}"
a70aba47-3232-4d90-8525-6ba80bd45428,sub_0171,2026-08-28T03:46:39.379587+00:00,2026-08-26T07:34:25.099496+00:00,control_execute,"{""action_type"": ""retry_charge"", ""attempt"": 1, ""cost_paise"": 300, ""detail"": ""charge declined: insufficient_funds"", ""succeeded"": false}"
c280e369-b16e-4e0e-abd1-7cf6615dfc36,sub_0171,2026-08-28T03:46:39.379587+00:00,2026-08-26T13:31:20.811837+00:00,control_execute,"{""action_type"": ""retry_charge"", ""attempt"": 1, ""cost_paise"": 300, ""detail"": ""charge declined: insufficient_funds"", ""succeeded"": false}"
f0fa4173-d758-44b7-ac71-76e04cfcc123,sub_0191,2026-08-28T03:47:30.194474+00:00,2026-08-26T07:34:25.100062+00:00,control_execute,"{""action_type"": ""retry_charge"", ""attempt"": 2, ""cost_paise"": 300, ""detail"": ""charge declined: card_declined"", ""succeeded"": false}"
4cb80f84-00f6-4fbc-b655-e9a2e1601a3f,sub_0191,2026-08-28T03:47:30.194474+00:00,2026-08-26T13:31:20.812254+00:00,control_execute,"{""action_type"": ""retry_charge"", ""attempt"": 2, ""cost_paise"": 300, ""detail"": ""charge declined: card_declined"", ""succeeded"": false}"
a9771c78-fa3c-416e-ac3b-cadd566a626d,sub_0174,2026-08-28T03:59:37.310048+00:00,2026-08-26T07:34:25.100642+00:00,control_execute,"{""action_type"": ""retry_charge"", ""attempt"": 1, ""cost_paise"": 300, ""detail"": ""charge declined: payment_risk_check_failed"", ""succeeded"": false}"
8660c80e-bb5f-4508-bd58-0da3c5e3e727,sub_0174,2026-08-28T03:59:37.310048+00:00,2026-08-26T13:31:20.812679+00:00,control_execute,"{""action_type"": ""retry_charge"", ""attempt"": 1, ""cost_paise"": 300, ""detail"": ""charge declined: payment_risk_check_failed"", ""succeeded"": false}"
b5c8b435-d37e-42c5-8a66-b0f9a6cfb690,sub_0068,2026-08-28T04:02:06.806109+00:00,2026-08-26T07:34:25.101123+00:00,control_execute,"{""action_type"": ""retry_charge"", ""attempt"": 1, ""cost_paise"": 300, ""detail"": ""charge declined: insufficient_funds"", ""succeeded"": false}"
d65aa4c1-a596-463d-adbe-ca252c2b700b,sub_0068,2026-08-28T04:02:06.806109+00:00,2026-08-26T13:31:20.813126+00:00,control_execute,"{""action_type"": ""retry_charge"", ""attempt"": 1, ""cost_paise"": 300, ""detail"": ""charge declined: insufficient_funds"", ""succeeded"": false}"
671b156b-a74d-4c92-8873-6470b4444847,sub_0022,2026-08-28T04:03:38.216136+00:00,2026-08-26T07:34:25.101614+00:00,control_execute,"{""action_type"": ""retry_charge"", ""attempt"": 1, ""cost_paise"": 300, ""detail"": ""charge declined: card_declined"", ""succeeded"": false}"
89f9f99e-6cf0-4b66-ae0a-2fe14e013ec9,sub_0022,2026-08-28T04:03:38.216136+00:00,2026-08-26T13:31:20.813554+00:00,control_execute,"{""action_type"": ""retry_charge"", ""attempt"": 1, ""cost_paise"": 300, ""detail"": ""charge declined: card_declined"", ""succeeded"": false}"
3f3674b1-09b3-432d-af26-ef4b53a795c4,sub_0134,2026-08-28T04:11:18.527985+00:00,2026-08-26T07:34:25.102065+00:00,control_execute,"{""action_type"": ""retry_charge"", ""attempt"": 1, ""cost_paise"": 300, ""detail"": ""charge succeeded"", ""succeeded"": true}"
2359cbd4-3206-4368-9f8c-b194d67dcef8,sub_0134,2026-08-28T04:11:18.527985+00:00,2026-08-26T13:31:20.814065+00:00,control_execute,"{""action_type"": ""retry_charge"", ""attempt"": 1, ""cost_paise"": 300, ""detail"": ""charge succeeded"", ""succeeded"": true}"
6fc3c4c3-8e09-470f-a19b-e1589e7080ae,sub_0016,2026-08-28T04:24:06.066002+00:00,2026-08-26T07:34:25.102493+00:00,control_execute,"{""action_type"": ""retry_charge"", ""attempt"": 1, ""cost_paise"": 300, ""detail"": ""charge declined: card_expired"", ""succeeded"": false}"
c4aacd84-d606-4231-ad17-957f252ad654,sub_0016,2026-08-28T04:24:06.066002+00:00,2026-08-26T13:31:20.814505+00:00,control_execute,"{""action_type"": ""retry_charge"", ""attempt"": 1, ""cost_paise"": 300, ""detail"": ""charge declined: card_expired"", ""succeeded"": false}"
c2f91e29-5ece-4b8c-b96e-dc897990e193,sub_0117,2026-08-28T04:59:50.965074+00:00,2026-08-26T07:34:25.102886+00:00,control_execute,"{""action_type"": ""retry_charge"", ""attempt"": 1, ""cost_paise"": 300, ""detail"": ""charge declined: card_expired"", ""succeeded"": false}"
b20c9ac3-9a7e-41cb-90a9-ab7e773eed3f,sub_0117,2026-08-28T04:59:50.965074+00:00,2026-08-26T13:31:20.814944+00:00,control_execute,"{""action_type"": ""retry_charge"", ""attempt"": 1, ""cost_paise"": 300, ""detail"": ""charge declined: card_expired"", ""succeeded"": false}"
fa17f043-91bb-4b76-84bd-d75232080ab2,sub_0153,2026-08-28T05:11:56.051958+00:00,2026-08-26T07:34:25.103223+00:00,control_execute,"{""action_type"": ""retry_charge"", ""attempt"": 1, ""cost_paise"": 300, ""detail"": ""charge declined: subscription_cancelled"", ""succeeded"": false}"
e39c091c-6066-4674-884e-bec430af2597,sub_0153,2026-08-28T05:11:56.051958+00:00,2026-08-26T13:31:20.815380+00:00,control_execute,"{""action_type"": ""retry_charge"", ""attempt"": 1, ""cost_paise"": 300, ""detail"": ""charge declined: subscription_cancelled"", ""succeeded"": false}"
c8fd7ba1-c938-4ed5-aa82-715505b6cc8b,sub_0059,2026-08-28T05:13:15.869297+00:00,2026-08-26T07:34:25.103571+00:00,control_execute,"{""action_type"": ""retry_charge"", ""attempt"": 2, ""cost_paise"": 300, ""detail"": ""charge declined: insufficient_funds"", ""succeeded"": false}"
e9bc08aa-ef74-487c-907a-ee80f0f143f6,sub_0059,2026-08-28T05:13:15.869297+00:00,2026-08-26T13:31:20.815792+00:00,control_execute,"{""action_type"": ""retry_charge"", ""attempt"": 2, ""cost_paise"": 300, ""detail"": ""charge declined: insufficient_funds"", ""succeeded"": false}"
293ae7ff-b39d-4ee5-bb7c-690abdf12b57,sub_0035,2026-08-28T05:41:49.900433+00:00,2026-08-26T07:34:25.103911+00:00,control_execute,"{""action_type"": ""retry_charge"", ""attempt"": 2, ""cost_paise"": 300, ""detail"": ""charge declined: subscription_cancelled"", ""succeeded"": false}"
01f7a9b3-65c2-4383-b1c4-1d5ad54fb304,sub_0035,2026-08-28T05:41:49.900433+00:00,2026-08-26T13:31:20.816197+00:00,control_execute,"{""action_type"": ""retry_charge"", ""attempt"": 2, ""cost_paise"": 300, ""detail"": ""charge declined: subscription_cancelled"", ""succeeded"": false}"
f1a5dc5c-5afd-4360-8489-ed89b3eb3336,sub_0120,2026-08-28T05:52:11.572021+00:00,2026-08-26T07:34:25.104374+00:00,control_execute,"{""action_type"": ""retry_charge"", ""attempt"": 1, ""cost_paise"": 300, ""detail"": ""charge declined: insufficient_funds"", ""succeeded"": false}"
abde8d92-70e5-496f-afd9-051092b5546b,sub_0120,2026-08-28T05:52:11.572021+00:00,2026-08-26T13:31:20.816633+00:00,control_execute,"{""action_type"": ""retry_charge"", ""attempt"": 1, ""cost_paise"": 300, ""detail"": ""charge declined: insufficient_funds"", ""succeeded"": false}"
c2d5fbc3-cfd7-463c-9c0a-447eb250173a,sub_0036,2026-08-28T05:56:56.124016+00:00,2026-08-26T07:34:25.104793+00:00,control_execute,"{""action_type"": ""retry_charge"", ""attempt"": 1, ""cost_paise"": 300, ""detail"": ""charge succeeded"", ""succeeded"": true}"
d6b499c1-e64b-474b-a828-6d0ba8532a1f,sub_0036,2026-08-28T05:56:56.124016+00:00,2026-08-26T13:31:20.817059+00:00,control_execute,"{""action_type"": ""retry_charge"", ""attempt"": 1, ""cost_paise"": 300, ""detail"": ""charge succeeded"", ""succeeded"": true}"
ac8d19e5-5193-400b-bb4c-1901422d44b4,sub_0096,2026-08-28T05:57:04.447479+00:00,2026-08-26T07:34:25.105329+00:00,control_execute,"{""action_type"": ""retry_charge"", ""attempt"": 1, ""cost_paise"": 300, ""detail"": ""charge succeeded"", ""succeeded"": true}"
b3b29b8d-26a7-4f4b-96eb-ca3bd3df27b4,sub_0096,2026-08-28T05:57:04.447479+00:00,2026-08-26T13:31:20.817480+00:00,control_execute,"{""action_type"": ""retry_charge"", ""attempt"": 1, ""cost_paise"": 300, ""detail"": ""charge succeeded"", ""succeeded"": true}"
ef9516a7-e968-446b-98d7-956ba1445a9d,sub_0194,2026-08-28T06:02:30.742525+00:00,2026-08-26T07:34:25.105799+00:00,control_execute,"{""action_type"": ""retry_charge"", ""attempt"": 2, ""cost_paise"": 300, ""detail"": ""charge declined: card_expired"", ""succeeded"": false}"
3187d8d1-06cf-4049-a244-ee618f55e09a,sub_0194,2026-08-28T06:02:30.742525+00:00,2026-08-26T13:31:20.817894+00:00,control_execute,"{""action_type"": ""retry_charge"", ""attempt"": 2, ""cost_paise"": 300, ""detail"": ""charge declined: card_expired"", ""succeeded"": false}"
ac8eed6c-8bac-45f8-a256-693e8148bc76,sub_0196,2026-08-28T06:29:30.402827+00:00,2026-08-26T07:34:25.106136+00:00,control_execute,"{""action_type"": ""retry_charge"", ""attempt"": 2, ""cost_paise"": 300, ""detail"": ""charge declined: insufficient_funds"", ""succeeded"": false}"
6a646486-ce73-4682-a466-753fe4513728,sub_0196,2026-08-28T06:29:30.402827+00:00,2026-08-26T13:31:20.818300+00:00,control_execute,"{""action_type"": ""retry_charge"", ""attempt"": 2, ""cost_paise"": 300, ""detail"": ""charge declined: insufficient_funds"", ""succeeded"": false}"
b97feebf-2f68-4d17-9fc6-470174e0b4d3,sub_0028,2026-08-28T06:32:49.141213+00:00,2026-08-26T07:34:25.106491+00:00,control_execute,"{""action_type"": ""retry_charge"", ""attempt"": 1, ""cost_paise"": 300, ""detail"": ""charge declined: insufficient_funds"", ""succeeded"": false}"
dae88130-214b-4448-b91e-f41d3f59cc60,sub_0028,2026-08-28T06:32:49.141213+00:00,2026-08-26T13:31:20.818758+00:00,control_execute,"{""action_type"": ""retry_charge"", ""attempt"": 1, ""cost_paise"": 300, ""detail"": ""charge declined: insufficient_funds"", ""succeeded"": false}"
ecf53683-2661-4a34-a3c6-8ba55021e02e,sub_0051,2026-08-28T06:33:32.958813+00:00,2026-08-26T07:34:25.106865+00:00,control_execute,"{""action_type"": ""retry_charge"", ""attempt"": 1, ""cost_paise"": 300, ""detail"": ""charge succeeded"", ""succeeded"": true}"
60bd9b50-17e5-4ec8-be0b-6cf063237745,sub_0051,2026-08-28T06:33:32.958813+00:00,2026-08-26T13:31:20.819180+00:00,control_execute,"{""action_type"": ""retry_charge"", ""attempt"": 1, ""cost_paise"": 300, ""detail"": ""charge succeeded"", ""succeeded"": true}"
4c27bcdb-e669-4f4f-ae15-5257f7148447,sub_0043,2026-08-28T06:49:56.531308+00:00,2026-08-26T07:34:25.107303+00:00,control_execute,"{""action_type"": ""retry_charge"", ""attempt"": 1, ""cost_paise"": 300, ""detail"": ""charge declined: insufficient_funds"", ""succeeded"": false}"
1f35d9d0-946a-48cd-b976-3b8a239cf357,sub_0043,2026-08-28T06:49:56.531308+00:00,2026-08-26T13:31:20.819604+00:00,control_execute,"{""action_type"": ""retry_charge"", ""attempt"": 1, ""cost_paise"": 300, ""detail"": ""charge declined: insufficient_funds"", ""succeeded"": false}"
bcdcb2ac-6b1f-482b-b5a2-abb987be2e82,sub_0031,2026-08-28T07:00:56.348883+00:00,2026-08-26T07:34:25.107818+00:00,control_execute,"{""action_type"": ""retry_charge"", ""attempt"": 1, ""cost_paise"": 300, ""detail"": ""charge succeeded"", ""succeeded"": true}"
9e11a1ec-2bc7-49bc-8571-dd5e319402fb,sub_0031,2026-08-28T07:00:56.348883+00:00,2026-08-26T13:31:20.820037+00:00,control_execute,"{""action_type"": ""retry_charge"", ""attempt"": 1, ""cost_paise"": 300, ""detail"": ""charge succeeded"", ""succeeded"": true}"
8bcc5d3a-9041-42b6-9a5f-9ec221138e46,sub_0131,2026-08-28T07:01:05.899366+00:00,2026-08-26T07:34:25.108267+00:00,control_execute,"{""action_type"": ""retry_charge"", ""attempt"": 1, ""cost_paise"": 300, ""detail"": ""charge declined: card_declined"", ""succeeded"": false}"
5a20204f-cd81-4d90-99e0-feae973e909f,sub_0131,2026-08-28T07:01:05.899366+00:00,2026-08-26T13:31:20.820488+00:00,control_execute,"{""action_type"": ""retry_charge"", ""attempt"": 1, ""cost_paise"": 300, ""detail"": ""charge declined: card_declined"", ""succeeded"": false}"
ab24764e-4da0-4cf4-93a7-a1cd0296a137,sub_0060,2026-08-28T07:18:23.753488+00:00,2026-08-26T07:34:25.108680+00:00,control_execute,"{""action_type"": ""retry_charge"", ""attempt"": 2, ""cost_paise"": 300, ""detail"": ""charge declined: card_expired"", ""succeeded"": false}"
1335fb6a-0093-4334-af94-83d284c4c884,sub_0060,2026-08-28T07:18:23.753488+00:00,2026-08-26T13:31:20.820882+00:00,control_execute,"{""action_type"": ""retry_charge"", ""attempt"": 2, ""cost_paise"": 300, ""detail"": ""charge declined: card_expired"", ""succeeded"": false}"
9392029e-3fbd-48ad-88ba-32e17cfc8342,sub_0079,2026-08-28T07:41:57.122256+00:00,2026-08-26T07:34:25.109113+00:00,control_execute,"{""action_type"": ""retry_charge"", ""attempt"": 2, ""cost_paise"": 300, ""detail"": ""charge declined: card_expired"", ""succeeded"": false}"
fb71fe8b-9efb-41cd-bdca-5f7fc2327ee1,sub_0079,2026-08-28T07:41:57.122256+00:00,2026-08-26T13:31:20.821299+00:00,control_execute,"{""action_type"": ""retry_charge"", ""attempt"": 2, ""cost_paise"": 300, ""detail"": ""charge declined: card_expired"", ""succeeded"": false}"
4307b7dd-043f-42c5-93f6-12b0a1582e5a,sub_0030,2026-08-28T08:02:04.348756+00:00,2026-08-26T07:34:25.109608+00:00,control_execute,"{""action_type"": ""retry_charge"", ""attempt"": 1, ""cost_paise"": 300, ""detail"": ""charge succeeded"", ""succeeded"": true}"
9f9dc49d-26f7-4de9-9447-a56af83970c9,sub_0030,2026-08-28T08:02:04.348756+00:00,2026-08-26T13:31:20.821757+00:00,control_execute,"{""action_type"": ""retry_charge"", ""attempt"": 1, ""cost_paise"": 300, ""detail"": ""charge succeeded"", ""succeeded"": true}"
1c0d2db3-baef-40c8-8769-21cce22ca390,sub_0127,2026-08-28T08:06:08.522206+00:00,2026-08-26T07:34:25.110197+00:00,control_execute,"{""action_type"": ""retry_charge"", ""attempt"": 2, ""cost_paise"": 300, ""detail"": ""charge succeeded"", ""succeeded"": true}"
852b2cea-eced-4609-b992-7915f8ad4ee0,sub_0127,2026-08-28T08:06:08.522206+00:00,2026-08-26T13:31:20.822210+00:00,control_execute,"{""action_type"": ""retry_charge"", ""attempt"": 2, ""cost_paise"": 300, ""detail"": ""charge succeeded"", ""succeeded"": true}"
fee35d93-3e6b-471a-948d-0cc18e6ac6c6,sub_0189,2026-08-28T08:16:48.304144+00:00,2026-08-26T07:34:25.111953+00:00,control_execute,"{""action_type"": ""retry_charge"", ""attempt"": 2, ""cost_paise"": 300, ""detail"": ""charge declined: card_expired"", ""succeeded"": false}"
710ad2a1-cbb0-47f1-9c31-9b9969eea9d6,sub_0189,2026-08-28T08:16:48.304144+00:00,2026-08-26T13:31:20.822617+00:00,control_execute,"{""action_type"": ""retry_charge"", ""attempt"": 2, ""cost_paise"": 300, ""detail"": ""charge declined: card_expired"", ""succeeded"": false}"
9580a0f0-5a3a-47b2-8b70-e7468c3e90b0,sub_0012,2026-08-28T08:45:15.853637+00:00,2026-08-26T07:34:25.113029+00:00,control_execute,"{""action_type"": ""retry_charge"", ""attempt"": 2, ""cost_paise"": 300, ""detail"": ""charge succeeded"", ""succeeded"": true}"
1520d6d6-c018-43e2-b467-c0b2210c8333,sub_0012,2026-08-28T08:45:15.853637+00:00,2026-08-26T13:31:20.822986+00:00,control_execute,"{""action_type"": ""retry_charge"", ""attempt"": 2, ""cost_paise"": 300, ""detail"": ""charge succeeded"", ""succeeded"": true}"
caa1a672-ed7e-4e6a-8430-f34a94988993,sub_0187,2026-08-28T08:53:49.545917+00:00,2026-08-26T07:34:25.113977+00:00,control_execute,"{""action_type"": ""retry_charge"", ""attempt"": 1, ""cost_paise"": 300, ""detail"": ""charge succeeded"", ""succeeded"": true}"
64102156-fd5f-48ee-a1b8-b8c00cc02ade,sub_0187,2026-08-28T08:53:49.545917+00:00,2026-08-26T13:31:20.823385+00:00,control_execute,"{""action_type"": ""retry_charge"", ""attempt"": 1, ""cost_paise"": 300, ""detail"": ""charge succeeded"", ""succeeded"": true}"
bf257b5e-ca83-485a-94f7-f294a086c3ad,sub_0183,2026-08-28T08:55:57.771471+00:00,2026-08-26T07:34:25.114665+00:00,control_execute,"{""action_type"": ""retry_charge"", ""attempt"": 2, ""cost_paise"": 300, ""detail"": ""charge declined: bank_technical_error"", ""succeeded"": false}"
a01b50ec-b7f4-4294-ba4a-693c6e9ee912,sub_0183,2026-08-28T08:55:57.771471+00:00,2026-08-26T13:31:20.823842+00:00,control_execute,"{""action_type"": ""retry_charge"", ""attempt"": 2, ""cost_paise"": 300, ""detail"": ""charge declined: bank_technical_error"", ""succeeded"": false}"
378f8f7f-02ce-4c5f-8598-b09bb4aefeb9,sub_0112,2026-08-28T09:00:53.500717+00:00,2026-08-26T07:34:25.115396+00:00,control_execute,"{""action_type"": ""retry_charge"", ""attempt"": 2, ""cost_paise"": 300, ""detail"": ""charge declined: payment_risk_check_failed"", ""succeeded"": false}"
d9fdad28-1fbf-4509-9a9f-d0b2df7290e5,sub_0112,2026-08-28T09:00:53.500717+00:00,2026-08-26T13:31:20.824313+00:00,control_execute,"{""action_type"": ""retry_charge"", ""attempt"": 2, ""cost_paise"": 300, ""detail"": ""charge declined: payment_risk_check_failed"", ""succeeded"": false}"
a2340323-13a2-48ed-87d7-88d0ac02f352,sub_0070,2026-08-28T09:09:10.741153+00:00,2026-08-26T07:34:25.116196+00:00,control_execute,"{""action_type"": ""retry_charge"", ""attempt"": 2, ""cost_paise"": 300, ""detail"": ""charge succeeded"", ""succeeded"": true}"
b8d902d5-878c-432b-8b5a-88d8cb9db293,sub_0070,2026-08-28T09:09:10.741153+00:00,2026-08-26T13:31:20.824712+00:00,control_execute,"{""action_type"": ""retry_charge"", ""attempt"": 2, ""cost_paise"": 300, ""detail"": ""charge succeeded"", ""succeeded"": true}"
9735e29d-c5a8-483d-98f3-75a1f4910692,sub_0026,2026-08-28T09:15:36.640566+00:00,2026-08-26T07:34:25.116827+00:00,control_execute,"{""action_type"": ""retry_charge"", ""attempt"": 2, ""cost_paise"": 300, ""detail"": ""charge declined: insufficient_funds"", ""succeeded"": false}"
3f111f63-0a46-4b70-ad51-9a3dca42cd3e,sub_0026,2026-08-28T09:15:36.640566+00:00,2026-08-26T13:31:20.825135+00:00,control_execute,"{""action_type"": ""retry_charge"", ""attempt"": 2, ""cost_paise"": 300, ""detail"": ""charge declined: insufficient_funds"", ""succeeded"": false}"
23708171-1433-4be4-82b3-097b9d1c0f87,sub_0138,2026-08-28T09:19:49.502659+00:00,2026-08-26T07:34:25.117520+00:00,control_execute,"{""action_type"": ""retry_charge"", ""attempt"": 3, ""cost_paise"": 300, ""detail"": ""charge declined: card_expired"", ""succeeded"": false}"
02ddf9b3-70b3-4390-b2f3-7a41bb5f5dbc,sub_0138,2026-08-28T09:19:49.502659+00:00,2026-08-26T13:31:20.825517+00:00,control_execute,"{""action_type"": ""retry_charge"", ""attempt"": 3, ""cost_paise"": 300, ""detail"": ""charge declined: card_expired"", ""succeeded"": false}"
7d86095c-fcca-4df4-aa5e-879f964a6e41,sub_0027,2026-08-28T09:20:49.816374+00:00,2026-08-26T07:34:25.118165+00:00,control_execute,"{""action_type"": ""retry_charge"", ""attempt"": 3, ""cost_paise"": 300, ""detail"": ""charge declined: payment_risk_check_failed"", ""succeeded"": false}"
a2fbdbbc-8ded-4812-8aa8-3bc016e25021,sub_0027,2026-08-28T09:20:49.816374+00:00,2026-08-26T13:31:20.825966+00:00,control_execute,"{""action_type"": ""retry_charge"", ""attempt"": 3, ""cost_paise"": 300, ""detail"": ""charge declined: payment_risk_check_failed"", ""succeeded"": false}"
0c1be4a8-39be-4305-abf8-7a3227036d69,sub_0014,2026-08-28T09:20:51.587606+00:00,2026-08-26T07:34:25.118836+00:00,control_execute,"{""action_type"": ""retry_charge"", ""attempt"": 2, ""cost_paise"": 300, ""detail"": ""charge declined: card_declined"", ""succeeded"": false}"
de33ddd2-847e-4dfe-abca-db26571091bb,sub_0014,2026-08-28T09:20:51.587606+00:00,2026-08-26T13:31:20.826371+00:00,control_execute,"{""action_type"": ""retry_charge"", ""attempt"": 2, ""cost_paise"": 300, ""detail"": ""charge declined: card_declined"", ""succeeded"": false}"
cb928875-86de-43f0-803c-35fd0d296d2e,sub_0069,2026-08-28T09:37:51.369028+00:00,2026-08-26T07:34:25.119461+00:00,control_execute,"{""action_type"": ""retry_charge"", ""attempt"": 3, ""cost_paise"": 300, ""detail"": ""charge declined: card_declined"", ""succeeded"": false}"
11f56115-a0ff-45b7-83fa-47f652df2e4f,sub_0069,2026-08-28T09:37:51.369028+00:00,2026-08-26T13:31:20.826797+00:00,control_execute,"{""action_type"": ""retry_charge"", ""attempt"": 3, ""cost_paise"": 300, ""detail"": ""charge declined: card_declined"", ""succeeded"": false}"
92889cae-300d-4593-a8fc-c4a765f07f89,sub_0039,2026-08-28T09:57:45.139445+00:00,2026-08-26T07:34:25.120450+00:00,control_execute,"{""action_type"": ""retry_charge"", ""attempt"": 3, ""cost_paise"": 300, ""detail"": ""charge declined: payment_risk_check_failed"", ""succeeded"": false}"
eeb94d24-bbc1-4736-960e-726947560e66,sub_0039,2026-08-28T09:57:45.139445+00:00,2026-08-26T13:31:20.827187+00:00,control_execute,"{""action_type"": ""retry_charge"", ""attempt"": 3, ""cost_paise"": 300, ""detail"": ""charge declined: payment_risk_check_failed"", ""succeeded"": false}"
e71f521a-a892-49c5-91b8-215f6aeafb88,sub_0037,2026-08-28T10:00:50.796279+00:00,2026-08-26T07:34:25.121366+00:00,control_execute,"{""action_type"": ""retry_charge"", ""attempt"": 2, ""cost_paise"": 300, ""detail"": ""charge declined: card_expired"", ""succeeded"": false}"
2e3550f2-d314-400c-9502-ebe6bfea6f8a,sub_0037,2026-08-28T10:00:50.796279+00:00,2026-08-26T13:31:20.827662+00:00,control_execute,"{""action_type"": ""retry_charge"", ""attempt"": 2, ""cost_paise"": 300, ""detail"": ""charge declined: card_expired"", ""succeeded"": false}"
86c8783c-6704-486f-a3b7-63914bd039d9,sub_0101,2026-08-28T10:18:21.264500+00:00,2026-08-26T07:34:25.122108+00:00,control_execute,"{""action_type"": ""retry_charge"", ""attempt"": 2, ""cost_paise"": 300, ""detail"": ""charge declined: card_declined"", ""succeeded"": false}"
91b55ab4-20b5-422a-ac17-0cb2f28b2850,sub_0101,2026-08-28T10:18:21.264500+00:00,2026-08-26T13:31:20.828060+00:00,control_execute,"{""action_type"": ""retry_charge"", ""attempt"": 2, ""cost_paise"": 300, ""detail"": ""charge declined: card_declined"", ""succeeded"": false}"
1ed36317-3074-4765-afed-ea6d26ff9f0f,sub_0064,2026-08-28T10:33:04.576422+00:00,2026-08-26T07:34:25.122796+00:00,control_execute,"{""action_type"": ""retry_charge"", ""attempt"": 3, ""cost_paise"": 300, ""detail"": ""charge declined: payment_risk_check_failed"", ""succeeded"": false}"
2f1efa1e-9917-4bdc-8ebb-bc97773b8b54,sub_0064,2026-08-28T10:33:04.576422+00:00,2026-08-26T13:31:20.828460+00:00,control_execute,"{""action_type"": ""retry_charge"", ""attempt"": 3, ""cost_paise"": 300, ""detail"": ""charge declined: payment_risk_check_failed"", ""succeeded"": false}"
26051853-3db0-4aee-9e58-d0107c2c9cc7,sub_0199,2026-08-28T10:37:24.354309+00:00,2026-08-26T07:34:25.123491+00:00,control_execute,"{""action_type"": ""retry_charge"", ""attempt"": 2, ""cost_paise"": 300, ""detail"": ""charge declined: insufficient_funds"", ""succeeded"": false}"
e0aca67e-31f2-45a7-bfef-575b903067b2,sub_0199,2026-08-28T10:37:24.354309+00:00,2026-08-26T13:31:20.828849+00:00,control_execute,"{""action_type"": ""retry_charge"", ""attempt"": 2, ""cost_paise"": 300, ""detail"": ""charge declined: insufficient_funds"", ""succeeded"": false}"
f7a1231d-4522-4516-8cc2-f974a8ef7b0a,sub_0179,2026-08-28T10:46:44.359147+00:00,2026-08-26T07:34:25.124227+00:00,control_execute,"{""action_type"": ""retry_charge"", ""attempt"": 3, ""cost_paise"": 300, ""detail"": ""charge declined: card_declined"", ""succeeded"": false}"
fa186357-f203-4948-b5a3-ef0ec10018ff,sub_0179,2026-08-28T10:46:44.359147+00:00,2026-08-26T13:31:20.829247+00:00,control_execute,"{""action_type"": ""retry_charge"", ""attempt"": 3, ""cost_paise"": 300, ""detail"": ""charge declined: card_declined"", ""succeeded"": false}"
12d4eec6-9e4c-46a6-9352-ff0d098f78d2,sub_0192,2026-08-28T10:47:48.887997+00:00,2026-08-26T07:34:25.124961+00:00,control_execute,"{""action_type"": ""retry_charge"", ""attempt"": 2, ""cost_paise"": 300, ""detail"": ""charge declined: card_expired"", ""succeeded"": false}"
3dff519f-0e76-48ea-a01d-92f1419c8d56,sub_0192,2026-08-28T10:47:48.887997+00:00,2026-08-26T13:31:20.829638+00:00,control_execute,"{""action_type"": ""retry_charge"", ""attempt"": 2, ""cost_paise"": 300, ""detail"": ""charge declined: card_expired"", ""succeeded"": false}"
f1704d01-2ac7-4435-8ae5-276d8340ccac,sub_0161,2026-08-28T10:59:30.875685+00:00,2026-08-26T07:34:25.125786+00:00,control_execute,"{""action_type"": ""retry_charge"", ""attempt"": 2, ""cost_paise"": 300, ""detail"": ""charge declined: subscription_cancelled"", ""succeeded"": false}"
8a262e51-812e-494d-a6a9-dec44da1dcc2,sub_0161,2026-08-28T10:59:30.875685+00:00,2026-08-26T13:31:20.830026+00:00,control_execute,"{""action_type"": ""retry_charge"", ""attempt"": 2, ""cost_paise"": 300, ""detail"": ""charge declined: subscription_cancelled"", ""succeeded"": false}"
66742590-bf24-44a1-9200-ab4738a28a02,sub_0065,2026-08-28T11:06:19.189263+00:00,2026-08-26T07:34:25.126484+00:00,control_execute,"{""action_type"": ""retry_charge"", ""attempt"": 2, ""cost_paise"": 300, ""detail"": ""charge declined: card_expired"", ""succeeded"": false}"
d311777c-46c9-484a-a8b6-72e428cd74c9,sub_0065,2026-08-28T11:06:19.189263+00:00,2026-08-26T13:31:20.830424+00:00,control_execute,"{""action_type"": ""retry_charge"", ""attempt"": 2, ""cost_paise"": 300, ""detail"": ""charge declined: card_expired"", ""succeeded"": false}"
9738191a-39cf-435a-a11a-ff05a70c4921,sub_0091,2026-08-28T11:32:49.591620+00:00,2026-08-26T07:34:25.127102+00:00,control_execute,"{""action_type"": ""retry_charge"", ""attempt"": 3, ""cost_paise"": 300, ""detail"": ""charge declined: insufficient_funds"", ""succeeded"": false}"
bea1192c-f2d0-4586-9e14-94eee9125d67,sub_0091,2026-08-28T11:32:49.591620+00:00,2026-08-26T13:31:20.830833+00:00,control_execute,"{""action_type"": ""retry_charge"", ""attempt"": 3, ""cost_paise"": 300, ""detail"": ""charge declined: insufficient_funds"", ""succeeded"": false}"
6bbb6d1b-f94d-4ec8-beb9-8ef34972f02e,sub_0158,2026-08-28T11:34:00.105179+00:00,2026-08-26T07:34:25.127730+00:00,control_execute,"{""action_type"": ""retry_charge"", ""attempt"": 3, ""cost_paise"": 300, ""detail"": ""charge declined: insufficient_funds"", ""succeeded"": false}"
a704d78c-b6c8-4478-9ce6-a19a4ed2d7f7,sub_0158,2026-08-28T11:34:00.105179+00:00,2026-08-26T13:31:20.831240+00:00,control_execute,"{""action_type"": ""retry_charge"", ""attempt"": 3, ""cost_paise"": 300, ""detail"": ""charge declined: insufficient_funds"", ""succeeded"": false}"
2bf81dc1-e4de-4462-94be-6d36a95f61a5,sub_0111,2026-08-28T11:43:07.169661+00:00,2026-08-26T07:34:25.128481+00:00,control_execute,"{""action_type"": ""retry_charge"", ""attempt"": 2, ""cost_paise"": 300, ""detail"": ""charge declined: card_expired"", ""succeeded"": false}"
197b2cdd-5002-4e04-8096-9ff416ae2024,sub_0111,2026-08-28T11:43:07.169661+00:00,2026-08-26T13:31:20.831693+00:00,control_execute,"{""action_type"": ""retry_charge"", ""attempt"": 2, ""cost_paise"": 300, ""detail"": ""charge declined: card_expired"", ""succeeded"": false}"
a3c5a81c-a514-4368-bf72-17004c73105c,sub_0063,2026-08-28T11:49:32.995169+00:00,2026-08-26T07:34:25.129126+00:00,control_execute,"{""action_type"": ""retry_charge"", ""attempt"": 2, ""cost_paise"": 300, ""detail"": ""charge declined: insufficient_funds"", ""succeeded"": false}"
52f62189-968e-4a1e-8698-39d40d9f6a7a,sub_0063,2026-08-28T11:49:32.995169+00:00,2026-08-26T13:31:20.832132+00:00,control_execute,"{""action_type"": ""retry_charge"", ""attempt"": 2, ""cost_paise"": 300, ""detail"": ""charge declined: insufficient_funds"", ""succeeded"": false}"
e5ab0410-9c9b-43e4-ba93-5a21fa8152d1,sub_0169,2026-08-28T12:16:54.025871+00:00,2026-08-26T07:34:25.130028+00:00,control_execute,"{""action_type"": ""retry_charge"", ""attempt"": 2, ""cost_paise"": 300, ""detail"": ""charge declined: card_expired"", ""succeeded"": false}"
d3882753-ea3f-4e6b-9087-35f3aa6a5fe8,sub_0169,2026-08-28T12:16:54.025871+00:00,2026-08-26T13:31:20.832591+00:00,control_execute,"{""action_type"": ""retry_charge"", ""attempt"": 2, ""cost_paise"": 300, ""detail"": ""charge declined: card_expired"", ""succeeded"": false}"
bb1892ed-9b60-4634-8684-a660c77e2e0a,sub_0053,2026-08-28T12:50:15.072875+00:00,2026-08-26T07:34:25.130820+00:00,control_execute,"{""action_type"": ""retry_charge"", ""attempt"": 3, ""cost_paise"": 300, ""detail"": ""charge declined: card_declined"", ""succeeded"": false}"
efc23bbb-76e7-45c4-a802-294c7c7f62b8,sub_0053,2026-08-28T12:50:15.072875+00:00,2026-08-26T13:31:20.833003+00:00,control_execute,"{""action_type"": ""retry_charge"", ""attempt"": 3, ""cost_paise"": 300, ""detail"": ""charge declined: card_declined"", ""succeeded"": false}"
e25dcf52-6fcb-4995-81f0-8a2d6acce880,sub_0118,2026-08-28T13:09:01.708012+00:00,2026-08-26T07:34:25.131459+00:00,control_execute,"{""action_type"": ""retry_charge"", ""attempt"": 2, ""cost_paise"": 300, ""detail"": ""charge declined: card_expired"", ""succeeded"": false}"
a91c3f4c-41b7-4ce7-aa92-5577a04708a1,sub_0118,2026-08-28T13:09:01.708012+00:00,2026-08-26T13:31:20.833413+00:00,control_execute,"{""action_type"": ""retry_charge"", ""attempt"": 2, ""cost_paise"": 300, ""detail"": ""charge declined: card_expired"", ""succeeded"": false}"
b2d18eca-fd52-45cc-a515-e149229cbb67,sub_0143,2026-08-28T13:39:05.296776+00:00,2026-08-26T07:34:25.131982+00:00,control_execute,"{""action_type"": ""retry_charge"", ""attempt"": 3, ""cost_paise"": 300, ""detail"": ""charge declined: card_declined"", ""succeeded"": false}"
dbda75d8-6d99-45b9-8b1d-15308551fa7f,sub_0143,2026-08-28T13:39:05.296776+00:00,2026-08-26T13:31:20.833836+00:00,control_execute,"{""action_type"": ""retry_charge"", ""attempt"": 3, ""cost_paise"": 300, ""detail"": ""charge declined: card_declined"", ""succeeded"": false}"
3d931871-0a9c-47b5-b9b0-bdffc2e8243e,sub_0089,2026-08-28T14:00:46.345117+00:00,2026-08-26T07:34:25.132661+00:00,control_execute,"{""action_type"": ""retry_charge"", ""attempt"": 2, ""cost_paise"": 300, ""detail"": ""charge succeeded"", ""succeeded"": true}"
2d73298a-7902-4509-83e7-84b156349f48,sub_0089,2026-08-28T14:00:46.345117+00:00,2026-08-26T13:31:20.834219+00:00,control_execute,"{""action_type"": ""retry_charge"", ""attempt"": 2, ""cost_paise"": 300, ""detail"": ""charge succeeded"", ""succeeded"": true}"
ab81b90f-e11f-40bd-95ac-b1b16d4af02e,sub_0106,2026-08-28T14:07:25.310925+00:00,2026-08-26T07:34:25.133197+00:00,control_execute,"{""action_type"": ""retry_charge"", ""attempt"": 3, ""cost_paise"": 300, ""detail"": ""charge succeeded"", ""succeeded"": true}"
0256c790-dfef-4aae-b1df-8b4389a536de,sub_0106,2026-08-28T14:07:25.310925+00:00,2026-08-26T13:31:20.834606+00:00,control_execute,"{""action_type"": ""retry_charge"", ""attempt"": 3, ""cost_paise"": 300, ""detail"": ""charge succeeded"", ""succeeded"": true}"
048514c6-74e5-4d4d-8564-926182ec8c2e,sub_0029,2026-08-28T14:18:08.718849+00:00,2026-08-26T07:34:25.133785+00:00,control_execute,"{""action_type"": ""retry_charge"", ""attempt"": 2, ""cost_paise"": 300, ""detail"": ""charge declined: payment_risk_check_failed"", ""succeeded"": false}"
6f77296b-6c18-4719-a745-fc853050326e,sub_0029,2026-08-28T14:18:08.718849+00:00,2026-08-26T13:31:20.834996+00:00,control_execute,"{""action_type"": ""retry_charge"", ""attempt"": 2, ""cost_paise"": 300, ""detail"": ""charge declined: payment_risk_check_failed"", ""succeeded"": false}"
21baedf2-5d3c-4dbe-85f4-82b4e2518f39,sub_0180,2026-08-28T14:21:19.917397+00:00,2026-08-26T07:34:25.134519+00:00,control_execute,"{""action_type"": ""retry_charge"", ""attempt"": 3, ""cost_paise"": 300, ""detail"": ""charge declined: card_expired"", ""succeeded"": false}"
39723c98-9a97-487f-a33a-7fb53ce95b0c,sub_0180,2026-08-28T14:21:19.917397+00:00,2026-08-26T13:31:20.835363+00:00,control_execute,"{""action_type"": ""retry_charge"", ""attempt"": 3, ""cost_paise"": 300, ""detail"": ""charge declined: card_expired"", ""succeeded"": false}"
78df6f53-5044-471e-9881-0dc06bc5944c,sub_0136,2026-08-28T14:39:44.790778+00:00,2026-08-26T07:34:25.135294+00:00,control_execute,"{""action_type"": ""retry_charge"", ""attempt"": 3, ""cost_paise"": 300, ""detail"": ""charge declined: card_expired"", ""succeeded"": false}"
1f9669f4-bf3e-4bd8-ae93-d493ca22bc72,sub_0136,2026-08-28T14:39:44.790778+00:00,2026-08-26T13:31:20.835757+00:00,control_execute,"{""action_type"": ""retry_charge"", ""attempt"": 3, ""cost_paise"": 300, ""detail"": ""charge declined: card_expired"", ""succeeded"": false}"
a355fad0-ae0c-4cb9-a94a-e956531c77aa,sub_0078,2026-08-28T14:40:05.796253+00:00,2026-08-26T07:34:25.136127+00:00,control_execute,"{""action_type"": ""retry_charge"", ""attempt"": 2, ""cost_paise"": 300, ""detail"": ""charge declined: insufficient_funds"", ""succeeded"": false}"
63f87599-fc07-41a7-9fad-d17fe5ab3ab0,sub_0078,2026-08-28T14:40:05.796253+00:00,2026-08-26T13:31:20.836151+00:00,control_execute,"{""action_type"": ""retry_charge"", ""attempt"": 2, ""cost_paise"": 300, ""detail"": ""charge declined: insufficient_funds"", ""succeeded"": false}"
733ba335-5e52-4ca2-81ae-d7a21a0549eb,sub_0034,2026-08-28T14:45:57.796205+00:00,2026-08-26T07:34:25.136786+00:00,control_execute,"{""action_type"": ""retry_charge"", ""attempt"": 2, ""cost_paise"": 300, ""detail"": ""charge declined: card_expired"", ""succeeded"": false}"
2015139e-a629-42bd-88cf-d5a9082073ff,sub_0034,2026-08-28T14:45:57.796205+00:00,2026-08-26T13:31:20.836551+00:00,control_execute,"{""action_type"": ""retry_charge"", ""attempt"": 2, ""cost_paise"": 300, ""detail"": ""charge declined: card_expired"", ""succeeded"": false}"
85cce131-a63f-4a96-89f0-a13721d63a31,sub_0152,2026-08-28T14:54:37.005955+00:00,2026-08-26T07:34:25.137445+00:00,control_execute,"{""action_type"": ""retry_charge"", ""attempt"": 3, ""cost_paise"": 300, ""detail"": ""charge declined: card_declined"", ""succeeded"": false}"
77ae656f-225f-4a0f-8bcf-65f3a4419d80,sub_0152,2026-08-28T14:54:37.005955+00:00,2026-08-26T13:31:20.836930+00:00,control_execute,"{""action_type"": ""retry_charge"", ""attempt"": 3, ""cost_paise"": 300, ""detail"": ""charge declined: card_declined"", ""succeeded"": false}"
e6dda620-0116-480a-82a0-309d21b4c74c,sub_0081,2026-08-28T14:58:55.413329+00:00,2026-08-26T07:34:25.138153+00:00,control_execute,"{""action_type"": ""retry_charge"", ""attempt"": 3, ""cost_paise"": 300, ""detail"": ""charge declined: card_declined"", ""succeeded"": false}"
75223788-fbaf-4487-be1c-9ea618d38752,sub_0081,2026-08-28T14:58:55.413329+00:00,2026-08-26T13:31:20.837376+00:00,control_execute,"{""action_type"": ""retry_charge"", ""attempt"": 3, ""cost_paise"": 300, ""detail"": ""charge declined: card_declined"", ""succeeded"": false}"
7b2019ef-f313-46a7-b379-8f0b95311d7b,sub_0173,2026-08-28T15:24:53.320725+00:00,2026-08-26T07:34:25.138709+00:00,control_execute,"{""action_type"": ""retry_charge"", ""attempt"": 2, ""cost_paise"": 300, ""detail"": ""charge declined: subscription_cancelled"", ""succeeded"": false}"
b2509bf7-278e-40fd-9085-51739d55d7e9,sub_0173,2026-08-28T15:24:53.320725+00:00,2026-08-26T13:31:20.837818+00:00,control_execute,"{""action_type"": ""retry_charge"", ""attempt"": 2, ""cost_paise"": 300, ""detail"": ""charge declined: subscription_cancelled"", ""succeeded"": false}"
82e94e63-436f-4537-9b77-7df3cb596310,sub_0181,2026-08-28T15:30:29.569274+00:00,2026-08-26T07:34:25.139212+00:00,control_execute,"{""action_type"": ""retry_charge"", ""attempt"": 3, ""cost_paise"": 300, ""detail"": ""charge declined: insufficient_funds"", ""succeeded"": false}"
8a16a7c9-630c-43a7-a710-3c21e01989c5,sub_0181,2026-08-28T15:30:29.569274+00:00,2026-08-26T13:31:20.838239+00:00,control_execute,"{""action_type"": ""retry_charge"", ""attempt"": 3, ""cost_paise"": 300, ""detail"": ""charge declined: insufficient_funds"", ""succeeded"": false}"
702208ff-bd77-4e9b-af87-cfc5c0f87e58,sub_0090,2026-08-28T15:33:37.685682+00:00,2026-08-26T07:34:25.139680+00:00,control_execute,"{""action_type"": ""retry_charge"", ""attempt"": 2, ""cost_paise"": 300, ""detail"": ""charge declined: card_declined"", ""succeeded"": false}"
32618879-41a3-439d-acc0-3a870b8fd0b1,sub_0090,2026-08-28T15:33:37.685682+00:00,2026-08-26T13:31:20.838644+00:00,control_execute,"{""action_type"": ""retry_charge"", ""attempt"": 2, ""cost_paise"": 300, ""detail"": ""charge declined: card_declined"", ""succeeded"": false}"
54a4edf9-5bc9-4103-846b-b31cfbd65e60,sub_0004,2026-08-28T15:40:30.974686+00:00,2026-08-26T07:34:25.140080+00:00,control_execute,"{""action_type"": ""retry_charge"", ""attempt"": 2, ""cost_paise"": 300, ""detail"": ""charge declined: card_expired"", ""succeeded"": false}"
5189e301-a81a-4b33-baeb-158ca0851c3c,sub_0004,2026-08-28T15:40:30.974686+00:00,2026-08-26T13:31:20.839127+00:00,control_execute,"{""action_type"": ""retry_charge"", ""attempt"": 2, ""cost_paise"": 300, ""detail"": ""charge declined: card_expired"", ""succeeded"": false}"
afa4b19f-8535-4f85-b2b8-32f93dd6bcf1,sub_0033,2026-08-28T15:54:23.970537+00:00,2026-08-26T07:34:25.140473+00:00,control_execute,"{""action_type"": ""retry_charge"", ""attempt"": 2, ""cost_paise"": 300, ""detail"": ""charge declined: card_declined"", ""succeeded"": false}"
24857c67-f582-44da-bd29-89bc26826a1d,sub_0033,2026-08-28T15:54:23.970537+00:00,2026-08-26T13:31:20.839680+00:00,control_execute,"{""action_type"": ""retry_charge"", ""attempt"": 2, ""cost_paise"": 300, ""detail"": ""charge declined: card_declined"", ""succeeded"": false}"
7f3c7d23-a0c2-41f0-9deb-04113e44c032,sub_0109,2026-08-28T16:00:24.113595+00:00,2026-08-26T07:34:25.140877+00:00,control_execute,"{""action_type"": ""retry_charge"", ""attempt"": 2, ""cost_paise"": 300, ""detail"": ""charge declined: insufficient_funds"", ""succeeded"": false}"
af677e66-d867-4948-b5dd-5576c0aefe8f,sub_0109,2026-08-28T16:00:24.113595+00:00,2026-08-26T13:31:20.840311+00:00,control_execute,"{""action_type"": ""retry_charge"", ""attempt"": 2, ""cost_paise"": 300, ""detail"": ""charge declined: insufficient_funds"", ""succeeded"": false}"
3e2fca90-5d4a-4428-b793-74206e6120a6,sub_0130,2026-08-28T16:06:57.576236+00:00,2026-08-26T07:34:25.141267+00:00,control_execute,"{""action_type"": ""retry_charge"", ""attempt"": 2, ""cost_paise"": 300, ""detail"": ""charge declined: insufficient_funds"", ""succeeded"": false}"
a926f781-2a77-403c-a113-86da9fb62fbe,sub_0130,2026-08-28T16:06:57.576236+00:00,2026-08-26T13:31:20.840789+00:00,control_execute,"{""action_type"": ""retry_charge"", ""attempt"": 2, ""cost_paise"": 300, ""detail"": ""charge declined: insufficient_funds"", ""succeeded"": false}"
295c5c16-3b13-4e39-b6c0-a11c7b3f842f,sub_0062,2026-08-28T16:29:16.430025+00:00,2026-08-26T07:34:25.141709+00:00,control_execute,"{""action_type"": ""retry_charge"", ""attempt"": 3, ""cost_paise"": 300, ""detail"": ""charge declined: card_expired"", ""succeeded"": false}"
52bc1b02-1aba-46f1-9296-849ff3c6f74f,sub_0062,2026-08-28T16:29:16.430025+00:00,2026-08-26T13:31:20.841183+00:00,control_execute,"{""action_type"": ""retry_charge"", ""attempt"": 3, ""cost_paise"": 300, ""detail"": ""charge declined: card_expired"", ""succeeded"": false}"
c94fac0a-0803-4bd6-bbf6-26f49ab0aab1,sub_0116,2026-08-28T16:48:14.407062+00:00,2026-08-26T07:34:25.142117+00:00,control_execute,"{""action_type"": ""retry_charge"", ""attempt"": 3, ""cost_paise"": 300, ""detail"": ""charge declined: card_expired"", ""succeeded"": false}"
e6b7691d-e51f-4dbc-b9d8-e1c59014e803,sub_0116,2026-08-28T16:48:14.407062+00:00,2026-08-26T13:31:20.841605+00:00,control_execute,"{""action_type"": ""retry_charge"", ""attempt"": 3, ""cost_paise"": 300, ""detail"": ""charge declined: card_expired"", ""succeeded"": false}"
817abfab-abe0-404d-8979-0038fc5df26d,sub_0148,2026-08-28T17:00:37.269608+00:00,2026-08-26T07:34:25.142504+00:00,control_execute,"{""action_type"": ""retry_charge"", ""attempt"": 2, ""cost_paise"": 300, ""detail"": ""charge declined: card_expired"", ""succeeded"": false}"
b857ed6e-e08e-49a7-b9f8-28b22ae07913,sub_0148,2026-08-28T17:00:37.269608+00:00,2026-08-26T13:31:20.842045+00:00,control_execute,"{""action_type"": ""retry_charge"", ""attempt"": 2, ""cost_paise"": 300, ""detail"": ""charge declined: card_expired"", ""succeeded"": false}"
09048dca-d9a3-4ee0-8d5f-fde4d2249346,sub_0075,2026-08-28T17:13:21.030658+00:00,2026-08-26T07:34:25.142914+00:00,control_execute,"{""action_type"": ""retry_charge"", ""attempt"": 3, ""cost_paise"": 300, ""detail"": ""charge declined: card_expired"", ""succeeded"": false}"
b8c1fe28-2760-44bc-b954-5fc3b4aee963,sub_0075,2026-08-28T17:13:21.030658+00:00,2026-08-26T13:31:20.842500+00:00,control_execute,"{""action_type"": ""retry_charge"", ""attempt"": 3, ""cost_paise"": 300, ""detail"": ""charge declined: card_expired"", ""succeeded"": false}"
2f3e3158-6921-4c69-9ac9-047e60498b79,sub_0006,2026-08-28T17:13:39.902944+00:00,2026-08-26T07:34:25.143271+00:00,control_execute,"{""action_type"": ""retry_charge"", ""attempt"": 2, ""cost_paise"": 300, ""detail"": ""charge declined: card_expired"", ""succeeded"": false}"
2cd3a6a8-fdf5-4361-a77e-74455b5bdec5,sub_0006,2026-08-28T17:13:39.902944+00:00,2026-08-26T13:31:20.842950+00:00,control_execute,"{""action_type"": ""retry_charge"", ""attempt"": 2, ""cost_paise"": 300, ""detail"": ""charge declined: card_expired"", ""succeeded"": false}"
bfd62f33-c567-4cfe-a28a-b359b22dfff7,sub_0147,2026-08-28T17:17:44.168657+00:00,2026-08-26T07:34:25.143638+00:00,control_execute,"{""action_type"": ""retry_charge"", ""attempt"": 2, ""cost_paise"": 300, ""detail"": ""charge declined: subscription_cancelled"", ""succeeded"": false}"
12b36eb2-538c-49e1-b719-25172a716abb,sub_0147,2026-08-28T17:17:44.168657+00:00,2026-08-26T13:31:20.843485+00:00,control_execute,"{""action_type"": ""retry_charge"", ""attempt"": 2, ""cost_paise"": 300, ""detail"": ""charge declined: subscription_cancelled"", ""succeeded"": false}"
04c695e8-deb0-4b81-80f5-847805a26472,sub_0045,2026-08-28T17:30:58.352462+00:00,2026-08-26T07:34:25.144073+00:00,control_execute,"{""action_type"": ""retry_charge"", ""attempt"": 3, ""cost_paise"": 300, ""detail"": ""charge declined: card_expired"", ""succeeded"": false}"
90ad794f-5e22-496b-b9f7-e1291e4c6167,sub_0045,2026-08-28T17:30:58.352462+00:00,2026-08-26T13:31:20.843945+00:00,control_execute,"{""action_type"": ""retry_charge"", ""attempt"": 3, ""cost_paise"": 300, ""detail"": ""charge declined: card_expired"", ""succeeded"": false}"
807542d4-3d9f-4ed7-a2cf-053756601db7,sub_0144,2026-08-28T17:33:52.415049+00:00,2026-08-26T07:34:25.144520+00:00,control_execute,"{""action_type"": ""retry_charge"", ""attempt"": 2, ""cost_paise"": 300, ""detail"": ""charge declined: subscription_cancelled"", ""succeeded"": false}"
abab3111-4d6f-4fd1-8066-9a3711be98bd,sub_0144,2026-08-28T17:33:52.415049+00:00,2026-08-26T13:31:20.844444+00:00,control_execute,"{""action_type"": ""retry_charge"", ""attempt"": 2, ""cost_paise"": 300, ""detail"": ""charge declined: subscription_cancelled"", ""succeeded"": false}"
5b96c374-00bc-43f8-8e96-cfaaf94eff08,sub_0151,2026-08-28T17:35:49.243832+00:00,2026-08-26T07:34:25.144979+00:00,control_execute,"{""action_type"": ""retry_charge"", ""attempt"": 3, ""cost_paise"": 300, ""detail"": ""charge declined: bank_technical_error"", ""succeeded"": false}"
60209639-0b74-42a0-bc78-1d5c41ff7308,sub_0151,2026-08-28T17:35:49.243832+00:00,2026-08-26T13:31:20.844855+00:00,control_execute,"{""action_type"": ""retry_charge"", ""attempt"": 3, ""cost_paise"": 300, ""detail"": ""charge declined: bank_technical_error"", ""succeeded"": false}"
6623820a-cb35-4038-89a3-f2adee982579,sub_0102,2026-08-28T17:35:57.742935+00:00,2026-08-26T07:34:25.145375+00:00,control_execute,"{""action_type"": ""retry_charge"", ""attempt"": 3, ""cost_paise"": 300, ""detail"": ""charge declined: card_expired"", ""succeeded"": false}"
e67e7b3b-2fe8-4300-8889-944e86b06d39,sub_0102,2026-08-28T17:35:57.742935+00:00,2026-08-26T13:31:20.845237+00:00,control_execute,"{""action_type"": ""retry_charge"", ""attempt"": 3, ""cost_paise"": 300, ""detail"": ""charge declined: card_expired"", ""succeeded"": false}"
36773cde-e0e3-49c0-81bc-0d0f7fdb9a0b,sub_0165,2026-08-28T17:52:21.376631+00:00,2026-08-26T07:34:25.145762+00:00,control_execute,"{""action_type"": ""retry_charge"", ""attempt"": 3, ""cost_paise"": 300, ""detail"": ""charge declined: subscription_cancelled"", ""succeeded"": false}"
ac41b80a-d434-4985-bc97-0161761b6096,sub_0165,2026-08-28T17:52:21.376631+00:00,2026-08-26T13:31:20.845629+00:00,control_execute,"{""action_type"": ""retry_charge"", ""attempt"": 3, ""cost_paise"": 300, ""detail"": ""charge declined: subscription_cancelled"", ""succeeded"": false}"
9e4980a8-4818-4fb7-9091-fa11142a90e4,sub_0133,2026-08-28T17:59:05.697012+00:00,2026-08-26T07:34:25.146177+00:00,control_execute,"{""action_type"": ""retry_charge"", ""attempt"": 3, ""cost_paise"": 300, ""detail"": ""charge declined: card_declined"", ""succeeded"": false}"
100c169b-2450-4880-b317-124b497ac269,sub_0133,2026-08-28T17:59:05.697012+00:00,2026-08-26T13:31:20.846022+00:00,control_execute,"{""action_type"": ""retry_charge"", ""attempt"": 3, ""cost_paise"": 300, ""detail"": ""charge declined: card_declined"", ""succeeded"": false}"
c9514f60-5273-48d3-99a3-457a753f1bb4,sub_0114,2026-08-28T18:09:36.825445+00:00,2026-08-26T07:34:25.146597+00:00,control_execute,"{""action_type"": ""retry_charge"", ""attempt"": 2, ""cost_paise"": 300, ""detail"": ""charge declined: payment_risk_check_failed"", ""succeeded"": false}"
e37d0205-c92a-4f56-ab9e-1d33ed015843,sub_0114,2026-08-28T18:09:36.825445+00:00,2026-08-26T13:31:20.846421+00:00,control_execute,"{""action_type"": ""retry_charge"", ""attempt"": 2, ""cost_paise"": 300, ""detail"": ""charge declined: payment_risk_check_failed"", ""succeeded"": false}"
71b5a1a4-b1d5-4df8-b0c0-d610a654af4d,sub_0094,2026-08-28T18:22:05.228735+00:00,2026-08-26T07:34:25.146991+00:00,control_execute,"{""action_type"": ""retry_charge"", ""attempt"": 2, ""cost_paise"": 300, ""detail"": ""charge declined: insufficient_funds"", ""succeeded"": false}"
2e408665-655a-446e-9eb7-ac8182acbf27,sub_0094,2026-08-28T18:22:05.228735+00:00,2026-08-26T13:31:20.846897+00:00,control_execute,"{""action_type"": ""retry_charge"", ""attempt"": 2, ""cost_paise"": 300, ""detail"": ""charge declined: insufficient_funds"", ""succeeded"": false}"
29aae38b-d8cf-4f07-8bda-db3df7308566,sub_0018,2026-08-28T18:32:00.822393+00:00,2026-08-26T07:34:25.147382+00:00,control_execute,"{""action_type"": ""retry_charge"", ""attempt"": 2, ""cost_paise"": 300, ""detail"": ""charge declined: payment_risk_check_failed"", ""succeeded"": false}"
0d1eaa63-697c-4a07-9daa-b29442f8c311,sub_0018,2026-08-28T18:32:00.822393+00:00,2026-08-26T13:31:20.847331+00:00,control_execute,"{""action_type"": ""retry_charge"", ""attempt"": 2, ""cost_paise"": 300, ""detail"": ""charge declined: payment_risk_check_failed"", ""succeeded"": false}"
93bf6a83-846e-4aaf-87bb-10661d8c26ba,sub_0186,2026-08-28T19:21:56.526564+00:00,2026-08-26T07:34:25.147767+00:00,control_execute,"{""action_type"": ""retry_charge"", ""attempt"": 2, ""cost_paise"": 300, ""detail"": ""charge declined: card_declined"", ""succeeded"": false}"
fc81644a-fb4f-4ccb-988e-86a0d1497ec6,sub_0186,2026-08-28T19:21:56.526564+00:00,2026-08-26T13:31:20.847704+00:00,control_execute,"{""action_type"": ""retry_charge"", ""attempt"": 2, ""cost_paise"": 300, ""detail"": ""charge declined: card_declined"", ""succeeded"": false}"
125659b3-5b9b-43fc-8087-64464122eecb,sub_0149,2026-08-28T19:28:06.523626+00:00,2026-08-26T07:34:25.148140+00:00,control_execute,"{""action_type"": ""retry_charge"", ""attempt"": 2, ""cost_paise"": 300, ""detail"": ""charge declined: card_expired"", ""succeeded"": false}"
cef9a5fc-eee4-4299-a4c6-b00a4f67d463,sub_0149,2026-08-28T19:28:06.523626+00:00,2026-08-26T13:31:20.848143+00:00,control_execute,"{""action_type"": ""retry_charge"", ""attempt"": 2, ""cost_paise"": 300, ""detail"": ""charge declined: card_expired"", ""succeeded"": false}"
ee089ef1-fe1e-453c-8492-2b21287b5132,sub_0025,2026-08-28T19:29:06.514503+00:00,2026-08-26T07:34:25.148569+00:00,control_execute,"{""action_type"": ""retry_charge"", ""attempt"": 2, ""cost_paise"": 300, ""detail"": ""charge declined: card_declined"", ""succeeded"": false}"
3ba637a0-a283-495e-b647-2b10a686784a,sub_0025,2026-08-28T19:29:06.514503+00:00,2026-08-26T13:31:20.848651+00:00,control_execute,"{""action_type"": ""retry_charge"", ""attempt"": 2, ""cost_paise"": 300, ""detail"": ""charge declined: card_declined"", ""succeeded"": false}"
c2663c21-e2aa-4008-9ddf-182cdcc50087,sub_0195,2026-08-28T19:32:42.780377+00:00,2026-08-26T07:34:25.148985+00:00,control_execute,"{""action_type"": ""retry_charge"", ""attempt"": 2, ""cost_paise"": 300, ""detail"": ""charge declined: card_expired"", ""succeeded"": false}"
08e4ecf7-d424-48b9-a436-2e2d593b6bec,sub_0195,2026-08-28T19:32:42.780377+00:00,2026-08-26T13:31:20.849146+00:00,control_execute,"{""action_type"": ""retry_charge"", ""attempt"": 2, ""cost_paise"": 300, ""detail"": ""charge declined: card_expired"", ""succeeded"": false}"
5943d0e3-cd2e-4cbe-b75b-d2685741603c,sub_0197,2026-08-28T19:44:40.759296+00:00,2026-08-26T07:34:25.149424+00:00,control_execute,"{""action_type"": ""retry_charge"", ""attempt"": 3, ""cost_paise"": 300, ""detail"": ""charge declined: insufficient_funds"", ""succeeded"": false}"
9b9deb6a-361e-42fc-9dfe-ce6acf613459,sub_0197,2026-08-28T19:44:40.759296+00:00,2026-08-26T13:31:20.849692+00:00,control_execute,"{""action_type"": ""retry_charge"", ""attempt"": 3, ""cost_paise"": 300, ""detail"": ""charge declined: insufficient_funds"", ""succeeded"": false}"
19f55f85-5079-444e-941f-41a715eea9ff,sub_0095,2026-08-28T19:46:23.397508+00:00,2026-08-26T07:34:25.149836+00:00,control_execute,"{""action_type"": ""retry_charge"", ""attempt"": 3, ""cost_paise"": 300, ""detail"": ""charge declined: insufficient_funds"", ""succeeded"": false}"
287908ed-a2bc-4108-8fb7-461e8426735e,sub_0095,2026-08-28T19:46:23.397508+00:00,2026-08-26T13:31:20.850118+00:00,control_execute,"{""action_type"": ""retry_charge"", ""attempt"": 3, ""cost_paise"": 300, ""detail"": ""charge declined: insufficient_funds"", ""succeeded"": false}"
632d4d33-7bb1-494d-92d8-cc44ee2701b6,sub_0010,2026-08-28T19:57:00.168143+00:00,2026-08-26T07:34:25.150233+00:00,control_execute,"{""action_type"": ""retry_charge"", ""attempt"": 2, ""cost_paise"": 300, ""detail"": ""charge declined: subscription_cancelled"", ""succeeded"": false}"
7f026034-eb48-493f-a062-448685023ad7,sub_0010,2026-08-28T19:57:00.168143+00:00,2026-08-26T13:31:20.850543+00:00,control_execute,"{""action_type"": ""retry_charge"", ""attempt"": 2, ""cost_paise"": 300, ""detail"": ""charge declined: subscription_cancelled"", ""succeeded"": false}"
a9ab6b30-6ab5-4977-87bf-896014f527bd,sub_0042,2026-08-28T20:25:32.325183+00:00,2026-08-26T07:34:25.150667+00:00,control_execute,"{""action_type"": ""retry_charge"", ""attempt"": 2, ""cost_paise"": 300, ""detail"": ""charge declined: subscription_cancelled"", ""succeeded"": false}"
7cfb60d7-d8c3-4cc7-a59a-2674ee729720,sub_0042,2026-08-28T20:25:32.325183+00:00,2026-08-26T13:31:20.850933+00:00,control_execute,"{""action_type"": ""retry_charge"", ""attempt"": 2, ""cost_paise"": 300, ""detail"": ""charge declined: subscription_cancelled"", ""succeeded"": false}"
b4afa048-003e-44cc-b293-0d0d10163454,sub_0044,2026-08-28T21:03:13.929670+00:00,2026-08-26T07:34:25.151043+00:00,control_execute,"{""action_type"": ""retry_charge"", ""attempt"": 3, ""cost_paise"": 300, ""detail"": ""charge declined: insufficient_funds"", ""succeeded"": false}"
3c0b80a5-55db-414d-a778-f5b6ce994431,sub_0044,2026-08-28T21:03:13.929670+00:00,2026-08-26T13:31:20.851319+00:00,control_execute,"{""action_type"": ""retry_charge"", ""attempt"": 3, ""cost_paise"": 300, ""detail"": ""charge declined: insufficient_funds"", ""succeeded"": false}"
58e80b01-eca9-4751-b1a7-a2d4eb24e0a7,sub_0110,2026-08-28T21:08:20.435015+00:00,2026-08-26T07:34:25.151569+00:00,control_execute,"{""action_type"": ""retry_charge"", ""attempt"": 3, ""cost_paise"": 300, ""detail"": ""charge declined: card_expired"", ""succeeded"": false}"
0137899b-be16-4d9a-b36f-d51e9f985cd3,sub_0110,2026-08-28T21:08:20.435015+00:00,2026-08-26T13:31:20.851689+00:00,control_execute,"{""action_type"": ""retry_charge"", ""attempt"": 3, ""cost_paise"": 300, ""detail"": ""charge declined: card_expired"", ""succeeded"": false}"
11618dfa-f741-4ae3-8b06-5dfd86ad1267,sub_0002,2026-08-28T21:26:56.373676+00:00,2026-08-26T07:34:25.151981+00:00,control_execute,"{""action_type"": ""retry_charge"", ""attempt"": 3, ""cost_paise"": 300, ""detail"": ""charge declined: subscription_cancelled"", ""succeeded"": false}"
656a6ee9-d125-4d14-868a-60a1caeb4019,sub_0002,2026-08-28T21:26:56.373676+00:00,2026-08-26T13:31:20.852083+00:00,control_execute,"{""action_type"": ""retry_charge"", ""attempt"": 3, ""cost_paise"": 300, ""detail"": ""charge declined: subscription_cancelled"", ""succeeded"": false}"
b378afa1-c4aa-4472-afcb-edefe91a6d14,sub_0023,2026-08-28T21:54:07.238122+00:00,2026-08-26T07:34:25.152368+00:00,control_execute,"{""action_type"": ""retry_charge"", ""attempt"": 2, ""cost_paise"": 300, ""detail"": ""charge declined: insufficient_funds"", ""succeeded"": false}"
66a9a119-49cc-438c-80ef-0223f6658227,sub_0023,2026-08-28T21:54:07.238122+00:00,2026-08-26T13:31:20.852548+00:00,control_execute,"{""action_type"": ""retry_charge"", ""attempt"": 2, ""cost_paise"": 300, ""detail"": ""charge declined: insufficient_funds"", ""succeeded"": false}"
98a659d2-7d2c-4a74-a8db-e6db37db58f7,sub_0163,2026-08-28T21:59:00.242430+00:00,2026-08-26T07:34:25.152785+00:00,control_execute,"{""action_type"": ""retry_charge"", ""attempt"": 3, ""cost_paise"": 300, ""detail"": ""charge declined: payment_risk_check_failed"", ""succeeded"": false}"
574e332a-1bd1-48dd-b8eb-f5d7e7ae0653,sub_0163,2026-08-28T21:59:00.242430+00:00,2026-08-26T13:31:20.852955+00:00,control_execute,"{""action_type"": ""retry_charge"", ""attempt"": 3, ""cost_paise"": 300, ""detail"": ""charge declined: payment_risk_check_failed"", ""succeeded"": false}"
55c01043-a63e-4983-88ea-b067b7e00148,sub_0125,2026-08-28T22:09:42.546440+00:00,2026-08-26T07:34:25.153175+00:00,control_execute,"{""action_type"": ""retry_charge"", ""attempt"": 2, ""cost_paise"": 300, ""detail"": ""charge declined: insufficient_funds"", ""succeeded"": false}"
0a3e66a0-fb39-4fb0-be15-ab2249c94280,sub_0125,2026-08-28T22:09:42.546440+00:00,2026-08-26T13:31:20.853350+00:00,control_execute,"{""action_type"": ""retry_charge"", ""attempt"": 2, ""cost_paise"": 300, ""detail"": ""charge declined: insufficient_funds"", ""succeeded"": false}"
b61f8bbf-3c95-4efe-a697-210f9b0db0d6,sub_0055,2026-08-28T22:46:34.798864+00:00,2026-08-26T07:34:25.153584+00:00,control_execute,"{""action_type"": ""retry_charge"", ""attempt"": 2, ""cost_paise"": 300, ""detail"": ""charge declined: card_expired"", ""succeeded"": false}"
cb4114a5-251e-4ea1-8f78-41f6cae40018,sub_0055,2026-08-28T22:46:34.798864+00:00,2026-08-26T13:31:20.853736+00:00,control_execute,"{""action_type"": ""retry_charge"", ""attempt"": 2, ""cost_paise"": 300, ""detail"": ""charge declined: card_expired"", ""succeeded"": false}"
0189c893-2c9b-461d-81bf-1df6642ba1cd,sub_0038,2026-08-28T22:50:34.909306+00:00,2026-08-26T07:34:25.153991+00:00,control_execute,"{""action_type"": ""retry_charge"", ""attempt"": 2, ""cost_paise"": 300, ""detail"": ""charge declined: card_expired"", ""succeeded"": false}"
c51b359b-e346-44e6-8060-5b8fc4078993,sub_0038,2026-08-28T22:50:34.909306+00:00,2026-08-26T13:31:20.854173+00:00,control_execute,"{""action_type"": ""retry_charge"", ""attempt"": 2, ""cost_paise"": 300, ""detail"": ""charge declined: card_expired"", ""succeeded"": false}"
cb54750a-95d3-4945-8c32-6e27ea9aa7f5,sub_0105,2026-08-28T23:20:23.524732+00:00,2026-08-26T07:34:25.154457+00:00,control_execute,"{""action_type"": ""retry_charge"", ""attempt"": 2, ""cost_paise"": 300, ""detail"": ""charge declined: payment_risk_check_failed"", ""succeeded"": false}"
85887dab-afe8-48bc-a226-7f33ce7e955d,sub_0105,2026-08-28T23:20:23.524732+00:00,2026-08-26T13:31:20.854584+00:00,control_execute,"{""action_type"": ""retry_charge"", ""attempt"": 2, ""cost_paise"": 300, ""detail"": ""charge declined: payment_risk_check_failed"", ""succeeded"": false}"
ea06b5a8-7ffe-4596-a371-f97518fcc7b4,sub_0193,2026-08-28T23:37:23.504793+00:00,2026-08-26T07:34:25.154844+00:00,control_execute,"{""action_type"": ""retry_charge"", ""attempt"": 3, ""cost_paise"": 300, ""detail"": ""charge declined: card_expired"", ""succeeded"": false}"
bcccc5dc-64e9-4a3e-a02f-850c5d1a64df,sub_0193,2026-08-28T23:37:23.504793+00:00,2026-08-26T13:31:20.855022+00:00,control_execute,"{""action_type"": ""retry_charge"", ""attempt"": 3, ""cost_paise"": 300, ""detail"": ""charge declined: card_expired"", ""succeeded"": false}"
5bd98b37-28fb-489b-90ce-fcb20dbd09c0,sub_0058,2026-08-28T23:42:01.354948+00:00,2026-08-26T07:34:25.155161+00:00,control_execute,"{""action_type"": ""retry_charge"", ""attempt"": 2, ""cost_paise"": 300, ""detail"": ""charge succeeded"", ""succeeded"": true}"
1cfecf26-5351-427a-94ff-4325bf3da198,sub_0058,2026-08-28T23:42:01.354948+00:00,2026-08-26T13:31:20.855441+00:00,control_execute,"{""action_type"": ""retry_charge"", ""attempt"": 2, ""cost_paise"": 300, ""detail"": ""charge succeeded"", ""succeeded"": true}"
b5cfdcf0-8177-4a23-ad87-d4f93e0c21ed,sub_0048,2026-08-28T23:52:50.884967+00:00,2026-08-26T07:34:25.155459+00:00,control_execute,"{""action_type"": ""retry_charge"", ""attempt"": 3, ""cost_paise"": 300, ""detail"": ""charge declined: card_declined"", ""succeeded"": false}"
f83b63e6-dc25-41f7-8bc3-68f01a631714,sub_0048,2026-08-28T23:52:50.884967+00:00,2026-08-26T13:31:20.855902+00:00,control_execute,"{""action_type"": ""retry_charge"", ""attempt"": 3, ""cost_paise"": 300, ""detail"": ""charge declined: card_declined"", ""succeeded"": false}"
497ee68a-e3d1-40ee-99cd-3e05e931afb2,sub_0067,2026-08-28T23:53:21.156693+00:00,2026-08-26T07:34:25.155799+00:00,control_execute,"{""action_type"": ""retry_charge"", ""attempt"": 2, ""cost_paise"": 300, ""detail"": ""charge declined: payment_risk_check_failed"", ""succeeded"": false}"
50153219-81f9-4d18-94d9-a1afb68f8d49,sub_0067,2026-08-28T23:53:21.156693+00:00,2026-08-26T13:31:20.856321+00:00,control_execute,"{""action_type"": ""retry_charge"", ""attempt"": 2, ""cost_paise"": 300, ""detail"": ""charge declined: payment_risk_check_failed"", ""succeeded"": false}"
c0bd5dbc-a111-4fa7-9a91-029ad8ab66a0,sub_0172,2026-08-29T00:09:55.727917+00:00,2026-08-26T07:34:25.156180+00:00,control_execute,"{""action_type"": ""retry_charge"", ""attempt"": 3, ""cost_paise"": 300, ""detail"": ""charge declined: subscription_cancelled"", ""succeeded"": false}"
94cbc338-c4c6-4294-a543-11b70199a1aa,sub_0172,2026-08-29T00:09:55.727917+00:00,2026-08-26T13:31:20.856759+00:00,control_execute,"{""action_type"": ""retry_charge"", ""attempt"": 3, ""cost_paise"": 300, ""detail"": ""charge declined: subscription_cancelled"", ""succeeded"": false}"
01b7edbf-e8df-4cb9-b69b-3a7c6f0305e6,sub_0076,2026-08-29T00:31:40.586169+00:00,2026-08-26T07:34:25.156568+00:00,control_execute,"{""action_type"": ""retry_charge"", ""attempt"": 2, ""cost_paise"": 300, ""detail"": ""charge declined: card_declined"", ""succeeded"": false}"
1de9b28e-0454-46b8-865d-b8a1ccc76480,sub_0076,2026-08-29T00:31:40.586169+00:00,2026-08-26T13:31:20.857263+00:00,control_execute,"{""action_type"": ""retry_charge"", ""attempt"": 2, ""cost_paise"": 300, ""detail"": ""charge declined: card_declined"", ""succeeded"": false}"
d97258fd-5e8a-4308-b6f5-fe52da8ee914,sub_0108,2026-08-29T00:44:48.652424+00:00,2026-08-26T07:34:25.156979+00:00,control_execute,"{""action_type"": ""retry_charge"", ""attempt"": 2, ""cost_paise"": 300, ""detail"": ""charge declined: card_declined"", ""succeeded"": false}"
697d8f30-08bc-4165-b8fe-730a51ca8aea,sub_0108,2026-08-29T00:44:48.652424+00:00,2026-08-26T13:31:20.857761+00:00,control_execute,"{""action_type"": ""retry_charge"", ""attempt"": 2, ""cost_paise"": 300, ""detail"": ""charge declined: card_declined"", ""succeeded"": false}"
bfc81a80-3173-494f-8076-0e765a2d0112,sub_0072,2026-08-29T01:23:05.739202+00:00,2026-08-26T07:34:25.157375+00:00,control_execute,"{""action_type"": ""retry_charge"", ""attempt"": 3, ""cost_paise"": 300, ""detail"": ""charge declined: card_expired"", ""succeeded"": false}"
b80c5e00-673d-4cf2-b88e-637b1ce54151,sub_0072,2026-08-29T01:23:05.739202+00:00,2026-08-26T13:31:20.858167+00:00,control_execute,"{""action_type"": ""retry_charge"", ""attempt"": 3, ""cost_paise"": 300, ""detail"": ""charge declined: card_expired"", ""succeeded"": false}"
465f3457-05d9-449c-adc6-be7e00385126,sub_0113,2026-08-29T01:29:34.550447+00:00,2026-08-26T07:34:25.157793+00:00,control_execute,"{""action_type"": ""retry_charge"", ""attempt"": 2, ""cost_paise"": 300, ""detail"": ""charge declined: payment_risk_check_failed"", ""succeeded"": false}"
c9bf6474-c2fd-40f7-b04c-0c3698e28e1c,sub_0113,2026-08-29T01:29:34.550447+00:00,2026-08-26T13:31:20.858588+00:00,control_execute,"{""action_type"": ""retry_charge"", ""attempt"": 2, ""cost_paise"": 300, ""detail"": ""charge declined: payment_risk_check_failed"", ""succeeded"": false}"
7d3d5953-cba7-40cd-baba-2841a0fb1911,sub_0046,2026-08-29T01:30:15.715508+00:00,2026-08-26T07:34:25.158190+00:00,control_execute,"{""action_type"": ""retry_charge"", ""attempt"": 2, ""cost_paise"": 300, ""detail"": ""charge declined: insufficient_funds"", ""succeeded"": false}"
9b6fa38b-1622-40c0-a7d4-167038219511,sub_0046,2026-08-29T01:30:15.715508+00:00,2026-08-26T13:31:20.859058+00:00,control_execute,"{""action_type"": ""retry_charge"", ""attempt"": 2, ""cost_paise"": 300, ""detail"": ""charge declined: insufficient_funds"", ""succeeded"": false}"
79dcfed0-d62f-4cf8-8a46-1eaaa052aab8,sub_0080,2026-08-29T02:08:13.478035+00:00,2026-08-26T07:34:25.158628+00:00,control_execute,"{""action_type"": ""retry_charge"", ""attempt"": 2, ""cost_paise"": 300, ""detail"": ""charge declined: card_declined"", ""succeeded"": false}"
d95cde55-2d8e-4341-8347-6c55c6ba0094,sub_0080,2026-08-29T02:08:13.478035+00:00,2026-08-26T13:31:20.859516+00:00,control_execute,"{""action_type"": ""retry_charge"", ""attempt"": 2, ""cost_paise"": 300, ""detail"": ""charge declined: card_declined"", ""succeeded"": false}"
98d9b329-537e-42dd-a224-c850f6f1ffc1,sub_0066,2026-08-29T02:10:59.133668+00:00,2026-08-26T07:34:25.159033+00:00,control_execute,"{""action_type"": ""retry_charge"", ""attempt"": 2, ""cost_paise"": 300, ""detail"": ""charge declined: card_declined"", ""succeeded"": false}"
0c0eba71-fcd4-416f-9dd6-dc0752d1ef8e,sub_0066,2026-08-29T02:10:59.133668+00:00,2026-08-26T13:31:20.859925+00:00,control_execute,"{""action_type"": ""retry_charge"", ""attempt"": 2, ""cost_paise"": 300, ""detail"": ""charge declined: card_declined"", ""succeeded"": false}"
09db1f9d-a75d-4b5c-8df1-f3cf7fa8dea0,sub_0085,2026-08-29T02:19:12.216394+00:00,2026-08-26T07:34:25.159327+00:00,control_execute,"{""action_type"": ""retry_charge"", ""attempt"": 3, ""cost_paise"": 300, ""detail"": ""charge declined: insufficient_funds"", ""succeeded"": false}"
5bbf6464-3d3c-4f8a-b660-875343af6974,sub_0085,2026-08-29T02:19:12.216394+00:00,2026-08-26T13:31:20.860379+00:00,control_execute,"{""action_type"": ""retry_charge"", ""attempt"": 3, ""cost_paise"": 300, ""detail"": ""charge declined: insufficient_funds"", ""succeeded"": false}"
696e81c9-f394-4434-aff9-386d3a26891d,sub_0057,2026-08-29T02:27:32.129532+00:00,2026-08-26T07:34:25.159628+00:00,control_execute,"{""action_type"": ""retry_charge"", ""attempt"": 2, ""cost_paise"": 300, ""detail"": ""charge succeeded"", ""succeeded"": true}"
293d5bc2-d4a0-4296-884d-38fcb22f9d55,sub_0057,2026-08-29T02:27:32.129532+00:00,2026-08-26T13:31:20.860849+00:00,control_execute,"{""action_type"": ""retry_charge"", ""attempt"": 2, ""cost_paise"": 300, ""detail"": ""charge succeeded"", ""succeeded"": true}"
3258e5e5-5421-411b-ac19-fad2ad81a486,sub_0170,2026-08-29T02:44:26.851049+00:00,2026-08-26T07:34:25.159900+00:00,control_execute,"{""action_type"": ""retry_charge"", ""attempt"": 3, ""cost_paise"": 300, ""detail"": ""charge declined: insufficient_funds"", ""succeeded"": false}"
f85ef3a2-d449-4d0c-9626-e5715243b781,sub_0170,2026-08-29T02:44:26.851049+00:00,2026-08-26T13:31:20.861286+00:00,control_execute,"{""action_type"": ""retry_charge"", ""attempt"": 3, ""cost_paise"": 300, ""detail"": ""charge declined: insufficient_funds"", ""succeeded"": false}"
bd3ebc53-cf3e-4fec-8432-f921d1d4fffb,sub_0160,2026-08-29T03:00:42.905044+00:00,2026-08-26T07:34:25.160178+00:00,control_execute,"{""action_type"": ""retry_charge"", ""attempt"": 2, ""cost_paise"": 300, ""detail"": ""charge declined: insufficient_funds"", ""succeeded"": false}"
33cfadbf-d7d4-4fe9-91a3-030267a14f8a,sub_0160,2026-08-29T03:00:42.905044+00:00,2026-08-26T13:31:20.861674+00:00,control_execute,"{""action_type"": ""retry_charge"", ""attempt"": 2, ""cost_paise"": 300, ""detail"": ""charge declined: insufficient_funds"", ""succeeded"": false}"
8414a985-69c1-4a91-b4db-56427082360a,sub_0032,2026-08-29T03:05:02.610418+00:00,2026-08-26T07:34:25.160481+00:00,control_execute,"{""action_type"": ""retry_charge"", ""attempt"": 3, ""cost_paise"": 300, ""detail"": ""charge declined: card_declined"", ""succeeded"": false}"
8cfda85d-f8a8-410a-8ea2-c507fdc6b2f9,sub_0032,2026-08-29T03:05:02.610418+00:00,2026-08-26T13:31:20.862070+00:00,control_execute,"{""action_type"": ""retry_charge"", ""attempt"": 3, ""cost_paise"": 300, ""detail"": ""charge declined: card_declined"", ""succeeded"": false}"
babbc676-4db2-4d66-be75-939b606fcf38,sub_0011,2026-08-29T03:11:08.158906+00:00,2026-08-26T07:34:25.160781+00:00,control_execute,"{""action_type"": ""retry_charge"", ""attempt"": 2, ""cost_paise"": 300, ""detail"": ""charge declined: card_expired"", ""succeeded"": false}"
2a9c1a24-2099-40f7-86ca-2df2bf34f08f,sub_0011,2026-08-29T03:11:08.158906+00:00,2026-08-26T13:31:20.862550+00:00,control_execute,"{""action_type"": ""retry_charge"", ""attempt"": 2, ""cost_paise"": 300, ""detail"": ""charge declined: card_expired"", ""succeeded"": false}"
92719322-964e-4046-a78c-ff6d48262f50,sub_0141,2026-08-29T03:24:03.016787+00:00,2026-08-26T07:34:25.161211+00:00,control_execute,"{""action_type"": ""retry_charge"", ""attempt"": 2, ""cost_paise"": 300, ""detail"": ""charge declined: card_expired"", ""succeeded"": false}"
6dae51dc-bef0-4a07-b2c2-7f082faef234,sub_0141,2026-08-29T03:24:03.016787+00:00,2026-08-26T13:31:20.863121+00:00,control_execute,"{""action_type"": ""retry_charge"", ""attempt"": 2, ""cost_paise"": 300, ""detail"": ""charge declined: card_expired"", ""succeeded"": false}"
84143ab9-9013-4246-ada7-1c6ebda833ef,sub_0122,2026-08-29T03:41:29.898342+00:00,2026-08-26T07:34:25.161663+00:00,control_execute,"{""action_type"": ""retry_charge"", ""attempt"": 2, ""cost_paise"": 300, ""detail"": ""charge declined: card_declined"", ""succeeded"": false}"
98bbe03e-7eeb-4eec-b562-5ea8ca86c4ad,sub_0122,2026-08-29T03:41:29.898342+00:00,2026-08-26T13:31:20.863615+00:00,control_execute,"{""action_type"": ""retry_charge"", ""attempt"": 2, ""cost_paise"": 300, ""detail"": ""charge declined: card_declined"", ""succeeded"": false}"
5a60b921-163e-4b5b-aace-3a2dc9324ed2,sub_0171,2026-08-29T03:46:39.379587+00:00,2026-08-26T07:34:25.162077+00:00,control_execute,"{""action_type"": ""retry_charge"", ""attempt"": 2, ""cost_paise"": 300, ""detail"": ""charge declined: insufficient_funds"", ""succeeded"": false}"
7253c412-b29f-4774-9449-871ec8eaaefd,sub_0171,2026-08-29T03:46:39.379587+00:00,2026-08-26T13:31:20.864088+00:00,control_execute,"{""action_type"": ""retry_charge"", ""attempt"": 2, ""cost_paise"": 300, ""detail"": ""charge declined: insufficient_funds"", ""succeeded"": false}"
40e48f85-d6bb-44ce-8882-b5ce4fc0fc34,sub_0191,2026-08-29T03:47:30.194474+00:00,2026-08-26T07:34:25.162482+00:00,control_execute,"{""action_type"": ""retry_charge"", ""attempt"": 3, ""cost_paise"": 300, ""detail"": ""charge declined: card_declined"", ""succeeded"": false}"
98199d5b-13db-4ded-acb3-7efde84b8fc7,sub_0191,2026-08-29T03:47:30.194474+00:00,2026-08-26T13:31:20.864513+00:00,control_execute,"{""action_type"": ""retry_charge"", ""attempt"": 3, ""cost_paise"": 300, ""detail"": ""charge declined: card_declined"", ""succeeded"": false}"
3ae8af8c-b332-450a-86ae-1b89c8ada1a4,sub_0174,2026-08-29T03:59:37.310048+00:00,2026-08-26T07:34:25.162868+00:00,control_execute,"{""action_type"": ""retry_charge"", ""attempt"": 2, ""cost_paise"": 300, ""detail"": ""charge declined: payment_risk_check_failed"", ""succeeded"": false}"
d0caac37-55f6-4d53-b4e2-335a47a20360,sub_0174,2026-08-29T03:59:37.310048+00:00,2026-08-26T13:31:20.864919+00:00,control_execute,"{""action_type"": ""retry_charge"", ""attempt"": 2, ""cost_paise"": 300, ""detail"": ""charge declined: payment_risk_check_failed"", ""succeeded"": false}"
a61b3122-ae01-4cb6-8993-71fa9e10b9f9,sub_0068,2026-08-29T04:02:06.806109+00:00,2026-08-26T07:34:25.163237+00:00,control_execute,"{""action_type"": ""retry_charge"", ""attempt"": 2, ""cost_paise"": 300, ""detail"": ""charge succeeded"", ""succeeded"": true}"
62df4451-0c82-47de-a016-44c95f01f303,sub_0068,2026-08-29T04:02:06.806109+00:00,2026-08-26T13:31:20.865373+00:00,control_execute,"{""action_type"": ""retry_charge"", ""attempt"": 2, ""cost_paise"": 300, ""detail"": ""charge succeeded"", ""succeeded"": true}"
2befa505-e53d-4de6-a3b6-f75bae18ff0e,sub_0022,2026-08-29T04:03:38.216136+00:00,2026-08-26T07:34:25.163661+00:00,control_execute,"{""action_type"": ""retry_charge"", ""attempt"": 2, ""cost_paise"": 300, ""detail"": ""charge declined: card_declined"", ""succeeded"": false}"
bdd15cea-6c0b-456b-89f0-5b2de4bba2eb,sub_0022,2026-08-29T04:03:38.216136+00:00,2026-08-26T13:31:20.865822+00:00,control_execute,"{""action_type"": ""retry_charge"", ""attempt"": 2, ""cost_paise"": 300, ""detail"": ""charge declined: card_declined"", ""succeeded"": false}"
529873ee-c5cd-4f91-b1b9-613466da8f65,sub_0016,2026-08-29T04:24:06.066002+00:00,2026-08-26T07:34:25.164059+00:00,control_execute,"{""action_type"": ""retry_charge"", ""attempt"": 2, ""cost_paise"": 300, ""detail"": ""charge declined: card_expired"", ""succeeded"": false}"
dceb0682-19e0-4253-b04b-f2f8b894f48b,sub_0016,2026-08-29T04:24:06.066002+00:00,2026-08-26T13:31:20.866224+00:00,control_execute,"{""action_type"": ""retry_charge"", ""attempt"": 2, ""cost_paise"": 300, ""detail"": ""charge declined: card_expired"", ""succeeded"": false}"
f4708b8a-ff8a-4f23-92cd-a1146a3ceea9,sub_0117,2026-08-29T04:59:50.965074+00:00,2026-08-26T07:34:25.164468+00:00,control_execute,"{""action_type"": ""retry_charge"", ""attempt"": 2, ""cost_paise"": 300, ""detail"": ""charge declined: card_expired"", ""succeeded"": false}"
bdb9f2ef-88c7-4ad6-baf1-1c1c1394370b,sub_0117,2026-08-29T04:59:50.965074+00:00,2026-08-26T13:31:20.866612+00:00,control_execute,"{""action_type"": ""retry_charge"", ""attempt"": 2, ""cost_paise"": 300, ""detail"": ""charge declined: card_expired"", ""succeeded"": false}"
e15e4eb5-6f90-4187-b929-3cbcdb77bcc0,sub_0153,2026-08-29T05:11:56.051958+00:00,2026-08-26T07:34:25.164938+00:00,control_execute,"{""action_type"": ""retry_charge"", ""attempt"": 2, ""cost_paise"": 300, ""detail"": ""charge declined: subscription_cancelled"", ""succeeded"": false}"
2a1a701a-f43c-4314-b0f0-97c5eed3964d,sub_0153,2026-08-29T05:11:56.051958+00:00,2026-08-26T13:31:20.867016+00:00,control_execute,"{""action_type"": ""retry_charge"", ""attempt"": 2, ""cost_paise"": 300, ""detail"": ""charge declined: subscription_cancelled"", ""succeeded"": false}"
a7066026-d409-4fe0-b550-af8cd532f735,sub_0059,2026-08-29T05:13:15.869297+00:00,2026-08-26T07:34:25.165475+00:00,control_execute,"{""action_type"": ""retry_charge"", ""attempt"": 3, ""cost_paise"": 300, ""detail"": ""charge declined: insufficient_funds"", ""succeeded"": false}"
4ed4c5a6-0ebc-4aff-99f1-bf61bf39f509,sub_0059,2026-08-29T05:13:15.869297+00:00,2026-08-26T13:31:20.867399+00:00,control_execute,"{""action_type"": ""retry_charge"", ""attempt"": 3, ""cost_paise"": 300, ""detail"": ""charge declined: insufficient_funds"", ""succeeded"": false}"
f70520e7-f679-4b11-aa17-cb824eefff70,sub_0035,2026-08-29T05:41:49.900433+00:00,2026-08-26T07:34:25.166001+00:00,control_execute,"{""action_type"": ""retry_charge"", ""attempt"": 3, ""cost_paise"": 300, ""detail"": ""charge declined: subscription_cancelled"", ""succeeded"": false}"
c95a2c59-104e-4760-b717-1dc2d935600c,sub_0035,2026-08-29T05:41:49.900433+00:00,2026-08-26T13:31:20.867774+00:00,control_execute,"{""action_type"": ""retry_charge"", ""attempt"": 3, ""cost_paise"": 300, ""detail"": ""charge declined: subscription_cancelled"", ""succeeded"": false}"
dd59c611-18a1-4e4b-8dd1-17c1393a7b2f,sub_0120,2026-08-29T05:52:11.572021+00:00,2026-08-26T07:34:25.166390+00:00,control_execute,"{""action_type"": ""retry_charge"", ""attempt"": 2, ""cost_paise"": 300, ""detail"": ""charge declined: insufficient_funds"", ""succeeded"": false}"
3a3a338f-3804-4a51-bb95-e5ea0203e90e,sub_0120,2026-08-29T05:52:11.572021+00:00,2026-08-26T13:31:20.868172+00:00,control_execute,"{""action_type"": ""retry_charge"", ""attempt"": 2, ""cost_paise"": 300, ""detail"": ""charge declined: insufficient_funds"", ""succeeded"": false}"
4e83a18c-2e55-4ed4-81dd-e3bd05f77cd8,sub_0194,2026-08-29T06:02:30.742525+00:00,2026-08-26T07:34:25.166791+00:00,control_execute,"{""action_type"": ""retry_charge"", ""attempt"": 3, ""cost_paise"": 300, ""detail"": ""charge declined: card_expired"", ""succeeded"": false}"
4c66550a-779a-43ea-b1e8-e923f0a60503,sub_0194,2026-08-29T06:02:30.742525+00:00,2026-08-26T13:31:20.868549+00:00,control_execute,"{""action_type"": ""retry_charge"", ""attempt"": 3, ""cost_paise"": 300, ""detail"": ""charge declined: card_expired"", ""succeeded"": false}"
62e7f618-5625-4744-9bb0-38dc47707173,sub_0196,2026-08-29T06:29:30.402827+00:00,2026-08-26T07:34:25.167178+00:00,control_execute,"{""action_type"": ""retry_charge"", ""attempt"": 3, ""cost_paise"": 300, ""detail"": ""charge declined: insufficient_funds"", ""succeeded"": false}"
6ed3842f-e657-4750-ba7d-14e0f7f68cab,sub_0196,2026-08-29T06:29:30.402827+00:00,2026-08-26T13:31:20.868932+00:00,control_execute,"{""action_type"": ""retry_charge"", ""attempt"": 3, ""cost_paise"": 300, ""detail"": ""charge declined: insufficient_funds"", ""succeeded"": false}"
86b7d68b-6a0d-4ae1-9121-137d05bca9fe,sub_0028,2026-08-29T06:32:49.141213+00:00,2026-08-26T07:34:25.167546+00:00,control_execute,"{""action_type"": ""retry_charge"", ""attempt"": 2, ""cost_paise"": 300, ""detail"": ""charge declined: insufficient_funds"", ""succeeded"": false}"
96f0064d-3ff4-44b7-ac14-43e1c9b4095b,sub_0028,2026-08-29T06:32:49.141213+00:00,2026-08-26T13:31:20.869316+00:00,control_execute,"{""action_type"": ""retry_charge"", ""attempt"": 2, ""cost_paise"": 300, ""detail"": ""charge declined: insufficient_funds"", ""succeeded"": false}"
176eff03-4782-4890-8fc9-d3c23e0391af,sub_0043,2026-08-29T06:49:56.531308+00:00,2026-08-26T07:34:25.167829+00:00,control_execute,"{""action_type"": ""retry_charge"", ""attempt"": 2, ""cost_paise"": 300, ""detail"": ""charge declined: insufficient_funds"", ""succeeded"": false}"
79e38409-0469-4e49-9e8f-71b07668684e,sub_0043,2026-08-29T06:49:56.531308+00:00,2026-08-26T13:31:20.869705+00:00,control_execute,"{""action_type"": ""retry_charge"", ""attempt"": 2, ""cost_paise"": 300, ""detail"": ""charge declined: insufficient_funds"", ""succeeded"": false}"
20a6ba21-3477-437d-94d7-27b02ceaea56,sub_0131,2026-08-29T07:01:05.899366+00:00,2026-08-26T07:34:25.168152+00:00,control_execute,"{""action_type"": ""retry_charge"", ""attempt"": 2, ""cost_paise"": 300, ""detail"": ""charge declined: card_declined"", ""succeeded"": false}"
88693936-ea86-4bf9-8081-e9094ab8c0e9,sub_0131,2026-08-29T07:01:05.899366+00:00,2026-08-26T13:31:20.870146+00:00,control_execute,"{""action_type"": ""retry_charge"", ""attempt"": 2, ""cost_paise"": 300, ""detail"": ""charge declined: card_declined"", ""succeeded"": false}"
53c6289b-22af-4687-bdc1-1f5402b2f0a3,sub_0060,2026-08-29T07:18:23.753488+00:00,2026-08-26T07:34:25.168513+00:00,control_execute,"{""action_type"": ""retry_charge"", ""attempt"": 3, ""cost_paise"": 300, ""detail"": ""charge declined: card_expired"", ""succeeded"": false}"
61f42707-8d50-485a-b00c-1c3c0f546101,sub_0060,2026-08-29T07:18:23.753488+00:00,2026-08-26T13:31:20.870655+00:00,control_execute,"{""action_type"": ""retry_charge"", ""attempt"": 3, ""cost_paise"": 300, ""detail"": ""charge declined: card_expired"", ""succeeded"": false}"
d51893db-07ae-42c1-a79a-e4d5c8dfbc32,sub_0079,2026-08-29T07:41:57.122256+00:00,2026-08-26T07:34:25.168921+00:00,control_execute,"{""action_type"": ""retry_charge"", ""attempt"": 3, ""cost_paise"": 300, ""detail"": ""charge declined: card_expired"", ""succeeded"": false}"
762bcd24-c42c-4df1-ab2f-6b65100faa61,sub_0079,2026-08-29T07:41:57.122256+00:00,2026-08-26T13:31:20.871151+00:00,control_execute,"{""action_type"": ""retry_charge"", ""attempt"": 3, ""cost_paise"": 300, ""detail"": ""charge declined: card_expired"", ""succeeded"": false}"
4618a273-711f-4c70-b268-46b79390d526,sub_0189,2026-08-29T08:16:48.304144+00:00,2026-08-26T07:34:25.169311+00:00,control_execute,"{""action_type"": ""retry_charge"", ""attempt"": 3, ""cost_paise"": 300, ""detail"": ""charge declined: card_expired"", ""succeeded"": false}"
c211e82f-2444-45cc-9378-96007f6a5a2c,sub_0189,2026-08-29T08:16:48.304144+00:00,2026-08-26T13:31:20.871720+00:00,control_execute,"{""action_type"": ""retry_charge"", ""attempt"": 3, ""cost_paise"": 300, ""detail"": ""charge declined: card_expired"", ""succeeded"": false}"
341efdb7-ec68-490a-8bec-2297b9a1eea6,sub_0183,2026-08-29T08:55:57.771471+00:00,2026-08-26T07:34:25.169710+00:00,control_execute,"{""action_type"": ""retry_charge"", ""attempt"": 3, ""cost_paise"": 300, ""detail"": ""charge declined: bank_technical_error"", ""succeeded"": false}"
ddd3bdd3-8835-4413-8214-c165cd2cba9e,sub_0183,2026-08-29T08:55:57.771471+00:00,2026-08-26T13:31:20.872245+00:00,control_execute,"{""action_type"": ""retry_charge"", ""attempt"": 3, ""cost_paise"": 300, ""detail"": ""charge declined: bank_technical_error"", ""succeeded"": false}"
395e68d1-1745-486a-a1fa-7d24aad7f548,sub_0112,2026-08-29T09:00:53.500717+00:00,2026-08-26T07:34:25.170102+00:00,control_execute,"{""action_type"": ""retry_charge"", ""attempt"": 3, ""cost_paise"": 300, ""detail"": ""charge declined: payment_risk_check_failed"", ""succeeded"": false}"
4eb77f34-f767-4053-a61e-c4af8e925392,sub_0112,2026-08-29T09:00:53.500717+00:00,2026-08-26T13:31:20.872716+00:00,control_execute,"{""action_type"": ""retry_charge"", ""attempt"": 3, ""cost_paise"": 300, ""detail"": ""charge declined: payment_risk_check_failed"", ""succeeded"": false}"
c2e32f48-4e9d-4001-b746-33783fcd47c6,sub_0026,2026-08-29T09:15:36.640566+00:00,2026-08-26T07:34:25.170487+00:00,control_execute,"{""action_type"": ""retry_charge"", ""attempt"": 3, ""cost_paise"": 300, ""detail"": ""charge succeeded"", ""succeeded"": true}"
9800ca2d-887b-414d-a319-e83dc836a36b,sub_0026,2026-08-29T09:15:36.640566+00:00,2026-08-26T13:31:20.880968+00:00,control_execute,"{""action_type"": ""retry_charge"", ""attempt"": 3, ""cost_paise"": 300, ""detail"": ""charge succeeded"", ""succeeded"": true}"
98c33d9a-4b2a-47e2-a033-a6d723f14a12,sub_0014,2026-08-29T09:20:51.587606+00:00,2026-08-26T07:34:25.170866+00:00,control_execute,"{""action_type"": ""retry_charge"", ""attempt"": 3, ""cost_paise"": 300, ""detail"": ""charge declined: card_declined"", ""succeeded"": false}"
1bd0c773-a623-4130-9cde-74bb3f0ddf4c,sub_0014,2026-08-29T09:20:51.587606+00:00,2026-08-26T13:31:20.882717+00:00,control_execute,"{""action_type"": ""retry_charge"", ""attempt"": 3, ""cost_paise"": 300, ""detail"": ""charge declined: card_declined"", ""succeeded"": false}"
a8af7309-a3ac-4d4b-83c9-aee2d0d84c69,sub_0037,2026-08-29T10:00:50.796279+00:00,2026-08-26T07:34:25.171245+00:00,control_execute,"{""action_type"": ""retry_charge"", ""attempt"": 3, ""cost_paise"": 300, ""detail"": ""charge declined: card_expired"", ""succeeded"": false}"
6bcbadcb-d446-4cf8-ad93-34451ebaf93d,sub_0037,2026-08-29T10:00:50.796279+00:00,2026-08-26T13:31:20.883278+00:00,control_execute,"{""action_type"": ""retry_charge"", ""attempt"": 3, ""cost_paise"": 300, ""detail"": ""charge declined: card_expired"", ""succeeded"": false}"
bad4c30a-63ac-4cab-aada-cc42cb7fce26,sub_0101,2026-08-29T10:18:21.264500+00:00,2026-08-26T07:34:25.171629+00:00,control_execute,"{""action_type"": ""retry_charge"", ""attempt"": 3, ""cost_paise"": 300, ""detail"": ""charge declined: card_declined"", ""succeeded"": false}"
ea60c65f-f9a6-4bc1-b0f1-67a8dee475c5,sub_0101,2026-08-29T10:18:21.264500+00:00,2026-08-26T13:31:20.883778+00:00,control_execute,"{""action_type"": ""retry_charge"", ""attempt"": 3, ""cost_paise"": 300, ""detail"": ""charge declined: card_declined"", ""succeeded"": false}"
a7cd812d-01ae-40fa-a319-261c5012edce,sub_0199,2026-08-29T10:37:24.354309+00:00,2026-08-26T07:34:25.171993+00:00,control_execute,"{""action_type"": ""retry_charge"", ""attempt"": 3, ""cost_paise"": 300, ""detail"": ""charge declined: insufficient_funds"", ""succeeded"": false}"
23c9b92d-3086-44e2-b743-2e8029a3bd28,sub_0199,2026-08-29T10:37:24.354309+00:00,2026-08-26T13:31:20.884221+00:00,control_execute,"{""action_type"": ""retry_charge"", ""attempt"": 3, ""cost_paise"": 300, ""detail"": ""charge declined: insufficient_funds"", ""succeeded"": false}"
4075bc4e-b478-42e2-b541-6f004be65a0a,sub_0192,2026-08-29T10:47:48.887997+00:00,2026-08-26T07:34:25.172364+00:00,control_execute,"{""action_type"": ""retry_charge"", ""attempt"": 3, ""cost_paise"": 300, ""detail"": ""charge declined: card_expired"", ""succeeded"": false}"
193f93d3-d931-4234-af29-0ba7f60eabca,sub_0192,2026-08-29T10:47:48.887997+00:00,2026-08-26T13:31:20.884630+00:00,control_execute,"{""action_type"": ""retry_charge"", ""attempt"": 3, ""cost_paise"": 300, ""detail"": ""charge declined: card_expired"", ""succeeded"": false}"
48127e38-fb05-4a88-ae23-613a5dfb6e79,sub_0161,2026-08-29T10:59:30.875685+00:00,2026-08-26T07:34:25.172734+00:00,control_execute,"{""action_type"": ""retry_charge"", ""attempt"": 3, ""cost_paise"": 300, ""detail"": ""charge declined: subscription_cancelled"", ""succeeded"": false}"
aa933da2-d670-41d6-90e1-ddc9a2358e3a,sub_0161,2026-08-29T10:59:30.875685+00:00,2026-08-26T13:31:20.885037+00:00,control_execute,"{""action_type"": ""retry_charge"", ""attempt"": 3, ""cost_paise"": 300, ""detail"": ""charge declined: subscription_cancelled"", ""succeeded"": false}"
e1bb4c81-9f58-4d15-aaa3-2e04e8d0bbfd,sub_0065,2026-08-29T11:06:19.189263+00:00,2026-08-26T07:34:25.173151+00:00,control_execute,"{""action_type"": ""retry_charge"", ""attempt"": 3, ""cost_paise"": 300, ""detail"": ""charge declined: card_expired"", ""succeeded"": false}"
6f88b8d3-e228-4ed9-88da-f130e6ea0f76,sub_0065,2026-08-29T11:06:19.189263+00:00,2026-08-26T13:31:20.885465+00:00,control_execute,"{""action_type"": ""retry_charge"", ""attempt"": 3, ""cost_paise"": 300, ""detail"": ""charge declined: card_expired"", ""succeeded"": false}"
e4df7e9b-b82c-44f5-b869-dc2d8debdab0,sub_0111,2026-08-29T11:43:07.169661+00:00,2026-08-26T07:34:25.173626+00:00,control_execute,"{""action_type"": ""retry_charge"", ""attempt"": 3, ""cost_paise"": 300, ""detail"": ""charge declined: card_expired"", ""succeeded"": false}"
d64d6059-a598-4593-9c61-695fe97efba1,sub_0111,2026-08-29T11:43:07.169661+00:00,2026-08-26T13:31:20.885892+00:00,control_execute,"{""action_type"": ""retry_charge"", ""attempt"": 3, ""cost_paise"": 300, ""detail"": ""charge declined: card_expired"", ""succeeded"": false}"
f362004f-1c9c-42c9-ad02-d154a30401ee,sub_0063,2026-08-29T11:49:32.995169+00:00,2026-08-26T07:34:25.174039+00:00,control_execute,"{""action_type"": ""retry_charge"", ""attempt"": 3, ""cost_paise"": 300, ""detail"": ""charge declined: insufficient_funds"", ""succeeded"": false}"
9310ccce-9c18-4125-82c4-147adbc8688b,sub_0063,2026-08-29T11:49:32.995169+00:00,2026-08-26T13:31:20.886352+00:00,control_execute,"{""action_type"": ""retry_charge"", ""attempt"": 3, ""cost_paise"": 300, ""detail"": ""charge declined: insufficient_funds"", ""succeeded"": false}"
e69e8e78-e0f7-46f3-bfc3-9670f8b105bc,sub_0169,2026-08-29T12:16:54.025871+00:00,2026-08-26T07:34:25.174439+00:00,control_execute,"{""action_type"": ""retry_charge"", ""attempt"": 3, ""cost_paise"": 300, ""detail"": ""charge declined: card_expired"", ""succeeded"": false}"
32eb154f-1919-4371-853d-426bcd07be83,sub_0169,2026-08-29T12:16:54.025871+00:00,2026-08-26T13:31:20.886784+00:00,control_execute,"{""action_type"": ""retry_charge"", ""attempt"": 3, ""cost_paise"": 300, ""detail"": ""charge declined: card_expired"", ""succeeded"": false}"
e7f75b20-fe1b-43b0-bd93-8f0fdc6cbddc,sub_0118,2026-08-29T13:09:01.708012+00:00,2026-08-26T07:34:25.174827+00:00,control_execute,"{""action_type"": ""retry_charge"", ""attempt"": 3, ""cost_paise"": 300, ""detail"": ""charge declined: card_expired"", ""succeeded"": false}"
8c0d856f-954e-4d99-835e-b99216ea9ef8,sub_0118,2026-08-29T13:09:01.708012+00:00,2026-08-26T13:31:20.887203+00:00,control_execute,"{""action_type"": ""retry_charge"", ""attempt"": 3, ""cost_paise"": 300, ""detail"": ""charge declined: card_expired"", ""succeeded"": false}"
23297e29-c62d-4a12-9b68-5c18d8c4d877,sub_0029,2026-08-29T14:18:08.718849+00:00,2026-08-26T07:34:25.175211+00:00,control_execute,"{""action_type"": ""retry_charge"", ""attempt"": 3, ""cost_paise"": 300, ""detail"": ""charge declined: payment_risk_check_failed"", ""succeeded"": false}"
d76aff7e-8ffa-438d-8f6e-7c4d79c1771e,sub_0029,2026-08-29T14:18:08.718849+00:00,2026-08-26T13:31:20.887603+00:00,control_execute,"{""action_type"": ""retry_charge"", ""attempt"": 3, ""cost_paise"": 300, ""detail"": ""charge declined: payment_risk_check_failed"", ""succeeded"": false}"
170a9235-cde1-4e6a-988c-df0d1e0799c3,sub_0078,2026-08-29T14:40:05.796253+00:00,2026-08-26T07:34:25.175616+00:00,control_execute,"{""action_type"": ""retry_charge"", ""attempt"": 3, ""cost_paise"": 300, ""detail"": ""charge declined: insufficient_funds"", ""succeeded"": false}"
bec1e9f5-3af5-4610-91f9-e70cd1c3ae9c,sub_0078,2026-08-29T14:40:05.796253+00:00,2026-08-26T13:31:20.888007+00:00,control_execute,"{""action_type"": ""retry_charge"", ""attempt"": 3, ""cost_paise"": 300, ""detail"": ""charge declined: insufficient_funds"", ""succeeded"": false}"
5e97472e-360b-4df4-9ac6-e2f74353e17f,sub_0034,2026-08-29T14:45:57.796205+00:00,2026-08-26T07:34:25.175991+00:00,control_execute,"{""action_type"": ""retry_charge"", ""attempt"": 3, ""cost_paise"": 300, ""detail"": ""charge declined: card_expired"", ""succeeded"": false}"
b4323fbc-1d1a-4e0b-90b1-14d5759783d2,sub_0034,2026-08-29T14:45:57.796205+00:00,2026-08-26T13:31:20.888401+00:00,control_execute,"{""action_type"": ""retry_charge"", ""attempt"": 3, ""cost_paise"": 300, ""detail"": ""charge declined: card_expired"", ""succeeded"": false}"
0cd4ed51-9e53-4cc5-82e9-34855d8d58e1,sub_0173,2026-08-29T15:24:53.320725+00:00,2026-08-26T07:34:25.176343+00:00,control_execute,"{""action_type"": ""retry_charge"", ""attempt"": 3, ""cost_paise"": 300, ""detail"": ""charge declined: subscription_cancelled"", ""succeeded"": false}"
6a528a1e-1bb1-44d7-b4d1-0d723b527ebb,sub_0173,2026-08-29T15:24:53.320725+00:00,2026-08-26T13:31:20.888822+00:00,control_execute,"{""action_type"": ""retry_charge"", ""attempt"": 3, ""cost_paise"": 300, ""detail"": ""charge declined: subscription_cancelled"", ""succeeded"": false}"
6e352e91-a5a5-45c1-b944-312ddaeb546c,sub_0090,2026-08-29T15:33:37.685682+00:00,2026-08-26T07:34:25.176737+00:00,control_execute,"{""action_type"": ""retry_charge"", ""attempt"": 3, ""cost_paise"": 300, ""detail"": ""charge declined: card_declined"", ""succeeded"": false}"
d37bc0c6-2d72-42b9-a5df-fba0b07d3291,sub_0090,2026-08-29T15:33:37.685682+00:00,2026-08-26T13:31:20.889224+00:00,control_execute,"{""action_type"": ""retry_charge"", ""attempt"": 3, ""cost_paise"": 300, ""detail"": ""charge declined: card_declined"", ""succeeded"": false}"
af6bd92d-dcd2-455d-9232-0e0e049bca36,sub_0004,2026-08-29T15:40:30.974686+00:00,2026-08-26T07:34:25.177106+00:00,control_execute,"{""action_type"": ""retry_charge"", ""attempt"": 3, ""cost_paise"": 300, ""detail"": ""charge declined: card_expired"", ""succeeded"": false}"
e102e9d4-a3b0-4d3e-97a3-273cd196e183,sub_0004,2026-08-29T15:40:30.974686+00:00,2026-08-26T13:31:20.889612+00:00,control_execute,"{""action_type"": ""retry_charge"", ""attempt"": 3, ""cost_paise"": 300, ""detail"": ""charge declined: card_expired"", ""succeeded"": false}"
1b100424-d19e-4d34-be6d-54bdbbb79e4c,sub_0033,2026-08-29T15:54:23.970537+00:00,2026-08-26T07:34:25.177579+00:00,control_execute,"{""action_type"": ""retry_charge"", ""attempt"": 3, ""cost_paise"": 300, ""detail"": ""charge succeeded"", ""succeeded"": true}"
6ac351d6-3e3f-4896-bd4b-d7e36b46dbf7,sub_0033,2026-08-29T15:54:23.970537+00:00,2026-08-26T13:31:20.890013+00:00,control_execute,"{""action_type"": ""retry_charge"", ""attempt"": 3, ""cost_paise"": 300, ""detail"": ""charge succeeded"", ""succeeded"": true}"
9b15508c-6ef7-483e-b17e-83846bcf7ebf,sub_0109,2026-08-29T16:00:24.113595+00:00,2026-08-26T07:34:25.178075+00:00,control_execute,"{""action_type"": ""retry_charge"", ""attempt"": 3, ""cost_paise"": 300, ""detail"": ""charge declined: insufficient_funds"", ""succeeded"": false}"
c09fd3d1-31f0-4fbb-8dcd-23b791ae5b55,sub_0109,2026-08-29T16:00:24.113595+00:00,2026-08-26T13:31:20.890436+00:00,control_execute,"{""action_type"": ""retry_charge"", ""attempt"": 3, ""cost_paise"": 300, ""detail"": ""charge declined: insufficient_funds"", ""succeeded"": false}"
d006a7cc-76a7-49da-8859-42436674a8b1,sub_0130,2026-08-29T16:06:57.576236+00:00,2026-08-26T07:34:25.184056+00:00,control_execute,"{""action_type"": ""retry_charge"", ""attempt"": 3, ""cost_paise"": 300, ""detail"": ""charge declined: insufficient_funds"", ""succeeded"": false}"
0ead489c-4505-49ef-a476-d84faf1df8b4,sub_0130,2026-08-29T16:06:57.576236+00:00,2026-08-26T13:31:20.890866+00:00,control_execute,"{""action_type"": ""retry_charge"", ""attempt"": 3, ""cost_paise"": 300, ""detail"": ""charge declined: insufficient_funds"", ""succeeded"": false}"
66a6034b-d3bf-407a-a530-b4a40784ceaa,sub_0148,2026-08-29T17:00:37.269608+00:00,2026-08-26T07:34:25.185848+00:00,control_execute,"{""action_type"": ""retry_charge"", ""attempt"": 3, ""cost_paise"": 300, ""detail"": ""charge declined: card_expired"", ""succeeded"": false}"
2a97a7f3-3d92-4d05-b454-4fa4b2688ecf,sub_0148,2026-08-29T17:00:37.269608+00:00,2026-08-26T13:31:20.891268+00:00,control_execute,"{""action_type"": ""retry_charge"", ""attempt"": 3, ""cost_paise"": 300, ""detail"": ""charge declined: card_expired"", ""succeeded"": false}"
b26e4953-70d6-4f9e-ab5e-846e17677148,sub_0006,2026-08-29T17:13:39.902944+00:00,2026-08-26T07:34:25.186256+00:00,control_execute,"{""action_type"": ""retry_charge"", ""attempt"": 3, ""cost_paise"": 300, ""detail"": ""charge declined: card_expired"", ""succeeded"": false}"
e726eb36-d244-47b7-aa26-11af5a3da3bd,sub_0006,2026-08-29T17:13:39.902944+00:00,2026-08-26T13:31:20.891681+00:00,control_execute,"{""action_type"": ""retry_charge"", ""attempt"": 3, ""cost_paise"": 300, ""detail"": ""charge declined: card_expired"", ""succeeded"": false}"
4a310ab4-af85-407f-a423-dd44898294ea,sub_0147,2026-08-29T17:17:44.168657+00:00,2026-08-26T07:34:25.186665+00:00,control_execute,"{""action_type"": ""retry_charge"", ""attempt"": 3, ""cost_paise"": 300, ""detail"": ""charge declined: subscription_cancelled"", ""succeeded"": false}"
453d52a5-e2e3-478e-8f52-fc8e1c25ae4b,sub_0147,2026-08-29T17:17:44.168657+00:00,2026-08-26T13:31:20.892099+00:00,control_execute,"{""action_type"": ""retry_charge"", ""attempt"": 3, ""cost_paise"": 300, ""detail"": ""charge declined: subscription_cancelled"", ""succeeded"": false}"
52b35008-27af-46cb-8442-d9e026b535a3,sub_0144,2026-08-29T17:33:52.415049+00:00,2026-08-26T07:34:25.187053+00:00,control_execute,"{""action_type"": ""retry_charge"", ""attempt"": 3, ""cost_paise"": 300, ""detail"": ""charge declined: subscription_cancelled"", ""succeeded"": false}"
dd559354-b706-436d-a718-94f31ed7af53,sub_0144,2026-08-29T17:33:52.415049+00:00,2026-08-26T13:31:20.892511+00:00,control_execute,"{""action_type"": ""retry_charge"", ""attempt"": 3, ""cost_paise"": 300, ""detail"": ""charge declined: subscription_cancelled"", ""succeeded"": false}"
85b845bd-a0fe-4452-8a31-bf8692c0556f,sub_0114,2026-08-29T18:09:36.825445+00:00,2026-08-26T07:34:25.187447+00:00,control_execute,"{""action_type"": ""retry_charge"", ""attempt"": 3, ""cost_paise"": 300, ""detail"": ""charge declined: payment_risk_check_failed"", ""succeeded"": false}"
5689c7bb-a4c6-4a04-84fe-025565adf4b6,sub_0114,2026-08-29T18:09:36.825445+00:00,2026-08-26T13:31:20.892919+00:00,control_execute,"{""action_type"": ""retry_charge"", ""attempt"": 3, ""cost_paise"": 300, ""detail"": ""charge declined: payment_risk_check_failed"", ""succeeded"": false}"
14221a8e-9ec8-4b5f-96ef-1a1e111ec48f,sub_0094,2026-08-29T18:22:05.228735+00:00,2026-08-26T07:34:25.187824+00:00,control_execute,"{""action_type"": ""retry_charge"", ""attempt"": 3, ""cost_paise"": 300, ""detail"": ""charge declined: insufficient_funds"", ""succeeded"": false}"
0186fa75-17d6-47cb-82ee-461aeddee346,sub_0094,2026-08-29T18:22:05.228735+00:00,2026-08-26T13:31:20.893377+00:00,control_execute,"{""action_type"": ""retry_charge"", ""attempt"": 3, ""cost_paise"": 300, ""detail"": ""charge declined: insufficient_funds"", ""succeeded"": false}"
99ad3c95-f100-4b78-a39c-094705e8e344,sub_0018,2026-08-29T18:32:00.822393+00:00,2026-08-26T07:34:25.188182+00:00,control_execute,"{""action_type"": ""retry_charge"", ""attempt"": 3, ""cost_paise"": 300, ""detail"": ""charge declined: payment_risk_check_failed"", ""succeeded"": false}"
288d2eb1-8df1-4066-ae14-62d63b3f1127,sub_0018,2026-08-29T18:32:00.822393+00:00,2026-08-26T13:31:20.893785+00:00,control_execute,"{""action_type"": ""retry_charge"", ""attempt"": 3, ""cost_paise"": 300, ""detail"": ""charge declined: payment_risk_check_failed"", ""succeeded"": false}"
abd4aafa-c259-4e60-94f0-8887c79c2228,sub_0186,2026-08-29T19:21:56.526564+00:00,2026-08-26T07:34:25.188505+00:00,control_execute,"{""action_type"": ""retry_charge"", ""attempt"": 3, ""cost_paise"": 300, ""detail"": ""charge succeeded"", ""succeeded"": true}"
9d804762-b062-4491-8c9c-919bc5321c68,sub_0186,2026-08-29T19:21:56.526564+00:00,2026-08-26T13:31:20.894260+00:00,control_execute,"{""action_type"": ""retry_charge"", ""attempt"": 3, ""cost_paise"": 300, ""detail"": ""charge succeeded"", ""succeeded"": true}"
4e9ac57d-ddac-4d00-91d8-5e7476da2372,sub_0149,2026-08-29T19:28:06.523626+00:00,2026-08-26T07:34:25.188880+00:00,control_execute,"{""action_type"": ""retry_charge"", ""attempt"": 3, ""cost_paise"": 300, ""detail"": ""charge declined: card_expired"", ""succeeded"": false}"
ed8a856a-88c5-4e0c-a5c7-e011ecb34633,sub_0149,2026-08-29T19:28:06.523626+00:00,2026-08-26T13:31:20.894772+00:00,control_execute,"{""action_type"": ""retry_charge"", ""attempt"": 3, ""cost_paise"": 300, ""detail"": ""charge declined: card_expired"", ""succeeded"": false}"
6bfb784f-071a-4273-ab85-136354abd08f,sub_0025,2026-08-29T19:29:06.514503+00:00,2026-08-26T07:34:25.189268+00:00,control_execute,"{""action_type"": ""retry_charge"", ""attempt"": 3, ""cost_paise"": 300, ""detail"": ""charge succeeded"", ""succeeded"": true}"
9bae586f-51be-4120-8749-ff0a7914b2f3,sub_0025,2026-08-29T19:29:06.514503+00:00,2026-08-26T13:31:20.895189+00:00,control_execute,"{""action_type"": ""retry_charge"", ""attempt"": 3, ""cost_paise"": 300, ""detail"": ""charge succeeded"", ""succeeded"": true}"
c7252336-0010-4e85-8620-f5ddd22ca845,sub_0195,2026-08-29T19:32:42.780377+00:00,2026-08-26T07:34:25.189614+00:00,control_execute,"{""action_type"": ""retry_charge"", ""attempt"": 3, ""cost_paise"": 300, ""detail"": ""charge declined: card_expired"", ""succeeded"": false}"
5d9a4219-e7aa-4e0b-8749-7627d26b0a80,sub_0195,2026-08-29T19:32:42.780377+00:00,2026-08-26T13:31:20.895583+00:00,control_execute,"{""action_type"": ""retry_charge"", ""attempt"": 3, ""cost_paise"": 300, ""detail"": ""charge declined: card_expired"", ""succeeded"": false}"
ca0efa45-e7d7-42b2-a220-29d7b3520f81,sub_0010,2026-08-29T19:57:00.168143+00:00,2026-08-26T07:34:25.189958+00:00,control_execute,"{""action_type"": ""retry_charge"", ""attempt"": 3, ""cost_paise"": 300, ""detail"": ""charge declined: subscription_cancelled"", ""succeeded"": false}"
9c14a455-72a3-48c1-9846-3e840720fa71,sub_0010,2026-08-29T19:57:00.168143+00:00,2026-08-26T13:31:20.896004+00:00,control_execute,"{""action_type"": ""retry_charge"", ""attempt"": 3, ""cost_paise"": 300, ""detail"": ""charge declined: subscription_cancelled"", ""succeeded"": false}"
d198d1b3-4f56-4bb2-be25-79319876544d,sub_0042,2026-08-29T20:25:32.325183+00:00,2026-08-26T07:34:25.190353+00:00,control_execute,"{""action_type"": ""retry_charge"", ""attempt"": 3, ""cost_paise"": 300, ""detail"": ""charge declined: subscription_cancelled"", ""succeeded"": false}"
6dfabc1b-8ff5-4b03-b3aa-5f6bacb6e867,sub_0042,2026-08-29T20:25:32.325183+00:00,2026-08-26T13:31:20.896412+00:00,control_execute,"{""action_type"": ""retry_charge"", ""attempt"": 3, ""cost_paise"": 300, ""detail"": ""charge declined: subscription_cancelled"", ""succeeded"": false}"
1ea97dee-2741-4ed0-8ce1-9b864af3e34d,sub_0023,2026-08-29T21:54:07.238122+00:00,2026-08-26T07:34:25.190734+00:00,control_execute,"{""action_type"": ""retry_charge"", ""attempt"": 3, ""cost_paise"": 300, ""detail"": ""charge declined: insufficient_funds"", ""succeeded"": false}"
3834110a-bf4d-479f-a76b-004055fdf1c7,sub_0023,2026-08-29T21:54:07.238122+00:00,2026-08-26T13:31:20.896801+00:00,control_execute,"{""action_type"": ""retry_charge"", ""attempt"": 3, ""cost_paise"": 300, ""detail"": ""charge declined: insufficient_funds"", ""succeeded"": false}"
2fc9e292-cf3a-4f29-b67a-791fb5cdedfa,sub_0125,2026-08-29T22:09:42.546440+00:00,2026-08-26T07:34:25.191119+00:00,control_execute,"{""action_type"": ""retry_charge"", ""attempt"": 3, ""cost_paise"": 300, ""detail"": ""charge succeeded"", ""succeeded"": true}"
5af197e2-4232-4723-b857-39e2d44923f5,sub_0125,2026-08-29T22:09:42.546440+00:00,2026-08-26T13:31:20.897205+00:00,control_execute,"{""action_type"": ""retry_charge"", ""attempt"": 3, ""cost_paise"": 300, ""detail"": ""charge succeeded"", ""succeeded"": true}"
9fa70545-d32a-445e-879b-6e5a1fdd176a,sub_0055,2026-08-29T22:46:34.798864+00:00,2026-08-26T07:34:25.191537+00:00,control_execute,"{""action_type"": ""retry_charge"", ""attempt"": 3, ""cost_paise"": 300, ""detail"": ""charge declined: card_expired"", ""succeeded"": false}"
d5121c34-dfdb-4ee0-845d-1e25df03e605,sub_0055,2026-08-29T22:46:34.798864+00:00,2026-08-26T13:31:20.897611+00:00,control_execute,"{""action_type"": ""retry_charge"", ""attempt"": 3, ""cost_paise"": 300, ""detail"": ""charge declined: card_expired"", ""succeeded"": false}"
7cfb5b86-bec9-41f6-811a-6cc2e46e67cd,sub_0038,2026-08-29T22:50:34.909306+00:00,2026-08-26T07:34:25.191936+00:00,control_execute,"{""action_type"": ""retry_charge"", ""attempt"": 3, ""cost_paise"": 300, ""detail"": ""charge declined: card_expired"", ""succeeded"": false}"
72b9aa26-8683-4189-a671-9966e88e2352,sub_0038,2026-08-29T22:50:34.909306+00:00,2026-08-26T13:31:20.898109+00:00,control_execute,"{""action_type"": ""retry_charge"", ""attempt"": 3, ""cost_paise"": 300, ""detail"": ""charge declined: card_expired"", ""succeeded"": false}"
a9bf5395-82cd-4ee0-8124-a8e33fab832b,sub_0105,2026-08-29T23:20:23.524732+00:00,2026-08-26T07:34:25.192368+00:00,control_execute,"{""action_type"": ""retry_charge"", ""attempt"": 3, ""cost_paise"": 300, ""detail"": ""charge declined: payment_risk_check_failed"", ""succeeded"": false}"
0f8876bb-0880-4710-bd8b-2c25cd414210,sub_0105,2026-08-29T23:20:23.524732+00:00,2026-08-26T13:31:20.898577+00:00,control_execute,"{""action_type"": ""retry_charge"", ""attempt"": 3, ""cost_paise"": 300, ""detail"": ""charge declined: payment_risk_check_failed"", ""succeeded"": false}"
cb7d499a-3083-4803-a58f-e4adbff7ba3d,sub_0067,2026-08-29T23:53:21.156693+00:00,2026-08-26T07:34:25.192776+00:00,control_execute,"{""action_type"": ""retry_charge"", ""attempt"": 3, ""cost_paise"": 300, ""detail"": ""charge declined: payment_risk_check_failed"", ""succeeded"": false}"
33876cd7-3174-4c1f-91ed-bbe237e8383e,sub_0067,2026-08-29T23:53:21.156693+00:00,2026-08-26T13:31:20.899021+00:00,control_execute,"{""action_type"": ""retry_charge"", ""attempt"": 3, ""cost_paise"": 300, ""detail"": ""charge declined: payment_risk_check_failed"", ""succeeded"": false}"
e52ea27a-dad1-4376-81af-c3e1b6e23330,sub_0076,2026-08-30T00:31:40.586169+00:00,2026-08-26T07:34:25.193223+00:00,control_execute,"{""action_type"": ""retry_charge"", ""attempt"": 3, ""cost_paise"": 300, ""detail"": ""charge declined: card_declined"", ""succeeded"": false}"
3506cd1b-f545-4575-8b39-f4cd1ec35069,sub_0076,2026-08-30T00:31:40.586169+00:00,2026-08-26T13:31:20.899454+00:00,control_execute,"{""action_type"": ""retry_charge"", ""attempt"": 3, ""cost_paise"": 300, ""detail"": ""charge declined: card_declined"", ""succeeded"": false}"
f0f3a33c-9fad-4058-951d-49d38818f2c5,sub_0108,2026-08-30T00:44:48.652424+00:00,2026-08-26T07:34:25.193824+00:00,control_execute,"{""action_type"": ""retry_charge"", ""attempt"": 3, ""cost_paise"": 300, ""detail"": ""charge declined: card_declined"", ""succeeded"": false}"
967a56fb-df6c-41c8-9461-3821c92092c1,sub_0108,2026-08-30T00:44:48.652424+00:00,2026-08-26T13:31:20.899940+00:00,control_execute,"{""action_type"": ""retry_charge"", ""attempt"": 3, ""cost_paise"": 300, ""detail"": ""charge declined: card_declined"", ""succeeded"": false}"
20b250c3-9ab9-446a-b01e-08c2e83445cb,sub_0113,2026-08-30T01:29:34.550447+00:00,2026-08-26T07:34:25.194367+00:00,control_execute,"{""action_type"": ""retry_charge"", ""attempt"": 3, ""cost_paise"": 300, ""detail"": ""charge declined: payment_risk_check_failed"", ""succeeded"": false}"
c3a28044-c772-4403-b907-8bf489b80e36,sub_0113,2026-08-30T01:29:34.550447+00:00,2026-08-26T13:31:20.900381+00:00,control_execute,"{""action_type"": ""retry_charge"", ""attempt"": 3, ""cost_paise"": 300, ""detail"": ""charge declined: payment_risk_check_failed"", ""succeeded"": false}"
57caeb8d-274e-4bef-9baf-f3b55a037a0b,sub_0046,2026-08-30T01:30:15.715508+00:00,2026-08-26T07:34:25.194907+00:00,control_execute,"{""action_type"": ""retry_charge"", ""attempt"": 3, ""cost_paise"": 300, ""detail"": ""charge declined: insufficient_funds"", ""succeeded"": false}"
518b97b1-7ddc-402a-a020-d9b2f4fc72ef,sub_0046,2026-08-30T01:30:15.715508+00:00,2026-08-26T13:31:20.900757+00:00,control_execute,"{""action_type"": ""retry_charge"", ""attempt"": 3, ""cost_paise"": 300, ""detail"": ""charge declined: insufficient_funds"", ""succeeded"": false}"
81721eb8-5619-46df-b374-b73b12cda876,sub_0080,2026-08-30T02:08:13.478035+00:00,2026-08-26T07:34:25.195406+00:00,control_execute,"{""action_type"": ""retry_charge"", ""attempt"": 3, ""cost_paise"": 300, ""detail"": ""charge declined: card_declined"", ""succeeded"": false}"
4b03758c-1cce-4210-a01c-2adc642ac2a1,sub_0080,2026-08-30T02:08:13.478035+00:00,2026-08-26T13:31:20.901249+00:00,control_execute,"{""action_type"": ""retry_charge"", ""attempt"": 3, ""cost_paise"": 300, ""detail"": ""charge declined: card_declined"", ""succeeded"": false}"
2065ae1d-9145-4164-81b4-9badd4dfeb6b,sub_0066,2026-08-30T02:10:59.133668+00:00,2026-08-26T07:34:25.195865+00:00,control_execute,"{""action_type"": ""retry_charge"", ""attempt"": 3, ""cost_paise"": 300, ""detail"": ""charge declined: card_declined"", ""succeeded"": false}"
60f68748-0837-46ce-b4d3-0c0c188c1792,sub_0066,2026-08-30T02:10:59.133668+00:00,2026-08-26T13:31:20.901714+00:00,control_execute,"{""action_type"": ""retry_charge"", ""attempt"": 3, ""cost_paise"": 300, ""detail"": ""charge declined: card_declined"", ""succeeded"": false}"
34d2270a-48b9-4dd4-aa66-a89aef409be6,sub_0160,2026-08-30T03:00:42.905044+00:00,2026-08-26T07:34:25.196475+00:00,control_execute,"{""action_type"": ""retry_charge"", ""attempt"": 3, ""cost_paise"": 300, ""detail"": ""charge declined: insufficient_funds"", ""succeeded"": false}"
dae63221-22f2-49ac-adf8-53dd788a4c53,sub_0160,2026-08-30T03:00:42.905044+00:00,2026-08-26T13:31:20.902177+00:00,control_execute,"{""action_type"": ""retry_charge"", ""attempt"": 3, ""cost_paise"": 300, ""detail"": ""charge declined: insufficient_funds"", ""succeeded"": false}"
82b8090d-9b02-47bd-a2c8-35c8f75c46e0,sub_0011,2026-08-30T03:11:08.158906+00:00,2026-08-26T07:34:25.196980+00:00,control_execute,"{""action_type"": ""retry_charge"", ""attempt"": 3, ""cost_paise"": 300, ""detail"": ""charge declined: card_expired"", ""succeeded"": false}"
fbc31b84-5558-45c3-b2a0-364554916d29,sub_0011,2026-08-30T03:11:08.158906+00:00,2026-08-26T13:31:20.902578+00:00,control_execute,"{""action_type"": ""retry_charge"", ""attempt"": 3, ""cost_paise"": 300, ""detail"": ""charge declined: card_expired"", ""succeeded"": false}"
7b82d89b-33cf-4edb-8e3e-b1f0a4cdf9be,sub_0141,2026-08-30T03:24:03.016787+00:00,2026-08-26T07:34:25.197475+00:00,control_execute,"{""action_type"": ""retry_charge"", ""attempt"": 3, ""cost_paise"": 300, ""detail"": ""charge declined: card_expired"", ""succeeded"": false}"
c2144cc6-896f-4143-91d7-2b6a89623809,sub_0141,2026-08-30T03:24:03.016787+00:00,2026-08-26T13:31:20.902966+00:00,control_execute,"{""action_type"": ""retry_charge"", ""attempt"": 3, ""cost_paise"": 300, ""detail"": ""charge declined: card_expired"", ""succeeded"": false}"
bcc3e4de-6d80-4ca1-99fb-65367aa0fdba,sub_0122,2026-08-30T03:41:29.898342+00:00,2026-08-26T07:34:25.197934+00:00,control_execute,"{""action_type"": ""retry_charge"", ""attempt"": 3, ""cost_paise"": 300, ""detail"": ""charge declined: card_declined"", ""succeeded"": false}"
e5b313ad-f733-4ae2-bab8-b7c9fe1939f1,sub_0122,2026-08-30T03:41:29.898342+00:00,2026-08-26T13:31:20.903329+00:00,control_execute,"{""action_type"": ""retry_charge"", ""attempt"": 3, ""cost_paise"": 300, ""detail"": ""charge declined: card_declined"", ""succeeded"": false}"
0cde404e-97a3-4284-8e3d-7c9185ff2d8c,sub_0171,2026-08-30T03:46:39.379587+00:00,2026-08-26T07:34:25.198353+00:00,control_execute,"{""action_type"": ""retry_charge"", ""attempt"": 3, ""cost_paise"": 300, ""detail"": ""charge declined: insufficient_funds"", ""succeeded"": false}"
f3ab41d8-c751-4182-a189-dcdc1a89dd95,sub_0171,2026-08-30T03:46:39.379587+00:00,2026-08-26T13:31:20.903726+00:00,control_execute,"{""action_type"": ""retry_charge"", ""attempt"": 3, ""cost_paise"": 300, ""detail"": ""charge declined: insufficient_funds"", ""succeeded"": false}"
fac22212-3a7b-45a2-9979-4391e90a5ec7,sub_0174,2026-08-30T03:59:37.310048+00:00,2026-08-26T07:34:25.198956+00:00,control_execute,"{""action_type"": ""retry_charge"", ""attempt"": 3, ""cost_paise"": 300, ""detail"": ""charge declined: payment_risk_check_failed"", ""succeeded"": false}"
219a779d-c650-4cb3-8c31-ee7573aae4c5,sub_0174,2026-08-30T03:59:37.310048+00:00,2026-08-26T13:31:20.904199+00:00,control_execute,"{""action_type"": ""retry_charge"", ""attempt"": 3, ""cost_paise"": 300, ""detail"": ""charge declined: payment_risk_check_failed"", ""succeeded"": false}"
3459a47e-86f4-42cb-9580-d0666393c727,sub_0022,2026-08-30T04:03:38.216136+00:00,2026-08-26T07:34:25.199700+00:00,control_execute,"{""action_type"": ""retry_charge"", ""attempt"": 3, ""cost_paise"": 300, ""detail"": ""charge succeeded"", ""succeeded"": true}"
57eb7277-cca4-4a31-88c3-00d741d024a9,sub_0022,2026-08-30T04:03:38.216136+00:00,2026-08-26T13:31:20.904715+00:00,control_execute,"{""action_type"": ""retry_charge"", ""attempt"": 3, ""cost_paise"": 300, ""detail"": ""charge succeeded"", ""succeeded"": true}"
bd157137-6b82-419a-8a9b-e97730978906,sub_0016,2026-08-30T04:24:06.066002+00:00,2026-08-26T07:34:25.200385+00:00,control_execute,"{""action_type"": ""retry_charge"", ""attempt"": 3, ""cost_paise"": 300, ""detail"": ""charge declined: card_expired"", ""succeeded"": false}"
90b4897a-d086-44aa-a9fb-31fa11b0c3f3,sub_0016,2026-08-30T04:24:06.066002+00:00,2026-08-26T13:31:20.905298+00:00,control_execute,"{""action_type"": ""retry_charge"", ""attempt"": 3, ""cost_paise"": 300, ""detail"": ""charge declined: card_expired"", ""succeeded"": false}"
8226384c-ea9f-4de1-ad98-652aa930ca5a,sub_0117,2026-08-30T04:59:50.965074+00:00,2026-08-26T07:34:25.201173+00:00,control_execute,"{""action_type"": ""retry_charge"", ""attempt"": 3, ""cost_paise"": 300, ""detail"": ""charge declined: card_expired"", ""succeeded"": false}"
570f7361-1e4e-4a73-8ae8-a3365673129f,sub_0117,2026-08-30T04:59:50.965074+00:00,2026-08-26T13:31:20.905716+00:00,control_execute,"{""action_type"": ""retry_charge"", ""attempt"": 3, ""cost_paise"": 300, ""detail"": ""charge declined: card_expired"", ""succeeded"": false}"
3c68ae5c-2c69-4af4-9224-3355a571713f,sub_0153,2026-08-30T05:11:56.051958+00:00,2026-08-26T07:34:25.201842+00:00,control_execute,"{""action_type"": ""retry_charge"", ""attempt"": 3, ""cost_paise"": 300, ""detail"": ""charge declined: subscription_cancelled"", ""succeeded"": false}"
db463d71-022b-4710-a859-f8cbf0576aa0,sub_0153,2026-08-30T05:11:56.051958+00:00,2026-08-26T13:31:20.906131+00:00,control_execute,"{""action_type"": ""retry_charge"", ""attempt"": 3, ""cost_paise"": 300, ""detail"": ""charge declined: subscription_cancelled"", ""succeeded"": false}"
808a8d50-dbae-496c-b9a1-14abc19471d2,sub_0120,2026-08-30T05:52:11.572021+00:00,2026-08-26T07:34:25.202358+00:00,control_execute,"{""action_type"": ""retry_charge"", ""attempt"": 3, ""cost_paise"": 300, ""detail"": ""charge declined: insufficient_funds"", ""succeeded"": false}"
e7544335-7159-43b3-9431-ac5ddf951822,sub_0120,2026-08-30T05:52:11.572021+00:00,2026-08-26T13:31:20.906527+00:00,control_execute,"{""action_type"": ""retry_charge"", ""attempt"": 3, ""cost_paise"": 300, ""detail"": ""charge declined: insufficient_funds"", ""succeeded"": false}"
1db77afc-c6d8-46cc-9737-35d5306146f5,sub_0028,2026-08-30T06:32:49.141213+00:00,2026-08-26T07:34:25.202935+00:00,control_execute,"{""action_type"": ""retry_charge"", ""attempt"": 3, ""cost_paise"": 300, ""detail"": ""charge declined: insufficient_funds"", ""succeeded"": false}"
5826040c-616f-4513-ab6f-c4dd358e1a27,sub_0028,2026-08-30T06:32:49.141213+00:00,2026-08-26T13:31:20.906972+00:00,control_execute,"{""action_type"": ""retry_charge"", ""attempt"": 3, ""cost_paise"": 300, ""detail"": ""charge declined: insufficient_funds"", ""succeeded"": false}"
f2e01ba3-dfc3-4186-9b92-181c8ba56d88,sub_0043,2026-08-30T06:49:56.531308+00:00,2026-08-26T07:34:25.203698+00:00,control_execute,"{""action_type"": ""retry_charge"", ""attempt"": 3, ""cost_paise"": 300, ""detail"": ""charge succeeded"", ""succeeded"": true}"
5badf9a7-6d7b-4d0c-9427-1f5980348ec8,sub_0043,2026-08-30T06:49:56.531308+00:00,2026-08-26T13:31:20.907403+00:00,control_execute,"{""action_type"": ""retry_charge"", ""attempt"": 3, ""cost_paise"": 300, ""detail"": ""charge succeeded"", ""succeeded"": true}"
60f7c6c7-37b6-4e11-9970-4dc7aca2677f,sub_0131,2026-08-30T07:01:05.899366+00:00,2026-08-26T07:34:25.204706+00:00,control_execute,"{""action_type"": ""retry_charge"", ""attempt"": 3, ""cost_paise"": 300, ""detail"": ""charge declined: card_declined"", ""succeeded"": false}"
06484cdd-3d4d-40db-8284-3e9588e44568,sub_0131,2026-08-30T07:01:05.899366+00:00,2026-08-26T13:31:20.907794+00:00,control_execute,"{""action_type"": ""retry_charge"", ""attempt"": 3, ""cost_paise"": 300, ""detail"": ""charge declined: card_declined"", ""succeeded"": false}"
a1e93a9e-0839-473d-a835-a46048e87997,sub_0000,2026-08-30T08:53:49.545917+00:00,2026-08-26T07:34:25.205800+00:00,terminal,"{""cost_paise"": 600, ""failure_class"": ""INSUFFICIENT_FUNDS"", ""gross_recovered_paise"": 99900, ""terminal"": ""recovered""}"
b946560b-eeea-4342-905d-c408d7c6f465,sub_0001,2026-08-30T08:53:49.545917+00:00,2026-08-26T07:34:25.206728+00:00,terminal,"{""cost_paise"": 300, ""failure_class"": ""TRANSIENT_ISSUER"", ""gross_recovered_paise"": 49900, ""terminal"": ""recovered""}"
457e9a89-fe2f-4a1f-8e3b-bc413ceaca66,sub_0002,2026-08-30T08:53:49.545917+00:00,2026-08-26T07:34:25.207675+00:00,terminal,"{""cost_paise"": 900, ""failure_class"": ""MANDATE_REVOKED"", ""gross_recovered_paise"": 0, ""terminal"": ""voluntary_churn""}"
3639e1d9-7181-4667-be8a-4dd827b48b85,sub_0003,2026-08-30T08:53:49.545917+00:00,2026-08-26T07:34:25.208351+00:00,terminal,"{""cost_paise"": 300, ""failure_class"": ""INSUFFICIENT_FUNDS"", ""gross_recovered_paise"": 499900, ""terminal"": ""recovered""}"
32b776c7-1807-4cac-a9ec-c0011bcaaa47,sub_0004,2026-08-30T08:53:49.545917+00:00,2026-08-26T07:34:25.208871+00:00,terminal,"{""cost_paise"": 900, ""failure_class"": ""INSTRUMENT_INVALID"", ""gross_recovered_paise"": 0, ""terminal"": ""unrecovered""}"
58dc269d-58b7-4004-8085-96354c706b41,sub_0005,2026-08-30T08:53:49.545917+00:00,2026-08-26T07:34:25.209848+00:00,terminal,"{""cost_paise"": 300, ""failure_class"": ""INSUFFICIENT_FUNDS"", ""gross_recovered_paise"": 99900, ""terminal"": ""recovered""}"
da0a1102-cf13-48c4-8e9e-d58e0d161392,sub_0006,2026-08-30T08:53:49.545917+00:00,2026-08-26T07:34:25.210746+00:00,terminal,"{""cost_paise"": 900, ""failure_class"": ""INSTRUMENT_INVALID"", ""gross_recovered_paise"": 0, ""terminal"": ""unrecovered""}"
7e2c5b0b-a6db-4ae4-b70c-cf4ffe363f39,sub_0007,2026-08-30T08:53:49.545917+00:00,2026-08-26T07:34:25.211679+00:00,terminal,"{""cost_paise"": 300, ""failure_class"": ""INSUFFICIENT_FUNDS"", ""gross_recovered_paise"": 49900, ""terminal"": ""recovered""}"
e1e9de49-9c23-43b2-8dd4-dc0f368d832c,sub_0008,2026-08-30T08:53:49.545917+00:00,2026-08-26T07:34:25.212912+00:00,terminal,"{""cost_paise"": 300, ""failure_class"": ""INSUFFICIENT_FUNDS"", ""gross_recovered_paise"": 199900, ""terminal"": ""recovered""}"
ec5d90a5-b65d-455a-9455-5a75140348d2,sub_0009,2026-08-30T08:53:49.545917+00:00,2026-08-26T07:34:25.214050+00:00,terminal,"{""cost_paise"": 300, ""failure_class"": ""TRANSIENT_ISSUER"", ""gross_recovered_paise"": 499900, ""terminal"": ""recovered""}"
05509c66-2fa4-4ad7-80b0-bbc20fc17a1e,sub_0010,2026-08-30T08:53:49.545917+00:00,2026-08-26T07:34:25.215390+00:00,terminal,"{""cost_paise"": 900, ""failure_class"": ""MANDATE_REVOKED"", ""gross_recovered_paise"": 0, ""terminal"": ""voluntary_churn""}"
8aef7b00-9e47-469e-a13f-24e8441afe4b,sub_0011,2026-08-30T08:53:49.545917+00:00,2026-08-26T07:34:25.217045+00:00,terminal,"{""cost_paise"": 900, ""failure_class"": ""INSTRUMENT_INVALID"", ""gross_recovered_paise"": 0, ""terminal"": ""unrecovered""}"
3ace60a9-6e92-42c3-b40e-7930b3ab9c41,sub_0012,2026-08-30T08:53:49.545917+00:00,2026-08-26T07:34:25.217979+00:00,terminal,"{""cost_paise"": 600, ""failure_class"": ""INSUFFICIENT_FUNDS"", ""gross_recovered_paise"": 99900, ""terminal"": ""recovered""}"
98f46e5e-2a54-4c2d-b011-839b9c024145,sub_0013,2026-08-30T08:53:49.545917+00:00,2026-08-26T07:34:25.218852+00:00,terminal,"{""cost_paise"": 300, ""failure_class"": ""INSUFFICIENT_FUNDS"", ""gross_recovered_paise"": 499900, ""terminal"": ""recovered""}"
60061b3c-524b-4911-91b9-43cea9def97e,sub_0014,2026-08-30T08:53:49.545917+00:00,2026-08-26T07:34:25.219767+00:00,terminal,"{""cost_paise"": 900, ""failure_class"": ""UNCLASSIFIED"", ""gross_recovered_paise"": 0, ""terminal"": ""unrecovered""}"
37228bda-a22d-4162-8a05-fbcb6bc923f4,sub_0015,2026-08-30T08:53:49.545917+00:00,2026-08-26T07:34:25.221347+00:00,terminal,"{""cost_paise"": 300, ""failure_class"": ""INSUFFICIENT_FUNDS"", ""gross_recovered_paise"": 199900, ""terminal"": ""recovered""}"
92906f1b-8199-4d32-ba3d-8625fee669e4,sub_0016,2026-08-30T08:53:49.545917+00:00,2026-08-26T07:34:25.222445+00:00,terminal,"{""cost_paise"": 900, ""failure_class"": ""INSTRUMENT_INVALID"", ""gross_recovered_paise"": 0, ""terminal"": ""unrecovered""}"
ab315475-2636-4db6-b2ef-f6a34e9ae5cb,sub_0017,2026-08-30T08:53:49.545917+00:00,2026-08-26T07:34:25.223547+00:00,terminal,"{""cost_paise"": 300, ""failure_class"": ""TRANSIENT_ISSUER"", ""gross_recovered_paise"": 49900, ""terminal"": ""recovered""}"
b27ec2b1-c7c9-4a54-a9d6-2fe8c0b023ce,sub_0018,2026-08-30T08:53:49.545917+00:00,2026-08-26T07:34:25.224228+00:00,terminal,"{""cost_paise"": 900, ""failure_class"": ""RISK_DECLINE"", ""gross_recovered_paise"": 0, ""terminal"": ""unrecovered""}"
dfb73505-16f1-45b0-a34d-aaf8c5010272,sub_0019,2026-08-30T08:53:49.545917+00:00,2026-08-26T07:34:25.224680+00:00,terminal,"{""cost_paise"": 300, ""failure_class"": ""INSUFFICIENT_FUNDS"", ""gross_recovered_paise"": 49900, ""terminal"": ""recovered""}"
97e4b10d-2882-445b-b3bc-72ddbb3f8c75,sub_0020,2026-08-30T08:53:49.545917+00:00,2026-08-26T07:34:25.225127+00:00,terminal,"{""cost_paise"": 300, ""failure_class"": ""INSUFFICIENT_FUNDS"", ""gross_recovered_paise"": 199900, ""terminal"": ""recovered""}"
14b682d6-b0bf-40fb-a0f4-1ee80ef6a67c,sub_0021,2026-08-30T08:53:49.545917+00:00,2026-08-26T07:34:25.226200+00:00,terminal,"{""cost_paise"": 300, ""failure_class"": ""INSUFFICIENT_FUNDS"", ""gross_recovered_paise"": 499900, ""terminal"": ""recovered""}"
64f31c1a-5dcd-491e-8cbc-2994fd445894,sub_0022,2026-08-30T08:53:49.545917+00:00,2026-08-26T07:34:25.226963+00:00,terminal,"{""cost_paise"": 900, ""failure_class"": ""UNCLASSIFIED"", ""gross_recovered_paise"": 499900, ""terminal"": ""recovered""}"
2f26e8fa-408a-4ab3-a0a5-cc86b0db0dc8,sub_0023,2026-08-30T08:53:49.545917+00:00,2026-08-26T07:34:25.227833+00:00,terminal,"{""cost_paise"": 900, ""failure_class"": ""INSUFFICIENT_FUNDS"", ""gross_recovered_paise"": 0, ""terminal"": ""unrecovered""}"
1a74a0d5-7ae6-4763-834a-63db4a5889a1,sub_0024,2026-08-30T08:53:49.545917+00:00,2026-08-26T07:34:25.228825+00:00,terminal,"{""cost_paise"": 300, ""failure_class"": ""UNCLASSIFIED"", ""gross_recovered_paise"": 49900, ""terminal"": ""recovered""}"
fce09c18-fb1a-44bb-a2f4-e9ff2227a9db,sub_0025,2026-08-30T08:53:49.545917+00:00,2026-08-26T07:34:25.230045+00:00,terminal,"{""cost_paise"": 900, ""failure_class"": ""UNCLASSIFIED"", ""gross_recovered_paise"": 499900, ""terminal"": ""recovered""}"
aff21f60-3583-43a2-a868-a780569b5b38,sub_0026,2026-08-30T08:53:49.545917+00:00,2026-08-26T07:34:25.230900+00:00,terminal,"{""cost_paise"": 900, ""failure_class"": ""INSUFFICIENT_FUNDS"", ""gross_recovered_paise"": 199900, ""terminal"": ""recovered""}"
7213dd2e-cef1-4fe8-8c80-843f3390f3ea,sub_0027,2026-08-30T08:53:49.545917+00:00,2026-08-26T07:34:25.231641+00:00,terminal,"{""cost_paise"": 900, ""failure_class"": ""RISK_DECLINE"", ""gross_recovered_paise"": 0, ""terminal"": ""unrecovered""}"
7dd75ec1-f86d-4030-8f93-303b3a8dbf3d,sub_0028,2026-08-30T08:53:49.545917+00:00,2026-08-26T07:34:25.232571+00:00,terminal,"{""cost_paise"": 900, ""failure_class"": ""INSUFFICIENT_FUNDS"", ""gross_recovered_paise"": 0, ""terminal"": ""unrecovered""}"
7dd719a7-19e8-4bff-82ce-b99e6e53475d,sub_0029,2026-08-30T08:53:49.545917+00:00,2026-08-26T07:34:25.233232+00:00,terminal,"{""cost_paise"": 900, ""failure_class"": ""RISK_DECLINE"", ""gross_recovered_paise"": 0, ""terminal"": ""unrecovered""}"
d0db96a6-f584-4592-907e-ce9b93518d47,sub_0030,2026-08-30T08:53:49.545917+00:00,2026-08-26T07:34:25.233784+00:00,terminal,"{""cost_paise"": 300, ""failure_class"": ""INSUFFICIENT_FUNDS"", ""gross_recovered_paise"": 49900, ""terminal"": ""recovered""}"
0e0ec6ea-f2f7-4c6b-94c7-6406d7dd8a62,sub_0031,2026-08-30T08:53:49.545917+00:00,2026-08-26T07:34:25.234497+00:00,terminal,"{""cost_paise"": 300, ""failure_class"": ""INSUFFICIENT_FUNDS"", ""gross_recovered_paise"": 199900, ""terminal"": ""recovered""}"
dd30300c-0c65-43f1-b2df-951e64658e8b,sub_0032,2026-08-30T08:53:49.545917+00:00,2026-08-26T07:34:25.235154+00:00,terminal,"{""cost_paise"": 900, ""failure_class"": ""UNCLASSIFIED"", ""gross_recovered_paise"": 0, ""terminal"": ""unrecovered""}"
e6dd0744-167a-425a-b1c1-618c708fc596,sub_0033,2026-08-30T08:53:49.545917+00:00,2026-08-26T07:34:25.235756+00:00,terminal,"{""cost_paise"": 900, ""failure_class"": ""UNCLASSIFIED"", ""gross_recovered_paise"": 499900, ""terminal"": ""recovered""}"
0784a655-44c6-4726-b242-4239c36948b5,sub_0034,2026-08-30T08:53:49.545917+00:00,2026-08-26T07:34:25.236291+00:00,terminal,"{""cost_paise"": 900, ""failure_class"": ""INSTRUMENT_INVALID"", ""gross_recovered_paise"": 0, ""terminal"": ""unrecovered""}"
66a3c7c4-e306-4a2b-ae92-53c446cb1fc9,sub_0035,2026-08-30T08:53:49.545917+00:00,2026-08-26T07:34:25.236834+00:00,terminal,"{""cost_paise"": 900, ""failure_class"": ""MANDATE_REVOKED"", ""gross_recovered_paise"": 0, ""terminal"": ""voluntary_churn""}"
e67ae579-5cfa-4467-8fbe-259ff202fdc1,sub_0036,2026-08-30T08:53:49.545917+00:00,2026-08-26T07:34:25.237453+00:00,terminal,"{""cost_paise"": 300, ""failure_class"": ""TRANSIENT_ISSUER"", ""gross_recovered_paise"": 99900, ""terminal"": ""recovered""}"
7a0b2563-5487-42f4-a1e5-ba2001d4b6ca,sub_0037,2026-08-30T08:53:49.545917+00:00,2026-08-26T07:34:25.237974+00:00,terminal,"{""cost_paise"": 900, ""failure_class"": ""INSTRUMENT_INVALID"", ""gross_recovered_paise"": 0, ""terminal"": ""unrecovered""}"
067b3efc-1146-4d1f-b1a1-d6b6643e17ec,sub_0038,2026-08-30T08:53:49.545917+00:00,2026-08-26T07:34:25.238484+00:00,terminal,"{""cost_paise"": 900, ""failure_class"": ""INSTRUMENT_INVALID"", ""gross_recovered_paise"": 0, ""terminal"": ""unrecovered""}"
4417cd70-5c6d-4d24-8cfd-a5ad77008b50,sub_0039,2026-08-30T08:53:49.545917+00:00,2026-08-26T07:34:25.238939+00:00,terminal,"{""cost_paise"": 900, ""failure_class"": ""RISK_DECLINE"", ""gross_recovered_paise"": 0, ""terminal"": ""unrecovered""}"
b95a3f07-a8f8-41ae-96c4-f5cdcea0ec68,sub_0040,2026-08-30T08:53:49.545917+00:00,2026-08-26T07:34:25.239405+00:00,terminal,"{""cost_paise"": 300, ""failure_class"": ""TRANSIENT_ISSUER"", ""gross_recovered_paise"": 99900, ""terminal"": ""recovered""}"
0c232028-3813-47f3-b72f-f558af3b7eb5,sub_0041,2026-08-30T08:53:49.545917+00:00,2026-08-26T07:34:25.239892+00:00,terminal,"{""cost_paise"": 300, ""failure_class"": ""TRANSIENT_ISSUER"", ""gross_recovered_paise"": 499900, ""terminal"": ""recovered""}"
f20863ca-6f56-4f27-8057-703371231ef9,sub_0042,2026-08-30T08:53:49.545917+00:00,2026-08-26T07:34:25.240420+00:00,terminal,"{""cost_paise"": 900, ""failure_class"": ""MANDATE_REVOKED"", ""gross_recovered_paise"": 0, ""terminal"": ""voluntary_churn""}"
0b66377e-2a32-4a3e-8e45-fb1ca8100d25,sub_0043,2026-08-30T08:53:49.545917+00:00,2026-08-26T07:34:25.241268+00:00,terminal,"{""cost_paise"": 900, ""failure_class"": ""INSUFFICIENT_FUNDS"", ""gross_recovered_paise"": 49900, ""terminal"": ""recovered""}"
0718904c-bab6-4bff-98f9-63f90a40cfbd,sub_0044,2026-08-30T08:53:49.545917+00:00,2026-08-26T07:34:25.241783+00:00,terminal,"{""cost_paise"": 900, ""failure_class"": ""INSUFFICIENT_FUNDS"", ""gross_recovered_paise"": 0, ""terminal"": ""unrecovered""}"
2751b8a8-a9c4-468e-8f43-95e486b203d0,sub_0045,2026-08-30T08:53:49.545917+00:00,2026-08-26T07:34:25.242102+00:00,terminal,"{""cost_paise"": 900, ""failure_class"": ""INSTRUMENT_INVALID"", ""gross_recovered_paise"": 0, ""terminal"": ""unrecovered""}"
9671520e-2f14-4797-83fe-fccb3e8d2775,sub_0046,2026-08-30T08:53:49.545917+00:00,2026-08-26T07:34:25.242451+00:00,terminal,"{""cost_paise"": 900, ""failure_class"": ""INSUFFICIENT_FUNDS"", ""gross_recovered_paise"": 0, ""terminal"": ""unrecovered""}"
b02416cb-0843-4e07-ae01-fb957dab7df7,sub_0047,2026-08-30T08:53:49.545917+00:00,2026-08-26T07:34:25.242940+00:00,terminal,"{""cost_paise"": 600, ""failure_class"": ""INSUFFICIENT_FUNDS"", ""gross_recovered_paise"": 499900, ""terminal"": ""recovered""}"
165ad738-bfc5-4198-bfed-a3fab22c7067,sub_0048,2026-08-30T08:53:49.545917+00:00,2026-08-26T07:34:25.243293+00:00,terminal,"{""cost_paise"": 900, ""failure_class"": ""UNCLASSIFIED"", ""gross_recovered_paise"": 0, ""terminal"": ""unrecovered""}"
1b86c633-2284-4914-a370-37f41b877885,sub_0049,2026-08-30T08:53:49.545917+00:00,2026-08-26T07:34:25.243601+00:00,terminal,"{""cost_paise"": 300, ""failure_class"": ""INSUFFICIENT_FUNDS"", ""gross_recovered_paise"": 199900, ""terminal"": ""recovered""}"
449cae97-fe92-4616-838a-63ac0b2509aa,sub_0050,2026-08-30T08:53:49.545917+00:00,2026-08-26T07:34:25.243960+00:00,terminal,"{""cost_paise"": 300, ""failure_class"": ""INSUFFICIENT_FUNDS"", ""gross_recovered_paise"": 499900, ""terminal"": ""recovered""}"
ab56ec1b-4454-40cc-b74a-f29286293418,sub_0051,2026-08-30T08:53:49.545917+00:00,2026-08-26T07:34:25.244445+00:00,terminal,"{""cost_paise"": 300, ""failure_class"": ""INSUFFICIENT_FUNDS"", ""gross_recovered_paise"": 199900, ""terminal"": ""recovered""}"
07f7389f-29a1-4a49-809f-1a72b0940b09,sub_0052,2026-08-30T08:53:49.545917+00:00,2026-08-26T07:34:25.244930+00:00,terminal,"{""cost_paise"": 300, ""failure_class"": ""TRANSIENT_ISSUER"", ""gross_recovered_paise"": 99900, ""terminal"": ""recovered""}"
5fd85313-f37f-411f-a83e-3801a92f376e,sub_0053,2026-08-30T08:53:49.545917+00:00,2026-08-26T07:34:25.245478+00:00,terminal,"{""cost_paise"": 900, ""failure_class"": ""UNCLASSIFIED"", ""gross_recovered_paise"": 0, ""terminal"": ""unrecovered""}"
eba141e6-8cda-43c5-9413-bc9694acec82,sub_0054,2026-08-30T08:53:49.545917+00:00,2026-08-26T07:34:25.245936+00:00,terminal,"{""cost_paise"": 300, ""failure_class"": ""TRANSIENT_ISSUER"", ""gross_recovered_paise"": 99900, ""terminal"": ""recovered""}"
e8d4b0cd-979f-4439-beeb-468803e02a04,sub_0055,2026-08-30T08:53:49.545917+00:00,2026-08-26T07:34:25.246402+00:00,terminal,"{""cost_paise"": 900, ""failure_class"": ""INSTRUMENT_INVALID"", ""gross_recovered_paise"": 0, ""terminal"": ""unrecovered""}"
7ff29272-df27-432d-b34f-fe66648a69fc,sub_0056,2026-08-30T08:53:49.545917+00:00,2026-08-26T07:34:25.246757+00:00,terminal,"{""cost_paise"": 300, ""failure_class"": ""INSUFFICIENT_FUNDS"", ""gross_recovered_paise"": 99900, ""terminal"": ""recovered""}"
53f61b2b-281c-4edd-9c63-f92519547a7d,sub_0057,2026-08-30T08:53:49.545917+00:00,2026-08-26T07:34:25.247056+00:00,terminal,"{""cost_paise"": 600, ""failure_class"": ""UNCLASSIFIED"", ""gross_recovered_paise"": 99900, ""terminal"": ""recovered""}"
f24a365a-6352-47b5-94ca-602449b3d9b4,sub_0058,2026-08-30T08:53:49.545917+00:00,2026-08-26T07:34:25.247416+00:00,terminal,"{""cost_paise"": 600, ""failure_class"": ""INSUFFICIENT_FUNDS"", ""gross_recovered_paise"": 49900, ""terminal"": ""recovered""}"
98f3b284-c0fb-4532-84a7-37589bdedff3,sub_0059,2026-08-30T08:53:49.545917+00:00,2026-08-26T07:34:25.247845+00:00,terminal,"{""cost_paise"": 900, ""failure_class"": ""INSUFFICIENT_FUNDS"", ""gross_recovered_paise"": 0, ""terminal"": ""unrecovered""}"
40259ed3-3886-41d8-be03-74fd8a6b725d,sub_0060,2026-08-30T08:53:49.545917+00:00,2026-08-26T07:34:25.248404+00:00,terminal,"{""cost_paise"": 900, ""failure_class"": ""INSTRUMENT_INVALID"", ""gross_recovered_paise"": 0, ""terminal"": ""unrecovered""}"
e70f3232-1261-4aa8-97d7-f4f2f31f3072,sub_0061,2026-08-30T08:53:49.545917+00:00,2026-08-26T07:34:25.248964+00:00,terminal,"{""cost_paise"": 300, ""failure_class"": ""TRANSIENT_ISSUER"", ""gross_recovered_paise"": 199900, ""terminal"": ""recovered""}"
4c8f47c6-91e8-4907-8545-25cdd2596d81,sub_0062,2026-08-30T08:53:49.545917+00:00,2026-08-26T07:34:25.249425+00:00,terminal,"{""cost_paise"": 900, ""failure_class"": ""INSTRUMENT_INVALID"", ""gross_recovered_paise"": 0, ""terminal"": ""unrecovered""}"
5d69b0c3-5254-447d-975a-ac46cb0b331f,sub_0063,2026-08-30T08:53:49.545917+00:00,2026-08-26T07:34:25.249773+00:00,terminal,"{""cost_paise"": 900, ""failure_class"": ""INSUFFICIENT_FUNDS"", ""gross_recovered_paise"": 0, ""terminal"": ""unrecovered""}"
74e74e51-67e1-4aa9-ab22-1c0bfd3864a6,sub_0064,2026-08-30T08:53:49.545917+00:00,2026-08-26T07:34:25.250083+00:00,terminal,"{""cost_paise"": 900, ""failure_class"": ""RISK_DECLINE"", ""gross_recovered_paise"": 0, ""terminal"": ""unrecovered""}"
15aae0f6-ebc2-401b-b428-7c0f95213717,sub_0065,2026-08-30T08:53:49.545917+00:00,2026-08-26T07:34:25.250574+00:00,terminal,"{""cost_paise"": 900, ""failure_class"": ""INSTRUMENT_INVALID"", ""gross_recovered_paise"": 0, ""terminal"": ""unrecovered""}"
4d2003c9-d34d-4a9e-8ec1-2d958c0ef56a,sub_0066,2026-08-30T08:53:49.545917+00:00,2026-08-26T07:34:25.251038+00:00,terminal,"{""cost_paise"": 900, ""failure_class"": ""UNCLASSIFIED"", ""gross_recovered_paise"": 0, ""terminal"": ""unrecovered""}"
e19a08a2-d660-4180-986c-5e250be6ab45,sub_0067,2026-08-30T08:53:49.545917+00:00,2026-08-26T07:34:25.251515+00:00,terminal,"{""cost_paise"": 900, ""failure_class"": ""RISK_DECLINE"", ""gross_recovered_paise"": 0, ""terminal"": ""unrecovered""}"
629b4875-04a3-428c-b744-9c566206102a,sub_0068,2026-08-30T08:53:49.545917+00:00,2026-08-26T07:34:25.251915+00:00,terminal,"{""cost_paise"": 600, ""failure_class"": ""INSUFFICIENT_FUNDS"", ""gross_recovered_paise"": 99900, ""terminal"": ""recovered""}"
70baf2d3-8ee5-452d-bdd2-d763889c531a,sub_0069,2026-08-30T08:53:49.545917+00:00,2026-08-26T07:34:25.252359+00:00,terminal,"{""cost_paise"": 900, ""failure_class"": ""UNCLASSIFIED"", ""gross_recovered_paise"": 0, ""terminal"": ""unrecovered""}"
af515f42-51a2-430d-bff5-33e04bac8da8,sub_0070,2026-08-30T08:53:49.545917+00:00,2026-08-26T07:34:25.252765+00:00,terminal,"{""cost_paise"": 600, ""failure_class"": ""TRANSIENT_ISSUER"", ""gross_recovered_paise"": 99900, ""terminal"": ""recovered""}"
17d5dbf0-e3fa-424e-a1d7-fdbaa8a2816f,sub_0071,2026-08-30T08:53:49.545917+00:00,2026-08-26T07:34:25.253190+00:00,terminal,"{""cost_paise"": 300, ""failure_class"": ""INSUFFICIENT_FUNDS"", ""gross_recovered_paise"": 49900, ""terminal"": ""recovered""}"
16bac8ce-ac76-4eed-a19e-314e21ae5cea,sub_0072,2026-08-30T08:53:49.545917+00:00,2026-08-26T07:34:25.253650+00:00,terminal,"{""cost_paise"": 900, ""failure_class"": ""INSTRUMENT_INVALID"", ""gross_recovered_paise"": 0, ""terminal"": ""unrecovered""}"
7038ba96-a533-449c-914e-af3c1dc65a37,sub_0073,2026-08-30T08:53:49.545917+00:00,2026-08-26T07:34:25.254119+00:00,terminal,"{""cost_paise"": 300, ""failure_class"": ""INSUFFICIENT_FUNDS"", ""gross_recovered_paise"": 499900, ""terminal"": ""recovered""}"
2bf1ce1f-1d66-4be4-b763-a465fe3d754e,sub_0074,2026-08-30T08:53:49.545917+00:00,2026-08-26T07:34:25.254549+00:00,terminal,"{""cost_paise"": 300, ""failure_class"": ""INSUFFICIENT_FUNDS"", ""gross_recovered_paise"": 99900, ""terminal"": ""recovered""}"
e4fea2f6-4405-4b53-a660-a85cfe649ab3,sub_0075,2026-08-30T08:53:49.545917+00:00,2026-08-26T07:34:25.254967+00:00,terminal,"{""cost_paise"": 900, ""failure_class"": ""INSTRUMENT_INVALID"", ""gross_recovered_paise"": 0, ""terminal"": ""unrecovered""}"
d5a21fa8-0daf-4df5-86e7-ac45a7ce5a8e,sub_0076,2026-08-30T08:53:49.545917+00:00,2026-08-26T07:34:25.255388+00:00,terminal,"{""cost_paise"": 900, ""failure_class"": ""UNCLASSIFIED"", ""gross_recovered_paise"": 0, ""terminal"": ""unrecovered""}"
917d0b5f-7858-498e-8910-9285b8c30686,sub_0077,2026-08-30T08:53:49.545917+00:00,2026-08-26T07:34:25.255859+00:00,terminal,"{""cost_paise"": 600, ""failure_class"": ""INSUFFICIENT_FUNDS"", ""gross_recovered_paise"": 499900, ""terminal"": ""recovered""}"
a86129cc-ee20-4601-a46a-ef83fd4e4d7c,sub_0078,2026-08-30T08:53:49.545917+00:00,2026-08-26T07:34:25.256575+00:00,terminal,"{""cost_paise"": 900, ""failure_class"": ""INSUFFICIENT_FUNDS"", ""gross_recovered_paise"": 0, ""terminal"": ""unrecovered""}"
f9c49255-29ba-49b4-8be6-b7f5f6cf15db,sub_0079,2026-08-30T08:53:49.545917+00:00,2026-08-26T07:34:25.257082+00:00,terminal,"{""cost_paise"": 900, ""failure_class"": ""INSTRUMENT_INVALID"", ""gross_recovered_paise"": 0, ""terminal"": ""unrecovered""}"
fa7ba1e5-d24e-470a-a28b-5681195ae680,sub_0080,2026-08-30T08:53:49.545917+00:00,2026-08-26T07:34:25.257564+00:00,terminal,"{""cost_paise"": 900, ""failure_class"": ""UNCLASSIFIED"", ""gross_recovered_paise"": 0, ""terminal"": ""unrecovered""}"
d74de3f7-c7e8-45da-a7cc-9b28bf37db6c,sub_0081,2026-08-30T08:53:49.545917+00:00,2026-08-26T07:34:25.258003+00:00,terminal,"{""cost_paise"": 900, ""failure_class"": ""UNCLASSIFIED"", ""gross_recovered_paise"": 0, ""terminal"": ""unrecovered""}"
ffaaa350-6b01-4a9b-a02c-0427cadb43ab,sub_0082,2026-08-30T08:53:49.545917+00:00,2026-08-26T07:34:25.258399+00:00,terminal,"{""cost_paise"": 300, ""failure_class"": ""INSUFFICIENT_FUNDS"", ""gross_recovered_paise"": 49900, ""terminal"": ""recovered""}"
7460bf61-32f1-4129-849d-f1e9d6e698b7,sub_0083,2026-08-30T08:53:49.545917+00:00,2026-08-26T07:34:25.259063+00:00,terminal,"{""cost_paise"": 300, ""failure_class"": ""INSUFFICIENT_FUNDS"", ""gross_recovered_paise"": 499900, ""terminal"": ""recovered""}"
36551a1d-cc14-49e5-bb8f-211999d78e78,sub_0084,2026-08-30T08:53:49.545917+00:00,2026-08-26T07:34:25.259534+00:00,terminal,"{""cost_paise"": 600, ""failure_class"": ""INSUFFICIENT_FUNDS"", ""gross_recovered_paise"": 199900, ""terminal"": ""recovered""}"
1951839d-fd2e-4f32-a37a-5d508bcb3d4e,sub_0085,2026-08-30T08:53:49.545917+00:00,2026-08-26T07:34:25.259852+00:00,terminal,"{""cost_paise"": 900, ""failure_class"": ""INSUFFICIENT_FUNDS"", ""gross_recovered_paise"": 0, ""terminal"": ""unrecovered""}"
856ee763-c9a2-4627-9f70-27dede4e3fb6,sub_0086,2026-08-30T08:53:49.545917+00:00,2026-08-26T07:34:25.260222+00:00,terminal,"{""cost_paise"": 300, ""failure_class"": ""INSUFFICIENT_FUNDS"", ""gross_recovered_paise"": 199900, ""terminal"": ""recovered""}"
1bb4298b-8947-4e7b-87f8-6aa1d9c4256e,sub_0087,2026-08-30T08:53:49.545917+00:00,2026-08-26T07:34:25.260647+00:00,terminal,"{""cost_paise"": 300, ""failure_class"": ""INSUFFICIENT_FUNDS"", ""gross_recovered_paise"": 49900, ""terminal"": ""recovered""}"
fb07e8f9-a55d-488f-9300-3fa17ca9fa13,sub_0088,2026-08-30T08:53:49.545917+00:00,2026-08-26T07:34:25.261089+00:00,terminal,"{""cost_paise"": 300, ""failure_class"": ""INSUFFICIENT_FUNDS"", ""gross_recovered_paise"": 49900, ""terminal"": ""recovered""}"
20abe963-0ec0-4d9a-adbe-b905939b0c27,sub_0089,2026-08-30T08:53:49.545917+00:00,2026-08-26T07:34:25.261566+00:00,terminal,"{""cost_paise"": 600, ""failure_class"": ""INSUFFICIENT_FUNDS"", ""gross_recovered_paise"": 499900, ""terminal"": ""recovered""}"
6b1b4b08-2242-402b-ac9b-13858d098271,sub_0090,2026-08-30T08:53:49.545917+00:00,2026-08-26T07:34:25.262092+00:00,terminal,"{""cost_paise"": 900, ""failure_class"": ""UNCLASSIFIED"", ""gross_recovered_paise"": 0, ""terminal"": ""unrecovered""}"
fa3e5a42-221e-47a8-b410-b74eff2d5d20,sub_0091,2026-08-30T08:53:49.545917+00:00,2026-08-26T07:34:25.262577+00:00,terminal,"{""cost_paise"": 900, ""failure_class"": ""INSUFFICIENT_FUNDS"", ""gross_recovered_paise"": 0, ""terminal"": ""unrecovered""}"
c19f8fff-4f1e-4ebf-93ce-d7ccb72340ae,sub_0092,2026-08-30T08:53:49.545917+00:00,2026-08-26T07:34:25.262950+00:00,terminal,"{""cost_paise"": 300, ""failure_class"": ""TRANSIENT_ISSUER"", ""gross_recovered_paise"": 199900, ""terminal"": ""recovered""}"
bfbd0ebd-e26e-4922-9081-d874293a1550,sub_0093,2026-08-30T08:53:49.545917+00:00,2026-08-26T07:34:25.263281+00:00,terminal,"{""cost_paise"": 300, ""failure_class"": ""TRANSIENT_ISSUER"", ""gross_recovered_paise"": 499900, ""terminal"": ""recovered""}"
647efb21-3f47-4540-a0ed-e177e09f2509,sub_0094,2026-08-30T08:53:49.545917+00:00,2026-08-26T07:34:25.263686+00:00,terminal,"{""cost_paise"": 900, ""failure_class"": ""INSUFFICIENT_FUNDS"", ""gross_recovered_paise"": 0, ""terminal"": ""unrecovered""}"
ec843521-d2b4-4d18-a7e0-622738a94a31,sub_0095,2026-08-30T08:53:49.545917+00:00,2026-08-26T07:34:25.264106+00:00,terminal,"{""cost_paise"": 900, ""failure_class"": ""INSUFFICIENT_FUNDS"", ""gross_recovered_paise"": 0, ""terminal"": ""unrecovered""}"
0324055d-60d6-4135-a3d2-5d9e041dddf4,sub_0096,2026-08-30T08:53:49.545917+00:00,2026-08-26T07:34:25.264617+00:00,terminal,"{""cost_paise"": 300, ""failure_class"": ""INSUFFICIENT_FUNDS"", ""gross_recovered_paise"": 49900, ""terminal"": ""recovered""}"
c9329edd-ec84-4d03-9531-e8b63d5655b3,sub_0097,2026-08-30T08:53:49.545917+00:00,2026-08-26T07:34:25.265062+00:00,terminal,"{""cost_paise"": 600, ""failure_class"": ""INSUFFICIENT_FUNDS"", ""gross_recovered_paise"": 199900, ""terminal"": ""recovered""}"
7dabf510-feda-4a6e-a17b-7e7539152eef,sub_0098,2026-08-30T08:53:49.545917+00:00,2026-08-26T07:34:25.265499+00:00,terminal,"{""cost_paise"": 300, ""failure_class"": ""TRANSIENT_ISSUER"", ""gross_recovered_paise"": 499900, ""terminal"": ""recovered""}"
0f6cd800-09ab-4b74-8d35-fef3b4e91b16,sub_0099,2026-08-30T08:53:49.545917+00:00,2026-08-26T07:34:25.265938+00:00,terminal,"{""cost_paise"": 300, ""failure_class"": ""TRANSIENT_ISSUER"", ""gross_recovered_paise"": 49900, ""terminal"": ""recovered""}"
47bba97c-d151-4e6e-80e7-f4aebfb9a5f6,sub_0100,2026-08-30T08:53:49.545917+00:00,2026-08-26T07:34:25.266474+00:00,terminal,"{""cost_paise"": 300, ""failure_class"": ""TRANSIENT_ISSUER"", ""gross_recovered_paise"": 499900, ""terminal"": ""recovered""}"
5399abbc-bdb6-4350-8ab5-1f17e4acbf67,sub_0101,2026-08-30T08:53:49.545917+00:00,2026-08-26T07:34:25.267210+00:00,terminal,"{""cost_paise"": 900, ""failure_class"": ""UNCLASSIFIED"", ""gross_recovered_paise"": 0, ""terminal"": ""unrecovered""}"
68b774fd-0d54-451a-a53e-756406da63e3,sub_0102,2026-08-30T08:53:49.545917+00:00,2026-08-26T07:34:25.267789+00:00,terminal,"{""cost_paise"": 900, ""failure_class"": ""INSTRUMENT_INVALID"", ""gross_recovered_paise"": 0, ""terminal"": ""unrecovered""}"
96d30d04-ab4c-477f-8cc3-66a59453ae44,sub_0103,2026-08-30T08:53:49.545917+00:00,2026-08-26T07:34:25.268371+00:00,terminal,"{""cost_paise"": 600, ""failure_class"": ""INSUFFICIENT_FUNDS"", ""gross_recovered_paise"": 49900, ""terminal"": ""recovered""}"
5fd55514-400b-4453-801a-caf0ceb3d426,sub_0104,2026-08-30T08:53:49.545917+00:00,2026-08-26T07:34:25.268958+00:00,terminal,"{""cost_paise"": 300, ""failure_class"": ""INSUFFICIENT_FUNDS"", ""gross_recovered_paise"": 499900, ""terminal"": ""recovered""}"
e8f07d31-4de9-4a2a-bed0-a16050a9fc9f,sub_0105,2026-08-30T08:53:49.545917+00:00,2026-08-26T07:34:25.269746+00:00,terminal,"{""cost_paise"": 900, ""failure_class"": ""RISK_DECLINE"", ""gross_recovered_paise"": 0, ""terminal"": ""unrecovered""}"
7175270f-57c1-4171-83a3-a725ce532a2f,sub_0106,2026-08-30T08:53:49.545917+00:00,2026-08-26T07:34:25.270442+00:00,terminal,"{""cost_paise"": 900, ""failure_class"": ""INSUFFICIENT_FUNDS"", ""gross_recovered_paise"": 99900, ""terminal"": ""recovered""}"
0300b85f-49c6-4011-a906-5e26eb8468c7,sub_0107,2026-08-30T08:53:49.545917+00:00,2026-08-26T07:34:25.271172+00:00,terminal,"{""cost_paise"": 300, ""failure_class"": ""TRANSIENT_ISSUER"", ""gross_recovered_paise"": 49900, ""terminal"": ""recovered""}"
aa9c36f1-84eb-4df4-831d-8e89aa70ee48,sub_0108,2026-08-30T08:53:49.545917+00:00,2026-08-26T07:34:25.271904+00:00,terminal,"{""cost_paise"": 900, ""failure_class"": ""UNCLASSIFIED"", ""gross_recovered_paise"": 0, ""terminal"": ""unrecovered""}"
95220557-b0fd-4e21-af94-fe615e6420be,sub_0109,2026-08-30T08:53:49.545917+00:00,2026-08-26T07:34:25.272789+00:00,terminal,"{""cost_paise"": 900, ""failure_class"": ""INSUFFICIENT_FUNDS"", ""gross_recovered_paise"": 0, ""terminal"": ""unrecovered""}"
8a2a3caf-0758-49c1-9f8f-315bd8d22808,sub_0110,2026-08-30T08:53:49.545917+00:00,2026-08-26T07:34:25.273563+00:00,terminal,"{""cost_paise"": 900, ""failure_class"": ""INSTRUMENT_INVALID"", ""gross_recovered_paise"": 0, ""terminal"": ""unrecovered""}"
0fb442ad-00bc-4d05-af1d-4042d7d6c139,sub_0111,2026-08-30T08:53:49.545917+00:00,2026-08-26T07:34:25.274373+00:00,terminal,"{""cost_paise"": 900, ""failure_class"": ""INSTRUMENT_INVALID"", ""gross_recovered_paise"": 0, ""terminal"": ""unrecovered""}"
88517e79-a733-45a8-b6c6-37ef2761b828,sub_0112,2026-08-30T08:53:49.545917+00:00,2026-08-26T07:34:25.275062+00:00,terminal,"{""cost_paise"": 900, ""failure_class"": ""RISK_DECLINE"", ""gross_recovered_paise"": 0, ""terminal"": ""unrecovered""}"
43ae5b3e-f3b7-4b76-8dd9-9806b9fd5287,sub_0113,2026-08-30T08:53:49.545917+00:00,2026-08-26T07:34:25.275645+00:00,terminal,"{""cost_paise"": 900, ""failure_class"": ""RISK_DECLINE"", ""gross_recovered_paise"": 0, ""terminal"": ""unrecovered""}"
b8504e2d-1b71-4fb3-9ef8-0c322d7810c5,sub_0114,2026-08-30T08:53:49.545917+00:00,2026-08-26T07:34:25.276314+00:00,terminal,"{""cost_paise"": 900, ""failure_class"": ""RISK_DECLINE"", ""gross_recovered_paise"": 0, ""terminal"": ""unrecovered""}"
24ec3fb0-2edf-47ca-9ffe-12689dfc3377,sub_0115,2026-08-30T08:53:49.545917+00:00,2026-08-26T07:34:25.277031+00:00,terminal,"{""cost_paise"": 300, ""failure_class"": ""UNCLASSIFIED"", ""gross_recovered_paise"": 499900, ""terminal"": ""recovered""}"
69a9ba2c-ce48-4559-b4d3-7eafc6170229,sub_0116,2026-08-30T08:53:49.545917+00:00,2026-08-26T07:34:25.277668+00:00,terminal,"{""cost_paise"": 900, ""failure_class"": ""INSTRUMENT_INVALID"", ""gross_recovered_paise"": 0, ""terminal"": ""unrecovered""}"
3da7e2c6-9a0c-4e7b-9dea-92721d1709c9,sub_0117,2026-08-30T08:53:49.545917+00:00,2026-08-26T07:34:25.278318+00:00,terminal,"{""cost_paise"": 900, ""failure_class"": ""INSTRUMENT_INVALID"", ""gross_recovered_paise"": 0, ""terminal"": ""unrecovered""}"
ff0ef8fd-5f23-4b6b-8476-6be174080ca3,sub_0118,2026-08-30T08:53:49.545917+00:00,2026-08-26T07:34:25.279067+00:00,terminal,"{""cost_paise"": 900, ""failure_class"": ""INSTRUMENT_INVALID"", ""gross_recovered_paise"": 0, ""terminal"": ""unrecovered""}"
195d9c3f-c776-4640-a0e5-bfed33c92678,sub_0119,2026-08-30T08:53:49.545917+00:00,2026-08-26T07:34:25.279807+00:00,terminal,"{""cost_paise"": 600, ""failure_class"": ""UNCLASSIFIED"", ""gross_recovered_paise"": 99900, ""terminal"": ""recovered""}"
87a5b083-046c-4544-aba0-230a71ef9c13,sub_0120,2026-08-30T08:53:49.545917+00:00,2026-08-26T07:34:25.280545+00:00,terminal,"{""cost_paise"": 900, ""failure_class"": ""INSUFFICIENT_FUNDS"", ""gross_recovered_paise"": 0, ""terminal"": ""unrecovered""}"
6d09b105-13e1-4c72-8334-f834d6c6f509,sub_0121,2026-08-30T08:53:49.545917+00:00,2026-08-26T07:34:25.281316+00:00,terminal,"{""cost_paise"": 300, ""failure_class"": ""UNCLASSIFIED"", ""gross_recovered_paise"": 199900, ""terminal"": ""recovered""}"
4cc5539e-fc1f-4443-921d-d3e8e368b9c5,sub_0122,2026-08-30T08:53:49.545917+00:00,2026-08-26T07:34:25.281988+00:00,terminal,"{""cost_paise"": 900, ""failure_class"": ""UNCLASSIFIED"", ""gross_recovered_paise"": 0, ""terminal"": ""unrecovered""}"
417b545d-aa35-413b-9bd0-654fcdee31ae,sub_0123,2026-08-30T08:53:49.545917+00:00,2026-08-26T07:34:25.282974+00:00,terminal,"{""cost_paise"": 300, ""failure_class"": ""INSUFFICIENT_FUNDS"", ""gross_recovered_paise"": 199900, ""terminal"": ""recovered""}"
2575ab23-5959-4860-88fd-a86fc9f1fd38,sub_0124,2026-08-30T08:53:49.545917+00:00,2026-08-26T07:34:25.284102+00:00,terminal,"{""cost_paise"": 300, ""failure_class"": ""INSUFFICIENT_FUNDS"", ""gross_recovered_paise"": 99900, ""terminal"": ""recovered""}"
1e028f96-0521-4218-967d-7c4f33a1117a,sub_0125,2026-08-30T08:53:49.545917+00:00,2026-08-26T07:34:25.284696+00:00,terminal,"{""cost_paise"": 900, ""failure_class"": ""INSUFFICIENT_FUNDS"", ""gross_recovered_paise"": 499900, ""terminal"": ""recovered""}"
9d09d406-26af-480d-9d8d-ba248843c496,sub_0126,2026-08-30T08:53:49.545917+00:00,2026-08-26T07:34:25.285331+00:00,terminal,"{""cost_paise"": 300, ""failure_class"": ""INSUFFICIENT_FUNDS"", ""gross_recovered_paise"": 499900, ""terminal"": ""recovered""}"
89c2e8de-a6e6-41b8-a34a-510341c3d473,sub_0127,2026-08-30T08:53:49.545917+00:00,2026-08-26T07:34:25.286104+00:00,terminal,"{""cost_paise"": 600, ""failure_class"": ""INSUFFICIENT_FUNDS"", ""gross_recovered_paise"": 49900, ""terminal"": ""recovered""}"
20faf1ac-7f42-479f-a2bc-43b93a4e7061,sub_0128,2026-08-30T08:53:49.545917+00:00,2026-08-26T07:34:25.286736+00:00,terminal,"{""cost_paise"": 300, ""failure_class"": ""TRANSIENT_ISSUER"", ""gross_recovered_paise"": 499900, ""terminal"": ""recovered""}"
acaed650-88d0-4d62-b25e-e0b0d3695009,sub_0129,2026-08-30T08:53:49.545917+00:00,2026-08-26T07:34:25.287343+00:00,terminal,"{""cost_paise"": 300, ""failure_class"": ""UNCLASSIFIED"", ""gross_recovered_paise"": 49900, ""terminal"": ""recovered""}"
5665991a-52ba-4650-b340-171fc81a1247,sub_0130,2026-08-30T08:53:49.545917+00:00,2026-08-26T07:34:25.288057+00:00,terminal,"{""cost_paise"": 900, ""failure_class"": ""INSUFFICIENT_FUNDS"", ""gross_recovered_paise"": 0, ""terminal"": ""unrecovered""}"
9837a893-588a-4566-8f0a-01470924a81b,sub_0131,2026-08-30T08:53:49.545917+00:00,2026-08-26T07:34:25.288697+00:00,terminal,"{""cost_paise"": 900, ""failure_class"": ""UNCLASSIFIED"", ""gross_recovered_paise"": 0, ""terminal"": ""unrecovered""}"
d2f6d1ab-2674-4571-915e-20aa8dda3b1d,sub_0132,2026-08-30T08:53:49.545917+00:00,2026-08-26T07:34:25.289461+00:00,terminal,"{""cost_paise"": 300, ""failure_class"": ""UNCLASSIFIED"", ""gross_recovered_paise"": 99900, ""terminal"": ""recovered""}"
b688ad91-6afe-4e7c-b98c-2fb29cd53416,sub_0133,2026-08-30T08:53:49.545917+00:00,2026-08-26T07:34:25.290364+00:00,terminal,"{""cost_paise"": 900, ""failure_class"": ""UNCLASSIFIED"", ""gross_recovered_paise"": 0, ""terminal"": ""unrecovered""}"
3961fca6-f8f6-4246-999c-08ff042d76de,sub_0134,2026-08-30T08:53:49.545917+00:00,2026-08-26T07:34:25.291279+00:00,terminal,"{""cost_paise"": 300, ""failure_class"": ""TRANSIENT_ISSUER"", ""gross_recovered_paise"": 49900, ""terminal"": ""recovered""}"
e14e4f63-a149-4ad2-8444-19b371b0dd77,sub_0135,2026-08-30T08:53:49.545917+00:00,2026-08-26T07:34:25.292323+00:00,terminal,"{""cost_paise"": 300, ""failure_class"": ""INSUFFICIENT_FUNDS"", ""gross_recovered_paise"": 49900, ""terminal"": ""recovered""}"
f7b6095f-2878-422a-bd56-1c66fdc62c54,sub_0136,2026-08-30T08:53:49.545917+00:00,2026-08-26T07:34:25.293385+00:00,terminal,"{""cost_paise"": 900, ""failure_class"": ""INSTRUMENT_INVALID"", ""gross_recovered_paise"": 0, ""terminal"": ""unrecovered""}"
4c7705c7-5a27-4a89-8786-697c375c4f9a,sub_0137,2026-08-30T08:53:49.545917+00:00,2026-08-26T07:34:25.294122+00:00,terminal,"{""cost_paise"": 300, ""failure_class"": ""INSUFFICIENT_FUNDS"", ""gross_recovered_paise"": 199900, ""terminal"": ""recovered""}"
e152fbbf-4424-4136-9263-8ecc2cd22741,sub_0138,2026-08-30T08:53:49.545917+00:00,2026-08-26T07:34:25.295387+00:00,terminal,"{""cost_paise"": 900, ""failure_class"": ""INSTRUMENT_INVALID"", ""gross_recovered_paise"": 0, ""terminal"": ""unrecovered""}"
16060441-3f27-4bf6-bc83-9012b7b06e65,sub_0139,2026-08-30T08:53:49.545917+00:00,2026-08-26T07:34:25.296278+00:00,terminal,"{""cost_paise"": 300, ""failure_class"": ""INSUFFICIENT_FUNDS"", ""gross_recovered_paise"": 499900, ""terminal"": ""recovered""}"
39281934-bc61-445d-ae28-4530c9ce5fbf,sub_0140,2026-08-30T08:53:49.545917+00:00,2026-08-26T07:34:25.297103+00:00,terminal,"{""cost_paise"": 300, ""failure_class"": ""INSUFFICIENT_FUNDS"", ""gross_recovered_paise"": 499900, ""terminal"": ""recovered""}"
738957ab-575e-432d-8e55-f7f48f282745,sub_0141,2026-08-30T08:53:49.545917+00:00,2026-08-26T07:34:25.297872+00:00,terminal,"{""cost_paise"": 900, ""failure_class"": ""INSTRUMENT_INVALID"", ""gross_recovered_paise"": 0, ""terminal"": ""unrecovered""}"
0ab8c5ef-a333-4cc9-9374-3014fef5fcb3,sub_0142,2026-08-30T08:53:49.545917+00:00,2026-08-26T07:34:25.298627+00:00,terminal,"{""cost_paise"": 300, ""failure_class"": ""INSUFFICIENT_FUNDS"", ""gross_recovered_paise"": 499900, ""terminal"": ""recovered""}"
1dc475d7-b674-41fc-b177-2ee36c082e8a,sub_0143,2026-08-30T08:53:49.545917+00:00,2026-08-26T07:34:25.299357+00:00,terminal,"{""cost_paise"": 900, ""failure_class"": ""UNCLASSIFIED"", ""gross_recovered_paise"": 0, ""terminal"": ""unrecovered""}"
54574120-fac9-4bb7-8cf5-8194706b1f27,sub_0144,2026-08-30T08:53:49.545917+00:00,2026-08-26T07:34:25.300105+00:00,terminal,"{""cost_paise"": 900, ""failure_class"": ""MANDATE_REVOKED"", ""gross_recovered_paise"": 0, ""terminal"": ""voluntary_churn""}"
9795edcd-99ad-4084-8761-645bb7eb58fb,sub_0145,2026-08-30T08:53:49.545917+00:00,2026-08-26T07:34:25.301132+00:00,terminal,"{""cost_paise"": 600, ""failure_class"": ""INSUFFICIENT_FUNDS"", ""gross_recovered_paise"": 499900, ""terminal"": ""recovered""}"
0695b808-5ae2-47b2-8b57-9481365b8113,sub_0146,2026-08-30T08:53:49.545917+00:00,2026-08-26T07:34:25.302076+00:00,terminal,"{""cost_paise"": 300, ""failure_class"": ""TRANSIENT_ISSUER"", ""gross_recovered_paise"": 199900, ""terminal"": ""recovered""}"
596b9f1d-2f9a-49cb-97f4-797c1f645f50,sub_0147,2026-08-30T08:53:49.545917+00:00,2026-08-26T07:34:25.302887+00:00,terminal,"{""cost_paise"": 900, ""failure_class"": ""MANDATE_REVOKED"", ""gross_recovered_paise"": 0, ""terminal"": ""voluntary_churn""}"
b23b822f-4862-45b1-af09-a61672857383,sub_0148,2026-08-30T08:53:49.545917+00:00,2026-08-26T07:34:25.303737+00:00,terminal,"{""cost_paise"": 900, ""failure_class"": ""INSTRUMENT_INVALID"", ""gross_recovered_paise"": 0, ""terminal"": ""unrecovered""}"
5ed21f8b-974c-45dc-9015-45cfbef11f26,sub_0149,2026-08-30T08:53:49.545917+00:00,2026-08-26T07:34:25.304663+00:00,terminal,"{""cost_paise"": 900, ""failure_class"": ""INSTRUMENT_INVALID"", ""gross_recovered_paise"": 0, ""terminal"": ""unrecovered""}"
dd264ea8-cc1b-4d11-8e24-78661887ce68,sub_0150,2026-08-30T08:53:49.545917+00:00,2026-08-26T07:34:25.305665+00:00,terminal,"{""cost_paise"": 300, ""failure_class"": ""TRANSIENT_ISSUER"", ""gross_recovered_paise"": 99900, ""terminal"": ""recovered""}"
4944ed41-689a-46f0-9ded-de9528ec090d,sub_0151,2026-08-30T08:53:49.545917+00:00,2026-08-26T07:34:25.307298+00:00,terminal,"{""cost_paise"": 900, ""failure_class"": ""TRANSIENT_ISSUER"", ""gross_recovered_paise"": 0, ""terminal"": ""unrecovered""}"
d10fb03a-eb5c-4bfd-8637-552469671559,sub_0152,2026-08-30T08:53:49.545917+00:00,2026-08-26T07:34:25.308373+00:00,terminal,"{""cost_paise"": 900, ""failure_class"": ""UNCLASSIFIED"", ""gross_recovered_paise"": 0, ""terminal"": ""unrecovered""}"
7eb69cec-41e3-4d24-a4ad-502006fd1827,sub_0153,2026-08-30T08:53:49.545917+00:00,2026-08-26T07:34:25.309433+00:00,terminal,"{""cost_paise"": 900, ""failure_class"": ""MANDATE_REVOKED"", ""gross_recovered_paise"": 0, ""terminal"": ""voluntary_churn""}"
0efb5c3e-ab08-4d3a-bcbf-00910eb8b687,sub_0154,2026-08-30T08:53:49.545917+00:00,2026-08-26T07:34:25.310848+00:00,terminal,"{""cost_paise"": 300, ""failure_class"": ""TRANSIENT_ISSUER"", ""gross_recovered_paise"": 499900, ""terminal"": ""recovered""}"
b2c8e707-86a8-4b92-9e3b-8d9adc1f35a6,sub_0155,2026-08-30T08:53:49.545917+00:00,2026-08-26T07:34:25.311882+00:00,terminal,"{""cost_paise"": 300, ""failure_class"": ""TRANSIENT_ISSUER"", ""gross_recovered_paise"": 499900, ""terminal"": ""recovered""}"
62a0666a-1c32-4a5a-96c3-fb56c4ca5ccf,sub_0156,2026-08-30T08:53:49.545917+00:00,2026-08-26T07:34:25.313334+00:00,terminal,"{""cost_paise"": 300, ""failure_class"": ""UNCLASSIFIED"", ""gross_recovered_paise"": 49900, ""terminal"": ""recovered""}"
6c79fe82-44ba-4e9b-8be3-7e2e9eb58a4f,sub_0157,2026-08-30T08:53:49.545917+00:00,2026-08-26T07:34:25.314847+00:00,terminal,"{""cost_paise"": 600, ""failure_class"": ""INSUFFICIENT_FUNDS"", ""gross_recovered_paise"": 499900, ""terminal"": ""recovered""}"
e7a0a1dc-be28-403f-9352-29562761896c,sub_0158,2026-08-30T08:53:49.545917+00:00,2026-08-26T07:34:25.316367+00:00,terminal,"{""cost_paise"": 900, ""failure_class"": ""INSUFFICIENT_FUNDS"", ""gross_recovered_paise"": 0, ""terminal"": ""unrecovered""}"
c1ed2938-d988-46fe-81b6-7e43b3bd1881,sub_0159,2026-08-30T08:53:49.545917+00:00,2026-08-26T07:34:25.317472+00:00,terminal,"{""cost_paise"": 300, ""failure_class"": ""INSUFFICIENT_FUNDS"", ""gross_recovered_paise"": 499900, ""terminal"": ""recovered""}"
e1e5969b-a459-487b-9430-ff70bc85487c,sub_0160,2026-08-30T08:53:49.545917+00:00,2026-08-26T07:34:25.318600+00:00,terminal,"{""cost_paise"": 900, ""failure_class"": ""INSUFFICIENT_FUNDS"", ""gross_recovered_paise"": 0, ""terminal"": ""unrecovered""}"
d75cc1e1-4272-4110-a0e2-7f19bf6e070c,sub_0161,2026-08-30T08:53:49.545917+00:00,2026-08-26T07:34:25.320114+00:00,terminal,"{""cost_paise"": 900, ""failure_class"": ""MANDATE_REVOKED"", ""gross_recovered_paise"": 0, ""terminal"": ""voluntary_churn""}"
0471860a-025f-4765-92db-55bb4870e769,sub_0162,2026-08-30T08:53:49.545917+00:00,2026-08-26T07:34:25.321311+00:00,terminal,"{""cost_paise"": 300, ""failure_class"": ""UNCLASSIFIED"", ""gross_recovered_paise"": 199900, ""terminal"": ""recovered""}"
08c74720-69de-4121-ae6e-a538db2f7ca4,sub_0163,2026-08-30T08:53:49.545917+00:00,2026-08-26T07:34:25.322017+00:00,terminal,"{""cost_paise"": 900, ""failure_class"": ""RISK_DECLINE"", ""gross_recovered_paise"": 0, ""terminal"": ""unrecovered""}"
916696c0-d6f9-4e4b-b79d-b92cb66a4047,sub_0164,2026-08-30T08:53:49.545917+00:00,2026-08-26T07:34:25.323279+00:00,terminal,"{""cost_paise"": 300, ""failure_class"": ""INSUFFICIENT_FUNDS"", ""gross_recovered_paise"": 49900, ""terminal"": ""recovered""}"
ba9b5afb-a1fa-4b80-8a5b-a7a6775935ce,sub_0165,2026-08-30T08:53:49.545917+00:00,2026-08-26T07:34:25.324138+00:00,terminal,"{""cost_paise"": 900, ""failure_class"": ""MANDATE_REVOKED"", ""gross_recovered_paise"": 0, ""terminal"": ""voluntary_churn""}"
acda2b93-2b08-4361-bb28-89f8f403836e,sub_0166,2026-08-30T08:53:49.545917+00:00,2026-08-26T07:34:25.324659+00:00,terminal,"{""cost_paise"": 300, ""failure_class"": ""INSUFFICIENT_FUNDS"", ""gross_recovered_paise"": 499900, ""terminal"": ""recovered""}"
3efbd939-381f-4126-a721-3d94d965e7fe,sub_0167,2026-08-30T08:53:49.545917+00:00,2026-08-26T07:34:25.325148+00:00,terminal,"{""cost_paise"": 300, ""failure_class"": ""INSUFFICIENT_FUNDS"", ""gross_recovered_paise"": 99900, ""terminal"": ""recovered""}"
f1d57612-2615-4d00-9dd5-db2ba462a834,sub_0168,2026-08-30T08:53:49.545917+00:00,2026-08-26T07:34:25.325979+00:00,terminal,"{""cost_paise"": 300, ""failure_class"": ""INSUFFICIENT_FUNDS"", ""gross_recovered_paise"": 499900, ""terminal"": ""recovered""}"
0c0103d3-c3fe-479f-8a95-8405099408cc,sub_0169,2026-08-30T08:53:49.545917+00:00,2026-08-26T07:34:25.326711+00:00,terminal,"{""cost_paise"": 900, ""failure_class"": ""INSTRUMENT_INVALID"", ""gross_recovered_paise"": 0, ""terminal"": ""unrecovered""}"
44984866-6e27-4d66-9bd8-683aaa1191b8,sub_0170,2026-08-30T08:53:49.545917+00:00,2026-08-26T07:34:25.327415+00:00,terminal,"{""cost_paise"": 900, ""failure_class"": ""INSUFFICIENT_FUNDS"", ""gross_recovered_paise"": 0, ""terminal"": ""unrecovered""}"
ab0563b9-44bb-4243-81b3-c4375d09e5c5,sub_0171,2026-08-30T08:53:49.545917+00:00,2026-08-26T07:34:25.328207+00:00,terminal,"{""cost_paise"": 900, ""failure_class"": ""INSUFFICIENT_FUNDS"", ""gross_recovered_paise"": 0, ""terminal"": ""unrecovered""}"
8a1defa1-006e-4613-a0bd-8632bcf2180a,sub_0172,2026-08-30T08:53:49.545917+00:00,2026-08-26T07:34:25.328912+00:00,terminal,"{""cost_paise"": 900, ""failure_class"": ""MANDATE_REVOKED"", ""gross_recovered_paise"": 0, ""terminal"": ""voluntary_churn""}"
ba39093e-b20d-4bac-bc67-a9a0ae9ba146,sub_0173,2026-08-30T08:53:49.545917+00:00,2026-08-26T07:34:25.329617+00:00,terminal,"{""cost_paise"": 900, ""failure_class"": ""MANDATE_REVOKED"", ""gross_recovered_paise"": 0, ""terminal"": ""voluntary_churn""}"
59f9ad3d-f652-4c9a-a19a-7f7a161a1c73,sub_0174,2026-08-30T08:53:49.545917+00:00,2026-08-26T07:34:25.330252+00:00,terminal,"{""cost_paise"": 900, ""failure_class"": ""RISK_DECLINE"", ""gross_recovered_paise"": 0, ""terminal"": ""unrecovered""}"
8e8e4913-d33d-488b-abb4-d9b617db444f,sub_0175,2026-08-30T08:53:49.545917+00:00,2026-08-26T07:34:25.331004+00:00,terminal,"{""cost_paise"": 300, ""failure_class"": ""TRANSIENT_ISSUER"", ""gross_recovered_paise"": 49900, ""terminal"": ""recovered""}"
b6da4714-cf4b-4a9d-8424-5270e591170f,sub_0176,2026-08-30T08:53:49.545917+00:00,2026-08-26T07:34:25.331839+00:00,terminal,"{""cost_paise"": 300, ""failure_class"": ""TRANSIENT_ISSUER"", ""gross_recovered_paise"": 49900, ""terminal"": ""recovered""}"
bc5a9a40-2761-4746-a5dc-e0f4a459f2ee,sub_0177,2026-08-30T08:53:49.545917+00:00,2026-08-26T07:34:25.332491+00:00,terminal,"{""cost_paise"": 300, ""failure_class"": ""UNCLASSIFIED"", ""gross_recovered_paise"": 99900, ""terminal"": ""recovered""}"
b0b1d6af-2142-4c5e-9b45-33bd238c0fd2,sub_0178,2026-08-30T08:53:49.545917+00:00,2026-08-26T07:34:25.333070+00:00,terminal,"{""cost_paise"": 600, ""failure_class"": ""INSTRUMENT_INVALID"", ""gross_recovered_paise"": 499900, ""terminal"": ""recovered""}"
48388463-7296-41ff-9181-954feace98dc,sub_0179,2026-08-30T08:53:49.545917+00:00,2026-08-26T07:34:25.333942+00:00,terminal,"{""cost_paise"": 900, ""failure_class"": ""UNCLASSIFIED"", ""gross_recovered_paise"": 0, ""terminal"": ""unrecovered""}"
9028f6b6-a352-4939-bd75-780fcdf23039,sub_0180,2026-08-30T08:53:49.545917+00:00,2026-08-26T07:34:25.335152+00:00,terminal,"{""cost_paise"": 900, ""failure_class"": ""INSTRUMENT_INVALID"", ""gross_recovered_paise"": 0, ""terminal"": ""unrecovered""}"
46622b95-2fac-4147-9b80-f512b8f12a6f,sub_0181,2026-08-30T08:53:49.545917+00:00,2026-08-26T07:34:25.335885+00:00,terminal,"{""cost_paise"": 900, ""failure_class"": ""INSUFFICIENT_FUNDS"", ""gross_recovered_paise"": 0, ""terminal"": ""unrecovered""}"
795df6ed-0349-419e-8213-046a8a5f7ba3,sub_0182,2026-08-30T08:53:49.545917+00:00,2026-08-26T07:34:25.336474+00:00,terminal,"{""cost_paise"": 300, ""failure_class"": ""UNCLASSIFIED"", ""gross_recovered_paise"": 49900, ""terminal"": ""recovered""}"
6f1b2b04-74fa-444f-974b-9912d854cd58,sub_0183,2026-08-30T08:53:49.545917+00:00,2026-08-26T07:34:25.337069+00:00,terminal,"{""cost_paise"": 900, ""failure_class"": ""TRANSIENT_ISSUER"", ""gross_recovered_paise"": 0, ""terminal"": ""unrecovered""}"
94aa286c-294d-4860-846c-dd5dc73dec19,sub_0184,2026-08-30T08:53:49.545917+00:00,2026-08-26T07:34:25.337677+00:00,terminal,"{""cost_paise"": 300, ""failure_class"": ""INSUFFICIENT_FUNDS"", ""gross_recovered_paise"": 199900, ""terminal"": ""recovered""}"
dfd854e7-edec-423a-add5-9ee454a86118,sub_0185,2026-08-30T08:53:49.545917+00:00,2026-08-26T07:34:25.338216+00:00,terminal,"{""cost_paise"": 300, ""failure_class"": ""UNCLASSIFIED"", ""gross_recovered_paise"": 99900, ""terminal"": ""recovered""}"
23985ca5-e732-4fa2-a300-f87ce434934e,sub_0186,2026-08-30T08:53:49.545917+00:00,2026-08-26T07:34:25.338809+00:00,terminal,"{""cost_paise"": 900, ""failure_class"": ""UNCLASSIFIED"", ""gross_recovered_paise"": 49900, ""terminal"": ""recovered""}"
b7a79861-a377-4ca5-bb55-af191c4b01a6,sub_0187,2026-08-30T08:53:49.545917+00:00,2026-08-26T07:34:25.339348+00:00,terminal,"{""cost_paise"": 300, ""failure_class"": ""TRANSIENT_ISSUER"", ""gross_recovered_paise"": 199900, ""terminal"": ""recovered""}"
7be1b6a1-df02-49fa-bf8b-be573cda8495,sub_0188,2026-08-30T08:53:49.545917+00:00,2026-08-26T07:34:25.339835+00:00,terminal,"{""cost_paise"": 300, ""failure_class"": ""INSUFFICIENT_FUNDS"", ""gross_recovered_paise"": 49900, ""terminal"": ""recovered""}"
cf4b253e-2dee-4b0f-b3fc-413f193ae69d,sub_0189,2026-08-30T08:53:49.545917+00:00,2026-08-26T07:34:25.340373+00:00,terminal,"{""cost_paise"": 900, ""failure_class"": ""INSTRUMENT_INVALID"", ""gross_recovered_paise"": 0, ""terminal"": ""unrecovered""}"
c496229e-5bce-4cea-b0db-6b34347727d3,sub_0190,2026-08-30T08:53:49.545917+00:00,2026-08-26T07:34:25.340917+00:00,terminal,"{""cost_paise"": 300, ""failure_class"": ""INSUFFICIENT_FUNDS"", ""gross_recovered_paise"": 49900, ""terminal"": ""recovered""}"
6058cc73-3599-46de-b575-ade8d7fc5eb2,sub_0191,2026-08-30T08:53:49.545917+00:00,2026-08-26T07:34:25.341437+00:00,terminal,"{""cost_paise"": 900, ""failure_class"": ""UNCLASSIFIED"", ""gross_recovered_paise"": 0, ""terminal"": ""unrecovered""}"
cd543f53-87d3-4e20-b005-6d77ae2df33a,sub_0192,2026-08-30T08:53:49.545917+00:00,2026-08-26T07:34:25.341927+00:00,terminal,"{""cost_paise"": 900, ""failure_class"": ""INSTRUMENT_INVALID"", ""gross_recovered_paise"": 0, ""terminal"": ""unrecovered""}"
b45a1f2c-27c4-4b42-9052-fbd8341274a9,sub_0193,2026-08-30T08:53:49.545917+00:00,2026-08-26T07:34:25.342352+00:00,terminal,"{""cost_paise"": 900, ""failure_class"": ""INSTRUMENT_INVALID"", ""gross_recovered_paise"": 0, ""terminal"": ""unrecovered""}"
bbe69df5-45f7-4115-9997-b51422f8c40f,sub_0194,2026-08-30T08:53:49.545917+00:00,2026-08-26T07:34:25.343000+00:00,terminal,"{""cost_paise"": 900, ""failure_class"": ""INSTRUMENT_INVALID"", ""gross_recovered_paise"": 0, ""terminal"": ""unrecovered""}"
976c1073-2a50-447e-9041-3bc68b22faf3,sub_0195,2026-08-30T08:53:49.545917+00:00,2026-08-26T07:34:25.343576+00:00,terminal,"{""cost_paise"": 900, ""failure_class"": ""INSTRUMENT_INVALID"", ""gross_recovered_paise"": 0, ""terminal"": ""unrecovered""}"
7ee8c1a3-6965-4111-a1a4-6ae57af3b362,sub_0196,2026-08-30T08:53:49.545917+00:00,2026-08-26T07:34:25.344101+00:00,terminal,"{""cost_paise"": 900, ""failure_class"": ""INSUFFICIENT_FUNDS"", ""gross_recovered_paise"": 0, ""terminal"": ""unrecovered""}"
b8e281d3-7239-4e5d-8c2a-33642d763bfb,sub_0197,2026-08-30T08:53:49.545917+00:00,2026-08-26T07:34:25.344734+00:00,terminal,"{""cost_paise"": 900, ""failure_class"": ""INSUFFICIENT_FUNDS"", ""gross_recovered_paise"": 0, ""terminal"": ""unrecovered""}"
35c11afd-0ab2-45cc-94a8-fb938282af4f,sub_0198,2026-08-30T08:53:49.545917+00:00,2026-08-26T07:34:25.345292+00:00,terminal,"{""cost_paise"": 300, ""failure_class"": ""INSUFFICIENT_FUNDS"", ""gross_recovered_paise"": 99900, ""terminal"": ""recovered""}"
4bf6e857-61f1-4b7d-b177-5843e3256fd3,sub_0199,2026-08-30T08:53:49.545917+00:00,2026-08-26T07:34:25.346030+00:00,terminal,"{""cost_paise"": 900, ""failure_class"": ""INSUFFICIENT_FUNDS"", ""gross_recovered_paise"": 0, ""terminal"": ""unrecovered""}"
72df78dc-feb2-4c04-9acf-5fe38f3fb6e3,sub_0000,2026-08-30T08:53:49.545917+00:00,2026-08-26T13:31:20.908225+00:00,terminal,"{""cost_paise"": 600, ""failure_class"": ""INSUFFICIENT_FUNDS"", ""gross_recovered_paise"": 99900, ""terminal"": ""recovered""}"
7fcb8de0-c03c-4db8-9bc8-c0a3f955a2a4,sub_0001,2026-08-30T08:53:49.545917+00:00,2026-08-26T13:31:20.908605+00:00,terminal,"{""cost_paise"": 300, ""failure_class"": ""TRANSIENT_ISSUER"", ""gross_recovered_paise"": 49900, ""terminal"": ""recovered""}"
da9974e4-2808-4aaa-8b2a-e01aabcda4c1,sub_0002,2026-08-30T08:53:49.545917+00:00,2026-08-26T13:31:20.909034+00:00,terminal,"{""cost_paise"": 900, ""failure_class"": ""MANDATE_REVOKED"", ""gross_recovered_paise"": 0, ""terminal"": ""voluntary_churn""}"
98422ca8-7026-4be0-b02f-2da224d2848e,sub_0003,2026-08-30T08:53:49.545917+00:00,2026-08-26T13:31:20.909456+00:00,terminal,"{""cost_paise"": 300, ""failure_class"": ""INSUFFICIENT_FUNDS"", ""gross_recovered_paise"": 499900, ""terminal"": ""recovered""}"
73057ca6-f253-47c0-ae53-3beee8ce5901,sub_0004,2026-08-30T08:53:49.545917+00:00,2026-08-26T13:31:20.909918+00:00,terminal,"{""cost_paise"": 900, ""failure_class"": ""INSTRUMENT_INVALID"", ""gross_recovered_paise"": 0, ""terminal"": ""unrecovered""}"
8c4b679c-134f-4df6-bafb-f5e075e671ac,sub_0005,2026-08-30T08:53:49.545917+00:00,2026-08-26T13:31:20.910363+00:00,terminal,"{""cost_paise"": 300, ""failure_class"": ""INSUFFICIENT_FUNDS"", ""gross_recovered_paise"": 99900, ""terminal"": ""recovered""}"
fa81cce8-5fc6-43f3-974b-c0d31368829d,sub_0006,2026-08-30T08:53:49.545917+00:00,2026-08-26T13:31:20.910754+00:00,terminal,"{""cost_paise"": 900, ""failure_class"": ""INSTRUMENT_INVALID"", ""gross_recovered_paise"": 0, ""terminal"": ""unrecovered""}"
ad466149-a991-4d17-9b29-1cc3814b860c,sub_0007,2026-08-30T08:53:49.545917+00:00,2026-08-26T13:31:20.911168+00:00,terminal,"{""cost_paise"": 300, ""failure_class"": ""INSUFFICIENT_FUNDS"", ""gross_recovered_paise"": 49900, ""terminal"": ""recovered""}"
e66aaa8d-5981-47c2-88bf-157221656b9d,sub_0008,2026-08-30T08:53:49.545917+00:00,2026-08-26T13:31:20.911656+00:00,terminal,"{""cost_paise"": 300, ""failure_class"": ""INSUFFICIENT_FUNDS"", ""gross_recovered_paise"": 199900, ""terminal"": ""recovered""}"
1197317b-5092-4408-8481-1cc676c0d0d6,sub_0009,2026-08-30T08:53:49.545917+00:00,2026-08-26T13:31:20.912064+00:00,terminal,"{""cost_paise"": 300, ""failure_class"": ""TRANSIENT_ISSUER"", ""gross_recovered_paise"": 499900, ""terminal"": ""recovered""}"
39d07621-55db-4b2b-afa0-0accb6c427f2,sub_0010,2026-08-30T08:53:49.545917+00:00,2026-08-26T13:31:20.912562+00:00,terminal,"{""cost_paise"": 900, ""failure_class"": ""MANDATE_REVOKED"", ""gross_recovered_paise"": 0, ""terminal"": ""voluntary_churn""}"
18c61a10-f2de-4022-bf36-d725ba9b4ce0,sub_0011,2026-08-30T08:53:49.545917+00:00,2026-08-26T13:31:20.913027+00:00,terminal,"{""cost_paise"": 900, ""failure_class"": ""INSTRUMENT_INVALID"", ""gross_recovered_paise"": 0, ""terminal"": ""unrecovered""}"
d70a3e22-aca0-4b6f-974a-ed27c1f5963e,sub_0012,2026-08-30T08:53:49.545917+00:00,2026-08-26T13:31:20.913432+00:00,terminal,"{""cost_paise"": 600, ""failure_class"": ""INSUFFICIENT_FUNDS"", ""gross_recovered_paise"": 99900, ""terminal"": ""recovered""}"
57ed77f7-c9cc-48e9-b96c-ec09b1d86000,sub_0013,2026-08-30T08:53:49.545917+00:00,2026-08-26T13:31:20.913832+00:00,terminal,"{""cost_paise"": 300, ""failure_class"": ""INSUFFICIENT_FUNDS"", ""gross_recovered_paise"": 499900, ""terminal"": ""recovered""}"
d6953f56-a030-4d9e-b06e-0c4f417f5ebd,sub_0014,2026-08-30T08:53:49.545917+00:00,2026-08-26T13:31:20.914220+00:00,terminal,"{""cost_paise"": 900, ""failure_class"": ""UNCLASSIFIED"", ""gross_recovered_paise"": 0, ""terminal"": ""unrecovered""}"
5b4b3008-cbb1-408b-9695-1f43f589f223,sub_0015,2026-08-30T08:53:49.545917+00:00,2026-08-26T13:31:20.914574+00:00,terminal,"{""cost_paise"": 300, ""failure_class"": ""INSUFFICIENT_FUNDS"", ""gross_recovered_paise"": 199900, ""terminal"": ""recovered""}"
712677c4-a15a-4e17-bd79-cfb58ec83c6c,sub_0016,2026-08-30T08:53:49.545917+00:00,2026-08-26T13:31:20.915037+00:00,terminal,"{""cost_paise"": 900, ""failure_class"": ""INSTRUMENT_INVALID"", ""gross_recovered_paise"": 0, ""terminal"": ""unrecovered""}"
3b53cdf3-1e6f-4e46-a707-ef88fb66abba,sub_0017,2026-08-30T08:53:49.545917+00:00,2026-08-26T13:31:20.915431+00:00,terminal,"{""cost_paise"": 300, ""failure_class"": ""TRANSIENT_ISSUER"", ""gross_recovered_paise"": 49900, ""terminal"": ""recovered""}"
aae34de9-ebbe-4508-9593-7662e6e4488d,sub_0018,2026-08-30T08:53:49.545917+00:00,2026-08-26T13:31:20.915808+00:00,terminal,"{""cost_paise"": 900, ""failure_class"": ""RISK_DECLINE"", ""gross_recovered_paise"": 0, ""terminal"": ""unrecovered""}"
2bd899a5-156a-4a04-bb6b-d919bd24b1e1,sub_0019,2026-08-30T08:53:49.545917+00:00,2026-08-26T13:31:20.916189+00:00,terminal,"{""cost_paise"": 300, ""failure_class"": ""INSUFFICIENT_FUNDS"", ""gross_recovered_paise"": 49900, ""terminal"": ""recovered""}"
a0622a7a-bc67-42f6-8cf3-fcf4fb0be42e,sub_0020,2026-08-30T08:53:49.545917+00:00,2026-08-26T13:31:20.916557+00:00,terminal,"{""cost_paise"": 300, ""failure_class"": ""INSUFFICIENT_FUNDS"", ""gross_recovered_paise"": 199900, ""terminal"": ""recovered""}"
eb4f0094-7fad-491d-9336-9a48d259a988,sub_0021,2026-08-30T08:53:49.545917+00:00,2026-08-26T13:31:20.916981+00:00,terminal,"{""cost_paise"": 300, ""failure_class"": ""INSUFFICIENT_FUNDS"", ""gross_recovered_paise"": 499900, ""terminal"": ""recovered""}"
d9be8240-6884-4953-a8b0-f360028e5910,sub_0022,2026-08-30T08:53:49.545917+00:00,2026-08-26T13:31:20.917364+00:00,terminal,"{""cost_paise"": 900, ""failure_class"": ""UNCLASSIFIED"", ""gross_recovered_paise"": 499900, ""terminal"": ""recovered""}"
759586cc-2a7f-4df2-9f63-45d7a9cccf82,sub_0023,2026-08-30T08:53:49.545917+00:00,2026-08-26T13:31:20.917761+00:00,terminal,"{""cost_paise"": 900, ""failure_class"": ""INSUFFICIENT_FUNDS"", ""gross_recovered_paise"": 0, ""terminal"": ""unrecovered""}"
34f88136-ffcc-423b-9ff4-ec30b832d11d,sub_0024,2026-08-30T08:53:49.545917+00:00,2026-08-26T13:31:20.918142+00:00,terminal,"{""cost_paise"": 300, ""failure_class"": ""UNCLASSIFIED"", ""gross_recovered_paise"": 49900, ""terminal"": ""recovered""}"
b3b6ba92-9175-4550-a6a3-862a551ab833,sub_0025,2026-08-30T08:53:49.545917+00:00,2026-08-26T13:31:20.918500+00:00,terminal,"{""cost_paise"": 900, ""failure_class"": ""UNCLASSIFIED"", ""gross_recovered_paise"": 499900, ""terminal"": ""recovered""}"
c6f97fdc-3dd1-4cb5-bc37-db6697f98545,sub_0026,2026-08-30T08:53:49.545917+00:00,2026-08-26T13:31:20.918851+00:00,terminal,"{""cost_paise"": 900, ""failure_class"": ""INSUFFICIENT_FUNDS"", ""gross_recovered_paise"": 199900, ""terminal"": ""recovered""}"
f404b650-58dd-4cd2-b175-61010707fd95,sub_0027,2026-08-30T08:53:49.545917+00:00,2026-08-26T13:31:20.919239+00:00,terminal,"{""cost_paise"": 900, ""failure_class"": ""RISK_DECLINE"", ""gross_recovered_paise"": 0, ""terminal"": ""unrecovered""}"
d3b5a6f1-a58a-4b8b-97f9-aacfef227bf9,sub_0028,2026-08-30T08:53:49.545917+00:00,2026-08-26T13:31:20.919618+00:00,terminal,"{""cost_paise"": 900, ""failure_class"": ""INSUFFICIENT_FUNDS"", ""gross_recovered_paise"": 0, ""terminal"": ""unrecovered""}"
67dab6aa-5842-46a1-affa-2d403672a42d,sub_0029,2026-08-30T08:53:49.545917+00:00,2026-08-26T13:31:20.920024+00:00,terminal,"{""cost_paise"": 900, ""failure_class"": ""RISK_DECLINE"", ""gross_recovered_paise"": 0, ""terminal"": ""unrecovered""}"
bd43eb09-70e3-4429-9259-1f7b9fa21111,sub_0030,2026-08-30T08:53:49.545917+00:00,2026-08-26T13:31:20.920420+00:00,terminal,"{""cost_paise"": 300, ""failure_class"": ""INSUFFICIENT_FUNDS"", ""gross_recovered_paise"": 49900, ""terminal"": ""recovered""}"
932ffe6e-7fb5-47f5-9857-1829cbea5ea9,sub_0031,2026-08-30T08:53:49.545917+00:00,2026-08-26T13:31:20.920761+00:00,terminal,"{""cost_paise"": 300, ""failure_class"": ""INSUFFICIENT_FUNDS"", ""gross_recovered_paise"": 199900, ""terminal"": ""recovered""}"
c9f54206-b11d-4f1e-b663-6d42fd9c59bb,sub_0032,2026-08-30T08:53:49.545917+00:00,2026-08-26T13:31:20.921136+00:00,terminal,"{""cost_paise"": 900, ""failure_class"": ""UNCLASSIFIED"", ""gross_recovered_paise"": 0, ""terminal"": ""unrecovered""}"
020f1a94-88b9-492e-968e-b8e0b9425841,sub_0033,2026-08-30T08:53:49.545917+00:00,2026-08-26T13:31:20.921522+00:00,terminal,"{""cost_paise"": 900, ""failure_class"": ""UNCLASSIFIED"", ""gross_recovered_paise"": 499900, ""terminal"": ""recovered""}"
dcbd3a97-bbb4-48c8-a28e-7267146a7b16,sub_0034,2026-08-30T08:53:49.545917+00:00,2026-08-26T13:31:20.921905+00:00,terminal,"{""cost_paise"": 900, ""failure_class"": ""INSTRUMENT_INVALID"", ""gross_recovered_paise"": 0, ""terminal"": ""unrecovered""}"
a6bd0340-b8cc-4e8e-b106-4fd4ecad06f0,sub_0035,2026-08-30T08:53:49.545917+00:00,2026-08-26T13:31:20.922283+00:00,terminal,"{""cost_paise"": 900, ""failure_class"": ""MANDATE_REVOKED"", ""gross_recovered_paise"": 0, ""terminal"": ""voluntary_churn""}"
e83ce509-566b-49d5-8460-d288c8e4ddfc,sub_0036,2026-08-30T08:53:49.545917+00:00,2026-08-26T13:31:20.922676+00:00,terminal,"{""cost_paise"": 300, ""failure_class"": ""TRANSIENT_ISSUER"", ""gross_recovered_paise"": 99900, ""terminal"": ""recovered""}"
f3edcb91-036c-4b8d-ad1a-0a1dac1deb39,sub_0037,2026-08-30T08:53:49.545917+00:00,2026-08-26T13:31:20.923080+00:00,terminal,"{""cost_paise"": 900, ""failure_class"": ""INSTRUMENT_INVALID"", ""gross_recovered_paise"": 0, ""terminal"": ""unrecovered""}"
08dbeebb-3738-4dc6-b05e-c3ca9c22658d,sub_0038,2026-08-30T08:53:49.545917+00:00,2026-08-26T13:31:20.923443+00:00,terminal,"{""cost_paise"": 900, ""failure_class"": ""INSTRUMENT_INVALID"", ""gross_recovered_paise"": 0, ""terminal"": ""unrecovered""}"
5e3ebdc0-b2b1-4b79-a644-f57aab8e42b9,sub_0039,2026-08-30T08:53:49.545917+00:00,2026-08-26T13:31:20.923803+00:00,terminal,"{""cost_paise"": 900, ""failure_class"": ""RISK_DECLINE"", ""gross_recovered_paise"": 0, ""terminal"": ""unrecovered""}"
cc1e4bf0-aff3-48a0-a3da-b6f80bc4e401,sub_0040,2026-08-30T08:53:49.545917+00:00,2026-08-26T13:31:20.924206+00:00,terminal,"{""cost_paise"": 300, ""failure_class"": ""TRANSIENT_ISSUER"", ""gross_recovered_paise"": 99900, ""terminal"": ""recovered""}"
23526243-0932-4709-b780-8e67351e7644,sub_0041,2026-08-30T08:53:49.545917+00:00,2026-08-26T13:31:20.924590+00:00,terminal,"{""cost_paise"": 300, ""failure_class"": ""TRANSIENT_ISSUER"", ""gross_recovered_paise"": 499900, ""terminal"": ""recovered""}"
923df5e4-8781-4198-934c-65e4871166cc,sub_0042,2026-08-30T08:53:49.545917+00:00,2026-08-26T13:31:20.924954+00:00,terminal,"{""cost_paise"": 900, ""failure_class"": ""MANDATE_REVOKED"", ""gross_recovered_paise"": 0, ""terminal"": ""voluntary_churn""}"
92deff77-8299-4a66-a4e7-f4bacb6549da,sub_0043,2026-08-30T08:53:49.545917+00:00,2026-08-26T13:31:20.925325+00:00,terminal,"{""cost_paise"": 900, ""failure_class"": ""INSUFFICIENT_FUNDS"", ""gross_recovered_paise"": 49900, ""terminal"": ""recovered""}"
ccfd5d44-1d2d-468a-a768-0be6f59a66cc,sub_0044,2026-08-30T08:53:49.545917+00:00,2026-08-26T13:31:20.925691+00:00,terminal,"{""cost_paise"": 900, ""failure_class"": ""INSUFFICIENT_FUNDS"", ""gross_recovered_paise"": 0, ""terminal"": ""unrecovered""}"
d23fcd85-e874-49e0-b78b-38cc6a67aa4e,sub_0045,2026-08-30T08:53:49.545917+00:00,2026-08-26T13:31:20.926140+00:00,terminal,"{""cost_paise"": 900, ""failure_class"": ""INSTRUMENT_INVALID"", ""gross_recovered_paise"": 0, ""terminal"": ""unrecovered""}"
61c4f8a6-e253-4c67-a385-bcbc4a18d4f2,sub_0046,2026-08-30T08:53:49.545917+00:00,2026-08-26T13:31:20.926540+00:00,terminal,"{""cost_paise"": 900, ""failure_class"": ""INSUFFICIENT_FUNDS"", ""gross_recovered_paise"": 0, ""terminal"": ""unrecovered""}"
c16d9b12-da0c-460d-baf1-f22c0eb032d0,sub_0047,2026-08-30T08:53:49.545917+00:00,2026-08-26T13:31:20.926919+00:00,terminal,"{""cost_paise"": 600, ""failure_class"": ""INSUFFICIENT_FUNDS"", ""gross_recovered_paise"": 499900, ""terminal"": ""recovered""}"
b019fb28-ebe0-45d0-b22f-5bcc7d48e8a7,sub_0048,2026-08-30T08:53:49.545917+00:00,2026-08-26T13:31:20.927358+00:00,terminal,"{""cost_paise"": 900, ""failure_class"": ""UNCLASSIFIED"", ""gross_recovered_paise"": 0, ""terminal"": ""unrecovered""}"
a581330f-d528-4019-b2c5-e96e08572301,sub_0049,2026-08-30T08:53:49.545917+00:00,2026-08-26T13:31:20.927738+00:00,terminal,"{""cost_paise"": 300, ""failure_class"": ""INSUFFICIENT_FUNDS"", ""gross_recovered_paise"": 199900, ""terminal"": ""recovered""}"
370de23f-c2f4-4a47-9ae1-291d96daa133,sub_0050,2026-08-30T08:53:49.545917+00:00,2026-08-26T13:31:20.928181+00:00,terminal,"{""cost_paise"": 300, ""failure_class"": ""INSUFFICIENT_FUNDS"", ""gross_recovered_paise"": 499900, ""terminal"": ""recovered""}"
aab59a1f-dbd4-480e-8d5f-6259d3bc74dd,sub_0051,2026-08-30T08:53:49.545917+00:00,2026-08-26T13:31:20.928542+00:00,terminal,"{""cost_paise"": 300, ""failure_class"": ""INSUFFICIENT_FUNDS"", ""gross_recovered_paise"": 199900, ""terminal"": ""recovered""}"
33e9e435-ce58-40b4-84cc-5d896a0bdf68,sub_0052,2026-08-30T08:53:49.545917+00:00,2026-08-26T13:31:20.928904+00:00,terminal,"{""cost_paise"": 300, ""failure_class"": ""TRANSIENT_ISSUER"", ""gross_recovered_paise"": 99900, ""terminal"": ""recovered""}"
cc03889a-42f4-4f1f-8ce4-eff224240bc1,sub_0053,2026-08-30T08:53:49.545917+00:00,2026-08-26T13:31:20.929288+00:00,terminal,"{""cost_paise"": 900, ""failure_class"": ""UNCLASSIFIED"", ""gross_recovered_paise"": 0, ""terminal"": ""unrecovered""}"
1e24bc81-187f-411d-898c-ee0b1659fbe2,sub_0054,2026-08-30T08:53:49.545917+00:00,2026-08-26T13:31:20.929651+00:00,terminal,"{""cost_paise"": 300, ""failure_class"": ""TRANSIENT_ISSUER"", ""gross_recovered_paise"": 99900, ""terminal"": ""recovered""}"
c247867a-6596-4e14-a40f-c7d10657898c,sub_0055,2026-08-30T08:53:49.545917+00:00,2026-08-26T13:31:20.930022+00:00,terminal,"{""cost_paise"": 900, ""failure_class"": ""INSTRUMENT_INVALID"", ""gross_recovered_paise"": 0, ""terminal"": ""unrecovered""}"
46d65b44-f4a5-450f-b265-057f8a4cdbd0,sub_0056,2026-08-30T08:53:49.545917+00:00,2026-08-26T13:31:20.930402+00:00,terminal,"{""cost_paise"": 300, ""failure_class"": ""INSUFFICIENT_FUNDS"", ""gross_recovered_paise"": 99900, ""terminal"": ""recovered""}"
6ed490e7-028c-462d-ab04-0d5fa213937b,sub_0057,2026-08-30T08:53:49.545917+00:00,2026-08-26T13:31:20.930761+00:00,terminal,"{""cost_paise"": 600, ""failure_class"": ""UNCLASSIFIED"", ""gross_recovered_paise"": 99900, ""terminal"": ""recovered""}"
1339bef3-07cd-4c79-ad4e-7c5e479d4f75,sub_0058,2026-08-30T08:53:49.545917+00:00,2026-08-26T13:31:20.931132+00:00,terminal,"{""cost_paise"": 600, ""failure_class"": ""INSUFFICIENT_FUNDS"", ""gross_recovered_paise"": 49900, ""terminal"": ""recovered""}"
9c9e4c03-e0d7-4b73-a35f-65af10b67918,sub_0059,2026-08-30T08:53:49.545917+00:00,2026-08-26T13:31:20.931541+00:00,terminal,"{""cost_paise"": 900, ""failure_class"": ""INSUFFICIENT_FUNDS"", ""gross_recovered_paise"": 0, ""terminal"": ""unrecovered""}"
90112d96-0843-4583-8456-07094970c32f,sub_0060,2026-08-30T08:53:49.545917+00:00,2026-08-26T13:31:20.931941+00:00,terminal,"{""cost_paise"": 900, ""failure_class"": ""INSTRUMENT_INVALID"", ""gross_recovered_paise"": 0, ""terminal"": ""unrecovered""}"
566a1046-2c80-46df-9bcd-de9a071cca3e,sub_0061,2026-08-30T08:53:49.545917+00:00,2026-08-26T13:31:20.932329+00:00,terminal,"{""cost_paise"": 300, ""failure_class"": ""TRANSIENT_ISSUER"", ""gross_recovered_paise"": 199900, ""terminal"": ""recovered""}"
a41ce2dc-5e87-43d9-9151-72ca8624c268,sub_0062,2026-08-30T08:53:49.545917+00:00,2026-08-26T13:31:20.932719+00:00,terminal,"{""cost_paise"": 900, ""failure_class"": ""INSTRUMENT_INVALID"", ""gross_recovered_paise"": 0, ""terminal"": ""unrecovered""}"
74a54aae-720d-404c-8cf3-e181d50ec226,sub_0063,2026-08-30T08:53:49.545917+00:00,2026-08-26T13:31:20.933109+00:00,terminal,"{""cost_paise"": 900, ""failure_class"": ""INSUFFICIENT_FUNDS"", ""gross_recovered_paise"": 0, ""terminal"": ""unrecovered""}"
e766eddd-21fe-4c05-aadf-b9dd66f26439,sub_0064,2026-08-30T08:53:49.545917+00:00,2026-08-26T13:31:20.933524+00:00,terminal,"{""cost_paise"": 900, ""failure_class"": ""RISK_DECLINE"", ""gross_recovered_paise"": 0, ""terminal"": ""unrecovered""}"
a7bed3ae-82b1-469f-96a4-37e6e66521fc,sub_0065,2026-08-30T08:53:49.545917+00:00,2026-08-26T13:31:20.933887+00:00,terminal,"{""cost_paise"": 900, ""failure_class"": ""INSTRUMENT_INVALID"", ""gross_recovered_paise"": 0, ""terminal"": ""unrecovered""}"
1a3be288-6fb7-4cf9-a369-019b88fc1326,sub_0066,2026-08-30T08:53:49.545917+00:00,2026-08-26T13:31:20.934271+00:00,terminal,"{""cost_paise"": 900, ""failure_class"": ""UNCLASSIFIED"", ""gross_recovered_paise"": 0, ""terminal"": ""unrecovered""}"
379dbc89-e340-4e81-9a80-835f1e416991,sub_0067,2026-08-30T08:53:49.545917+00:00,2026-08-26T13:31:20.934650+00:00,terminal,"{""cost_paise"": 900, ""failure_class"": ""RISK_DECLINE"", ""gross_recovered_paise"": 0, ""terminal"": ""unrecovered""}"
f34da4f1-caf8-4960-8738-2d24951f70ef,sub_0068,2026-08-30T08:53:49.545917+00:00,2026-08-26T13:31:20.935050+00:00,terminal,"{""cost_paise"": 600, ""failure_class"": ""INSUFFICIENT_FUNDS"", ""gross_recovered_paise"": 99900, ""terminal"": ""recovered""}"
a73b309d-aaa4-47c1-9aa9-382f76c34c98,sub_0069,2026-08-30T08:53:49.545917+00:00,2026-08-26T13:31:20.935409+00:00,terminal,"{""cost_paise"": 900, ""failure_class"": ""UNCLASSIFIED"", ""gross_recovered_paise"": 0, ""terminal"": ""unrecovered""}"
f203c9cc-2052-402d-b02f-cf713dcee337,sub_0070,2026-08-30T08:53:49.545917+00:00,2026-08-26T13:31:20.935781+00:00,terminal,"{""cost_paise"": 600, ""failure_class"": ""TRANSIENT_ISSUER"", ""gross_recovered_paise"": 99900, ""terminal"": ""recovered""}"
47331add-82a2-406e-bda5-487f92fc387a,sub_0071,2026-08-30T08:53:49.545917+00:00,2026-08-26T13:31:20.936208+00:00,terminal,"{""cost_paise"": 300, ""failure_class"": ""INSUFFICIENT_FUNDS"", ""gross_recovered_paise"": 49900, ""terminal"": ""recovered""}"
e6127290-648f-4892-bac2-3c52ee994fdd,sub_0072,2026-08-30T08:53:49.545917+00:00,2026-08-26T13:31:20.936583+00:00,terminal,"{""cost_paise"": 900, ""failure_class"": ""INSTRUMENT_INVALID"", ""gross_recovered_paise"": 0, ""terminal"": ""unrecovered""}"
3a9c1e8d-1948-406c-8b36-04e7de1d14c7,sub_0073,2026-08-30T08:53:49.545917+00:00,2026-08-26T13:31:20.936979+00:00,terminal,"{""cost_paise"": 300, ""failure_class"": ""INSUFFICIENT_FUNDS"", ""gross_recovered_paise"": 499900, ""terminal"": ""recovered""}"
bb307766-0f81-4c76-9131-efcd6ddc6acd,sub_0074,2026-08-30T08:53:49.545917+00:00,2026-08-26T13:31:20.937357+00:00,terminal,"{""cost_paise"": 300, ""failure_class"": ""INSUFFICIENT_FUNDS"", ""gross_recovered_paise"": 99900, ""terminal"": ""recovered""}"
81ecd7ea-daa0-48d9-9fa0-b53dfd4cc58b,sub_0075,2026-08-30T08:53:49.545917+00:00,2026-08-26T13:31:20.937762+00:00,terminal,"{""cost_paise"": 900, ""failure_class"": ""INSTRUMENT_INVALID"", ""gross_recovered_paise"": 0, ""terminal"": ""unrecovered""}"
8ec6a919-3f2f-4679-9e96-1da1a9f98b1c,sub_0076,2026-08-30T08:53:49.545917+00:00,2026-08-26T13:31:20.938182+00:00,terminal,"{""cost_paise"": 900, ""failure_class"": ""UNCLASSIFIED"", ""gross_recovered_paise"": 0, ""terminal"": ""unrecovered""}"
2220e3e3-b756-4ec9-917e-a37f116e18fa,sub_0077,2026-08-30T08:53:49.545917+00:00,2026-08-26T13:31:20.938625+00:00,terminal,"{""cost_paise"": 600, ""failure_class"": ""INSUFFICIENT_FUNDS"", ""gross_recovered_paise"": 499900, ""terminal"": ""recovered""}"
8bd86eae-e09c-43c0-930e-2ebaba66d430,sub_0078,2026-08-30T08:53:49.545917+00:00,2026-08-26T13:31:20.939014+00:00,terminal,"{""cost_paise"": 900, ""failure_class"": ""INSUFFICIENT_FUNDS"", ""gross_recovered_paise"": 0, ""terminal"": ""unrecovered""}"
ac2ca376-06dd-431e-b3e9-11e601e3e513,sub_0079,2026-08-30T08:53:49.545917+00:00,2026-08-26T13:31:20.939381+00:00,terminal,"{""cost_paise"": 900, ""failure_class"": ""INSTRUMENT_INVALID"", ""gross_recovered_paise"": 0, ""terminal"": ""unrecovered""}"
dfe5f6a6-4615-437f-8945-053970887bbc,sub_0080,2026-08-30T08:53:49.545917+00:00,2026-08-26T13:31:20.939810+00:00,terminal,"{""cost_paise"": 900, ""failure_class"": ""UNCLASSIFIED"", ""gross_recovered_paise"": 0, ""terminal"": ""unrecovered""}"
25df4eb6-e3b3-4775-8e1f-c171adb26f37,sub_0081,2026-08-30T08:53:49.545917+00:00,2026-08-26T13:31:20.940205+00:00,terminal,"{""cost_paise"": 900, ""failure_class"": ""UNCLASSIFIED"", ""gross_recovered_paise"": 0, ""terminal"": ""unrecovered""}"
e103fb45-d2f5-4a93-868d-537772c61987,sub_0082,2026-08-30T08:53:49.545917+00:00,2026-08-26T13:31:20.940688+00:00,terminal,"{""cost_paise"": 300, ""failure_class"": ""INSUFFICIENT_FUNDS"", ""gross_recovered_paise"": 49900, ""terminal"": ""recovered""}"
77a2417c-b87e-4f56-bf3c-bb1be0c61985,sub_0083,2026-08-30T08:53:49.545917+00:00,2026-08-26T13:31:20.941100+00:00,terminal,"{""cost_paise"": 300, ""failure_class"": ""INSUFFICIENT_FUNDS"", ""gross_recovered_paise"": 499900, ""terminal"": ""recovered""}"
6460b02c-e05c-44ff-98b1-e6ffbf242364,sub_0084,2026-08-30T08:53:49.545917+00:00,2026-08-26T13:31:20.941468+00:00,terminal,"{""cost_paise"": 600, ""failure_class"": ""INSUFFICIENT_FUNDS"", ""gross_recovered_paise"": 199900, ""terminal"": ""recovered""}"
3fde2882-2323-480f-9ea6-6edc3d3bca93,sub_0085,2026-08-30T08:53:49.545917+00:00,2026-08-26T13:31:20.941793+00:00,terminal,"{""cost_paise"": 900, ""failure_class"": ""INSUFFICIENT_FUNDS"", ""gross_recovered_paise"": 0, ""terminal"": ""unrecovered""}"
75794de0-b5a4-49e6-9f85-34354f33e67d,sub_0086,2026-08-30T08:53:49.545917+00:00,2026-08-26T13:31:20.942199+00:00,terminal,"{""cost_paise"": 300, ""failure_class"": ""INSUFFICIENT_FUNDS"", ""gross_recovered_paise"": 199900, ""terminal"": ""recovered""}"
c6b3344d-8d4b-450c-b04d-ad17cd7a63a3,sub_0087,2026-08-30T08:53:49.545917+00:00,2026-08-26T13:31:20.942593+00:00,terminal,"{""cost_paise"": 300, ""failure_class"": ""INSUFFICIENT_FUNDS"", ""gross_recovered_paise"": 49900, ""terminal"": ""recovered""}"
62d49df0-77fd-4cd9-85b0-349c8bbef3f1,sub_0088,2026-08-30T08:53:49.545917+00:00,2026-08-26T13:31:20.942980+00:00,terminal,"{""cost_paise"": 300, ""failure_class"": ""INSUFFICIENT_FUNDS"", ""gross_recovered_paise"": 49900, ""terminal"": ""recovered""}"
49119a98-b17b-487b-9850-e86599b326c9,sub_0089,2026-08-30T08:53:49.545917+00:00,2026-08-26T13:31:20.943340+00:00,terminal,"{""cost_paise"": 600, ""failure_class"": ""INSUFFICIENT_FUNDS"", ""gross_recovered_paise"": 499900, ""terminal"": ""recovered""}"
71185225-1aec-499c-a937-4c7fbf174835,sub_0090,2026-08-30T08:53:49.545917+00:00,2026-08-26T13:31:20.943742+00:00,terminal,"{""cost_paise"": 900, ""failure_class"": ""UNCLASSIFIED"", ""gross_recovered_paise"": 0, ""terminal"": ""unrecovered""}"
e4656570-33b0-4969-b95f-b695a05aadb1,sub_0091,2026-08-30T08:53:49.545917+00:00,2026-08-26T13:31:20.944123+00:00,terminal,"{""cost_paise"": 900, ""failure_class"": ""INSUFFICIENT_FUNDS"", ""gross_recovered_paise"": 0, ""terminal"": ""unrecovered""}"
e6b372ab-8a67-4da0-8d45-b4a3c8b1fdc6,sub_0092,2026-08-30T08:53:49.545917+00:00,2026-08-26T13:31:20.944564+00:00,terminal,"{""cost_paise"": 300, ""failure_class"": ""TRANSIENT_ISSUER"", ""gross_recovered_paise"": 199900, ""terminal"": ""recovered""}"
d8cc7c6c-5723-4390-987e-ff15f93e5cbc,sub_0093,2026-08-30T08:53:49.545917+00:00,2026-08-26T13:31:20.944912+00:00,terminal,"{""cost_paise"": 300, ""failure_class"": ""TRANSIENT_ISSUER"", ""gross_recovered_paise"": 499900, ""terminal"": ""recovered""}"
944484b5-0386-44ea-b904-ec5827d2e238,sub_0094,2026-08-30T08:53:49.545917+00:00,2026-08-26T13:31:20.945299+00:00,terminal,"{""cost_paise"": 900, ""failure_class"": ""INSUFFICIENT_FUNDS"", ""gross_recovered_paise"": 0, ""terminal"": ""unrecovered""}"
4ecd3ed5-29a0-486b-9484-0bbbcc5683b8,sub_0095,2026-08-30T08:53:49.545917+00:00,2026-08-26T13:31:20.945692+00:00,terminal,"{""cost_paise"": 900, ""failure_class"": ""INSUFFICIENT_FUNDS"", ""gross_recovered_paise"": 0, ""terminal"": ""unrecovered""}"
1b9db096-e99a-480a-b575-5d8d41e9681b,sub_0096,2026-08-30T08:53:49.545917+00:00,2026-08-26T13:31:20.946095+00:00,terminal,"{""cost_paise"": 300, ""failure_class"": ""INSUFFICIENT_FUNDS"", ""gross_recovered_paise"": 49900, ""terminal"": ""recovered""}"
5efc0714-efdb-4efb-b46c-c94a589eccfc,sub_0097,2026-08-30T08:53:49.545917+00:00,2026-08-26T13:31:20.946492+00:00,terminal,"{""cost_paise"": 600, ""failure_class"": ""INSUFFICIENT_FUNDS"", ""gross_recovered_paise"": 199900, ""terminal"": ""recovered""}"
d27e9ca4-47c3-446f-b116-d7e2fe099d27,sub_0098,2026-08-30T08:53:49.545917+00:00,2026-08-26T13:31:20.946864+00:00,terminal,"{""cost_paise"": 300, ""failure_class"": ""TRANSIENT_ISSUER"", ""gross_recovered_paise"": 499900, ""terminal"": ""recovered""}"
72471c1c-f9ff-4f65-bce9-82116de096b6,sub_0099,2026-08-30T08:53:49.545917+00:00,2026-08-26T13:31:20.947308+00:00,terminal,"{""cost_paise"": 300, ""failure_class"": ""TRANSIENT_ISSUER"", ""gross_recovered_paise"": 49900, ""terminal"": ""recovered""}"
b46ebdd6-e948-42cb-a57e-16a5ff5a0b22,sub_0100,2026-08-30T08:53:49.545917+00:00,2026-08-26T13:31:20.947663+00:00,terminal,"{""cost_paise"": 300, ""failure_class"": ""TRANSIENT_ISSUER"", ""gross_recovered_paise"": 499900, ""terminal"": ""recovered""}"
c7477c71-6d36-47de-ba18-6dee814656b2,sub_0101,2026-08-30T08:53:49.545917+00:00,2026-08-26T13:31:20.948017+00:00,terminal,"{""cost_paise"": 900, ""failure_class"": ""UNCLASSIFIED"", ""gross_recovered_paise"": 0, ""terminal"": ""unrecovered""}"
564c7b7a-3394-4417-8934-8bf6b246ea7f,sub_0102,2026-08-30T08:53:49.545917+00:00,2026-08-26T13:31:20.948443+00:00,terminal,"{""cost_paise"": 900, ""failure_class"": ""INSTRUMENT_INVALID"", ""gross_recovered_paise"": 0, ""terminal"": ""unrecovered""}"
7f2df4f5-933b-4a14-bd8e-20377d52ff3f,sub_0103,2026-08-30T08:53:49.545917+00:00,2026-08-26T13:31:20.948800+00:00,terminal,"{""cost_paise"": 600, ""failure_class"": ""INSUFFICIENT_FUNDS"", ""gross_recovered_paise"": 49900, ""terminal"": ""recovered""}"
0399f1d7-104a-4fe8-9c9f-703d2fb01bc9,sub_0104,2026-08-30T08:53:49.545917+00:00,2026-08-26T13:31:20.949236+00:00,terminal,"{""cost_paise"": 300, ""failure_class"": ""INSUFFICIENT_FUNDS"", ""gross_recovered_paise"": 499900, ""terminal"": ""recovered""}"
8580f8a3-e5b7-42f3-887e-9bf8e48c8ab1,sub_0105,2026-08-30T08:53:49.545917+00:00,2026-08-26T13:31:20.949644+00:00,terminal,"{""cost_paise"": 900, ""failure_class"": ""RISK_DECLINE"", ""gross_recovered_paise"": 0, ""terminal"": ""unrecovered""}"
0235aa40-ca80-4d7f-917a-a37f6cc231c4,sub_0106,2026-08-30T08:53:49.545917+00:00,2026-08-26T13:31:20.949940+00:00,terminal,"{""cost_paise"": 900, ""failure_class"": ""INSUFFICIENT_FUNDS"", ""gross_recovered_paise"": 99900, ""terminal"": ""recovered""}"
bdfea601-5c29-42b7-b777-e40564065c1e,sub_0107,2026-08-30T08:53:49.545917+00:00,2026-08-26T13:31:20.950243+00:00,terminal,"{""cost_paise"": 300, ""failure_class"": ""TRANSIENT_ISSUER"", ""gross_recovered_paise"": 49900, ""terminal"": ""recovered""}"
45b8f4a2-0e99-4801-9fd7-8b4bba5afcfe,sub_0108,2026-08-30T08:53:49.545917+00:00,2026-08-26T13:31:20.950597+00:00,terminal,"{""cost_paise"": 900, ""failure_class"": ""UNCLASSIFIED"", ""gross_recovered_paise"": 0, ""terminal"": ""unrecovered""}"
c6222f34-4124-4892-9c57-e8f6bf6e35f5,sub_0109,2026-08-30T08:53:49.545917+00:00,2026-08-26T13:31:20.950958+00:00,terminal,"{""cost_paise"": 900, ""failure_class"": ""INSUFFICIENT_FUNDS"", ""gross_recovered_paise"": 0, ""terminal"": ""unrecovered""}"
095d815a-d40d-4802-b1ef-a4c57c5a3d64,sub_0110,2026-08-30T08:53:49.545917+00:00,2026-08-26T13:31:20.951324+00:00,terminal,"{""cost_paise"": 900, ""failure_class"": ""INSTRUMENT_INVALID"", ""gross_recovered_paise"": 0, ""terminal"": ""unrecovered""}"
bea5ebd6-84a4-4639-8eea-57a873418298,sub_0111,2026-08-30T08:53:49.545917+00:00,2026-08-26T13:31:20.951710+00:00,terminal,"{""cost_paise"": 900, ""failure_class"": ""INSTRUMENT_INVALID"", ""gross_recovered_paise"": 0, ""terminal"": ""unrecovered""}"
ab6b9131-87ba-4abe-b8b2-ee326eb7aa6d,sub_0112,2026-08-30T08:53:49.545917+00:00,2026-08-26T13:31:20.952092+00:00,terminal,"{""cost_paise"": 900, ""failure_class"": ""RISK_DECLINE"", ""gross_recovered_paise"": 0, ""terminal"": ""unrecovered""}"
76886886-fe8a-451b-9d58-e81cf74e969e,sub_0113,2026-08-30T08:53:49.545917+00:00,2026-08-26T13:31:20.952512+00:00,terminal,"{""cost_paise"": 900, ""failure_class"": ""RISK_DECLINE"", ""gross_recovered_paise"": 0, ""terminal"": ""unrecovered""}"
b58b32ef-4111-4676-98c4-a0ff0a92e8f6,sub_0114,2026-08-30T08:53:49.545917+00:00,2026-08-26T13:31:20.952883+00:00,terminal,"{""cost_paise"": 900, ""failure_class"": ""RISK_DECLINE"", ""gross_recovered_paise"": 0, ""terminal"": ""unrecovered""}"
55d95a4e-9ee3-4746-92de-26a320d31427,sub_0115,2026-08-30T08:53:49.545917+00:00,2026-08-26T13:31:20.953259+00:00,terminal,"{""cost_paise"": 300, ""failure_class"": ""UNCLASSIFIED"", ""gross_recovered_paise"": 499900, ""terminal"": ""recovered""}"
5d76b388-bf83-4de5-8b30-5d367ad39a33,sub_0116,2026-08-30T08:53:49.545917+00:00,2026-08-26T13:31:20.953633+00:00,terminal,"{""cost_paise"": 900, ""failure_class"": ""INSTRUMENT_INVALID"", ""gross_recovered_paise"": 0, ""terminal"": ""unrecovered""}"
53b2c7cd-ef2b-4bc7-9109-e839dc5f1eb1,sub_0117,2026-08-30T08:53:49.545917+00:00,2026-08-26T13:31:20.954037+00:00,terminal,"{""cost_paise"": 900, ""failure_class"": ""INSTRUMENT_INVALID"", ""gross_recovered_paise"": 0, ""terminal"": ""unrecovered""}"
6da99b0a-766f-4eb0-b8a9-7b2be29379a3,sub_0118,2026-08-30T08:53:49.545917+00:00,2026-08-26T13:31:20.954437+00:00,terminal,"{""cost_paise"": 900, ""failure_class"": ""INSTRUMENT_INVALID"", ""gross_recovered_paise"": 0, ""terminal"": ""unrecovered""}"
9a0008ce-0d92-4481-8b75-c96dfb0c36e2,sub_0119,2026-08-30T08:53:49.545917+00:00,2026-08-26T13:31:20.954821+00:00,terminal,"{""cost_paise"": 600, ""failure_class"": ""UNCLASSIFIED"", ""gross_recovered_paise"": 99900, ""terminal"": ""recovered""}"
6d9aba0a-2898-4320-bfc4-3c1cdac7ae31,sub_0120,2026-08-30T08:53:49.545917+00:00,2026-08-26T13:31:20.955181+00:00,terminal,"{""cost_paise"": 900, ""failure_class"": ""INSUFFICIENT_FUNDS"", ""gross_recovered_paise"": 0, ""terminal"": ""unrecovered""}"
f03d09a9-be85-46b4-b105-2bf039bc73d6,sub_0121,2026-08-30T08:53:49.545917+00:00,2026-08-26T13:31:20.955520+00:00,terminal,"{""cost_paise"": 300, ""failure_class"": ""UNCLASSIFIED"", ""gross_recovered_paise"": 199900, ""terminal"": ""recovered""}"
7e54509b-a380-4b87-9a9b-fef4dac0ac0f,sub_0122,2026-08-30T08:53:49.545917+00:00,2026-08-26T13:31:20.955965+00:00,terminal,"{""cost_paise"": 900, ""failure_class"": ""UNCLASSIFIED"", ""gross_recovered_paise"": 0, ""terminal"": ""unrecovered""}"
31f01e7d-e0d6-4ceb-a61b-d3b102543ea0,sub_0123,2026-08-30T08:53:49.545917+00:00,2026-08-26T13:31:20.956356+00:00,terminal,"{""cost_paise"": 300, ""failure_class"": ""INSUFFICIENT_FUNDS"", ""gross_recovered_paise"": 199900, ""terminal"": ""recovered""}"
2e30f444-c62b-4cd2-96ee-92f2e06e0b23,sub_0124,2026-08-30T08:53:49.545917+00:00,2026-08-26T13:31:20.956736+00:00,terminal,"{""cost_paise"": 300, ""failure_class"": ""INSUFFICIENT_FUNDS"", ""gross_recovered_paise"": 99900, ""terminal"": ""recovered""}"
47894d6e-9689-4460-b86d-a273675546fd,sub_0125,2026-08-30T08:53:49.545917+00:00,2026-08-26T13:31:20.957069+00:00,terminal,"{""cost_paise"": 900, ""failure_class"": ""INSUFFICIENT_FUNDS"", ""gross_recovered_paise"": 499900, ""terminal"": ""recovered""}"
aa93491d-46ba-4505-9f24-5208b1a79515,sub_0126,2026-08-30T08:53:49.545917+00:00,2026-08-26T13:31:20.957460+00:00,terminal,"{""cost_paise"": 300, ""failure_class"": ""INSUFFICIENT_FUNDS"", ""gross_recovered_paise"": 499900, ""terminal"": ""recovered""}"
0005eeca-5ee9-469f-907e-89b2615d922c,sub_0127,2026-08-30T08:53:49.545917+00:00,2026-08-26T13:31:20.957826+00:00,terminal,"{""cost_paise"": 600, ""failure_class"": ""INSUFFICIENT_FUNDS"", ""gross_recovered_paise"": 49900, ""terminal"": ""recovered""}"
b4216e6a-afc4-49ff-addb-f950733c7e38,sub_0128,2026-08-30T08:53:49.545917+00:00,2026-08-26T13:31:20.958304+00:00,terminal,"{""cost_paise"": 300, ""failure_class"": ""TRANSIENT_ISSUER"", ""gross_recovered_paise"": 499900, ""terminal"": ""recovered""}"
5f6e1b9d-a787-4c80-b0cd-89a22dffc974,sub_0129,2026-08-30T08:53:49.545917+00:00,2026-08-26T13:31:20.958808+00:00,terminal,"{""cost_paise"": 300, ""failure_class"": ""UNCLASSIFIED"", ""gross_recovered_paise"": 49900, ""terminal"": ""recovered""}"
558498c8-cdbb-44e6-8246-a9f46a1a7091,sub_0130,2026-08-30T08:53:49.545917+00:00,2026-08-26T13:31:20.959350+00:00,terminal,"{""cost_paise"": 900, ""failure_class"": ""INSUFFICIENT_FUNDS"", ""gross_recovered_paise"": 0, ""terminal"": ""unrecovered""}"
2616b0fe-44ad-4980-bbbb-31f4a9a2b9b5,sub_0131,2026-08-30T08:53:49.545917+00:00,2026-08-26T13:31:20.959927+00:00,terminal,"{""cost_paise"": 900, ""failure_class"": ""UNCLASSIFIED"", ""gross_recovered_paise"": 0, ""terminal"": ""unrecovered""}"
91208aef-163c-4518-a00e-42d89017f42f,sub_0132,2026-08-30T08:53:49.545917+00:00,2026-08-26T13:31:20.960386+00:00,terminal,"{""cost_paise"": 300, ""failure_class"": ""UNCLASSIFIED"", ""gross_recovered_paise"": 99900, ""terminal"": ""recovered""}"
75bbc34a-f4c4-4bb0-b448-37c1c2f78a3e,sub_0133,2026-08-30T08:53:49.545917+00:00,2026-08-26T13:31:20.960773+00:00,terminal,"{""cost_paise"": 900, ""failure_class"": ""UNCLASSIFIED"", ""gross_recovered_paise"": 0, ""terminal"": ""unrecovered""}"
36f24c30-a4de-483d-98cb-5ad00839e19d,sub_0134,2026-08-30T08:53:49.545917+00:00,2026-08-26T13:31:20.961159+00:00,terminal,"{""cost_paise"": 300, ""failure_class"": ""TRANSIENT_ISSUER"", ""gross_recovered_paise"": 49900, ""terminal"": ""recovered""}"
51132741-190c-4303-9e23-0892d3fb1e10,sub_0135,2026-08-30T08:53:49.545917+00:00,2026-08-26T13:31:20.961649+00:00,terminal,"{""cost_paise"": 300, ""failure_class"": ""INSUFFICIENT_FUNDS"", ""gross_recovered_paise"": 49900, ""terminal"": ""recovered""}"
810a45a2-d385-475c-bc82-cb062e85f0c4,sub_0136,2026-08-30T08:53:49.545917+00:00,2026-08-26T13:31:20.962040+00:00,terminal,"{""cost_paise"": 900, ""failure_class"": ""INSTRUMENT_INVALID"", ""gross_recovered_paise"": 0, ""terminal"": ""unrecovered""}"
9d88fe0f-68ff-4d29-9017-bf1cd04cdc72,sub_0137,2026-08-30T08:53:49.545917+00:00,2026-08-26T13:31:20.962528+00:00,terminal,"{""cost_paise"": 300, ""failure_class"": ""INSUFFICIENT_FUNDS"", ""gross_recovered_paise"": 199900, ""terminal"": ""recovered""}"
bd2364c0-c683-4366-b7b3-219f48ac691a,sub_0138,2026-08-30T08:53:49.545917+00:00,2026-08-26T13:31:20.962953+00:00,terminal,"{""cost_paise"": 900, ""failure_class"": ""INSTRUMENT_INVALID"", ""gross_recovered_paise"": 0, ""terminal"": ""unrecovered""}"
44b44417-c793-4e70-a561-62cc44eefe76,sub_0139,2026-08-30T08:53:49.545917+00:00,2026-08-26T13:31:20.963363+00:00,terminal,"{""cost_paise"": 300, ""failure_class"": ""INSUFFICIENT_FUNDS"", ""gross_recovered_paise"": 499900, ""terminal"": ""recovered""}"
f80a5bef-36d7-4791-ac4a-f02892e4be7e,sub_0140,2026-08-30T08:53:49.545917+00:00,2026-08-26T13:31:20.963759+00:00,terminal,"{""cost_paise"": 300, ""failure_class"": ""INSUFFICIENT_FUNDS"", ""gross_recovered_paise"": 499900, ""terminal"": ""recovered""}"
99dfec18-ad5a-4b5c-8a4a-e8a383eaa4ad,sub_0141,2026-08-30T08:53:49.545917+00:00,2026-08-26T13:31:20.964155+00:00,terminal,"{""cost_paise"": 900, ""failure_class"": ""INSTRUMENT_INVALID"", ""gross_recovered_paise"": 0, ""terminal"": ""unrecovered""}"
681da8fe-2eca-4774-ae1a-e2abd667947d,sub_0142,2026-08-30T08:53:49.545917+00:00,2026-08-26T13:31:20.964556+00:00,terminal,"{""cost_paise"": 300, ""failure_class"": ""INSUFFICIENT_FUNDS"", ""gross_recovered_paise"": 499900, ""terminal"": ""recovered""}"
bacaa685-1b12-437b-a904-d63f41f565b8,sub_0143,2026-08-30T08:53:49.545917+00:00,2026-08-26T13:31:20.964954+00:00,terminal,"{""cost_paise"": 900, ""failure_class"": ""UNCLASSIFIED"", ""gross_recovered_paise"": 0, ""terminal"": ""unrecovered""}"
e423b984-ff59-44f8-ba82-24d4c9695998,sub_0144,2026-08-30T08:53:49.545917+00:00,2026-08-26T13:31:20.965403+00:00,terminal,"{""cost_paise"": 900, ""failure_class"": ""MANDATE_REVOKED"", ""gross_recovered_paise"": 0, ""terminal"": ""voluntary_churn""}"
05f56f7f-7e5f-4083-8953-8c99e80ecc99,sub_0145,2026-08-30T08:53:49.545917+00:00,2026-08-26T13:31:20.965789+00:00,terminal,"{""cost_paise"": 600, ""failure_class"": ""INSUFFICIENT_FUNDS"", ""gross_recovered_paise"": 499900, ""terminal"": ""recovered""}"
4ee3406f-f727-4f5b-9a70-19e01697bc66,sub_0146,2026-08-30T08:53:49.545917+00:00,2026-08-26T13:31:20.966137+00:00,terminal,"{""cost_paise"": 300, ""failure_class"": ""TRANSIENT_ISSUER"", ""gross_recovered_paise"": 199900, ""terminal"": ""recovered""}"
57ffc2d1-8825-47ba-9d11-d185792bfe46,sub_0147,2026-08-30T08:53:49.545917+00:00,2026-08-26T13:31:20.966586+00:00,terminal,"{""cost_paise"": 900, ""failure_class"": ""MANDATE_REVOKED"", ""gross_recovered_paise"": 0, ""terminal"": ""voluntary_churn""}"
fb7ec457-f1fa-4c49-90dc-c83a19b0d068,sub_0148,2026-08-30T08:53:49.545917+00:00,2026-08-26T13:31:20.967138+00:00,terminal,"{""cost_paise"": 900, ""failure_class"": ""INSTRUMENT_INVALID"", ""gross_recovered_paise"": 0, ""terminal"": ""unrecovered""}"
17363b95-ccc7-4cd5-bf49-b03066ea15ae,sub_0149,2026-08-30T08:53:49.545917+00:00,2026-08-26T13:31:20.967665+00:00,terminal,"{""cost_paise"": 900, ""failure_class"": ""INSTRUMENT_INVALID"", ""gross_recovered_paise"": 0, ""terminal"": ""unrecovered""}"
a11780b5-7bd2-4a75-8d18-28015d073400,sub_0150,2026-08-30T08:53:49.545917+00:00,2026-08-26T13:31:20.968056+00:00,terminal,"{""cost_paise"": 300, ""failure_class"": ""TRANSIENT_ISSUER"", ""gross_recovered_paise"": 99900, ""terminal"": ""recovered""}"
671752fe-db98-4ff4-bc01-f1d6e4c14ed6,sub_0151,2026-08-30T08:53:49.545917+00:00,2026-08-26T13:31:20.968436+00:00,terminal,"{""cost_paise"": 900, ""failure_class"": ""TRANSIENT_ISSUER"", ""gross_recovered_paise"": 0, ""terminal"": ""unrecovered""}"
99a09ccf-6f09-4956-bf9e-5748c1efadda,sub_0152,2026-08-30T08:53:49.545917+00:00,2026-08-26T13:31:20.968897+00:00,terminal,"{""cost_paise"": 900, ""failure_class"": ""UNCLASSIFIED"", ""gross_recovered_paise"": 0, ""terminal"": ""unrecovered""}"
6c2df845-e330-4b24-b390-892df7975a58,sub_0153,2026-08-30T08:53:49.545917+00:00,2026-08-26T13:31:20.969338+00:00,terminal,"{""cost_paise"": 900, ""failure_class"": ""MANDATE_REVOKED"", ""gross_recovered_paise"": 0, ""terminal"": ""voluntary_churn""}"
2d26d71e-7c48-4ee0-9cd4-2e63df69c953,sub_0154,2026-08-30T08:53:49.545917+00:00,2026-08-26T13:31:20.969713+00:00,terminal,"{""cost_paise"": 300, ""failure_class"": ""TRANSIENT_ISSUER"", ""gross_recovered_paise"": 499900, ""terminal"": ""recovered""}"
046aa3e8-1b81-460e-9d38-4acf7700603c,sub_0155,2026-08-30T08:53:49.545917+00:00,2026-08-26T13:31:20.970126+00:00,terminal,"{""cost_paise"": 300, ""failure_class"": ""TRANSIENT_ISSUER"", ""gross_recovered_paise"": 499900, ""terminal"": ""recovered""}"
5e316105-120f-4f27-bae3-b72a6fbc8248,sub_0156,2026-08-30T08:53:49.545917+00:00,2026-08-26T13:31:20.970505+00:00,terminal,"{""cost_paise"": 300, ""failure_class"": ""UNCLASSIFIED"", ""gross_recovered_paise"": 49900, ""terminal"": ""recovered""}"
5212d077-691e-4ee9-b8a1-6531301fb74b,sub_0157,2026-08-30T08:53:49.545917+00:00,2026-08-26T13:31:20.970909+00:00,terminal,"{""cost_paise"": 600, ""failure_class"": ""INSUFFICIENT_FUNDS"", ""gross_recovered_paise"": 499900, ""terminal"": ""recovered""}"
92a70a0d-8e95-434b-95d0-85d833cc409b,sub_0158,2026-08-30T08:53:49.545917+00:00,2026-08-26T13:31:20.971307+00:00,terminal,"{""cost_paise"": 900, ""failure_class"": ""INSUFFICIENT_FUNDS"", ""gross_recovered_paise"": 0, ""terminal"": ""unrecovered""}"
32a4bd3d-b8ec-4e4c-9b7c-dbdcd1a1d749,sub_0159,2026-08-30T08:53:49.545917+00:00,2026-08-26T13:31:20.971672+00:00,terminal,"{""cost_paise"": 300, ""failure_class"": ""INSUFFICIENT_FUNDS"", ""gross_recovered_paise"": 499900, ""terminal"": ""recovered""}"
f2c175c2-0c3c-4ab6-b710-5c738a4e0f76,sub_0160,2026-08-30T08:53:49.545917+00:00,2026-08-26T13:31:20.972058+00:00,terminal,"{""cost_paise"": 900, ""failure_class"": ""INSUFFICIENT_FUNDS"", ""gross_recovered_paise"": 0, ""terminal"": ""unrecovered""}"
c8ca40ae-440b-40eb-a3cf-c4d4890aa4b6,sub_0161,2026-08-30T08:53:49.545917+00:00,2026-08-26T13:31:20.972471+00:00,terminal,"{""cost_paise"": 900, ""failure_class"": ""MANDATE_REVOKED"", ""gross_recovered_paise"": 0, ""terminal"": ""voluntary_churn""}"
c1c841b2-5850-40c4-9352-5bfcbb89ec86,sub_0162,2026-08-30T08:53:49.545917+00:00,2026-08-26T13:31:20.972838+00:00,terminal,"{""cost_paise"": 300, ""failure_class"": ""UNCLASSIFIED"", ""gross_recovered_paise"": 199900, ""terminal"": ""recovered""}"
d72eea33-1628-464f-966e-074762f31a08,sub_0163,2026-08-30T08:53:49.545917+00:00,2026-08-26T13:31:20.973205+00:00,terminal,"{""cost_paise"": 900, ""failure_class"": ""RISK_DECLINE"", ""gross_recovered_paise"": 0, ""terminal"": ""unrecovered""}"
ca03527a-bdee-48aa-ba64-985eb4ef9319,sub_0164,2026-08-30T08:53:49.545917+00:00,2026-08-26T13:31:20.973577+00:00,terminal,"{""cost_paise"": 300, ""failure_class"": ""INSUFFICIENT_FUNDS"", ""gross_recovered_paise"": 49900, ""terminal"": ""recovered""}"
25eebac1-dc61-4495-9a7b-6df631886453,sub_0165,2026-08-30T08:53:49.545917+00:00,2026-08-26T13:31:20.974149+00:00,terminal,"{""cost_paise"": 900, ""failure_class"": ""MANDATE_REVOKED"", ""gross_recovered_paise"": 0, ""terminal"": ""voluntary_churn""}"
355b7d68-ebf9-48fc-a72b-dc34bd19ceba,sub_0166,2026-08-30T08:53:49.545917+00:00,2026-08-26T13:31:20.974567+00:00,terminal,"{""cost_paise"": 300, ""failure_class"": ""INSUFFICIENT_FUNDS"", ""gross_recovered_paise"": 499900, ""terminal"": ""recovered""}"
3c02dedc-997d-4dd2-8245-d4baa7097b84,sub_0167,2026-08-30T08:53:49.545917+00:00,2026-08-26T13:31:20.974933+00:00,terminal,"{""cost_paise"": 300, ""failure_class"": ""INSUFFICIENT_FUNDS"", ""gross_recovered_paise"": 99900, ""terminal"": ""recovered""}"
0b7a1089-6be6-4220-84e2-c97a02395f82,sub_0168,2026-08-30T08:53:49.545917+00:00,2026-08-26T13:31:20.975264+00:00,terminal,"{""cost_paise"": 300, ""failure_class"": ""INSUFFICIENT_FUNDS"", ""gross_recovered_paise"": 499900, ""terminal"": ""recovered""}"
e8707760-a535-4a01-8f9c-37fb425e11ed,sub_0169,2026-08-30T08:53:49.545917+00:00,2026-08-26T13:31:20.975635+00:00,terminal,"{""cost_paise"": 900, ""failure_class"": ""INSTRUMENT_INVALID"", ""gross_recovered_paise"": 0, ""terminal"": ""unrecovered""}"
ba10c505-dc4a-4dc5-a590-97875d95c9f6,sub_0170,2026-08-30T08:53:49.545917+00:00,2026-08-26T13:31:20.975995+00:00,terminal,"{""cost_paise"": 900, ""failure_class"": ""INSUFFICIENT_FUNDS"", ""gross_recovered_paise"": 0, ""terminal"": ""unrecovered""}"
5538bcc8-47a1-47f9-9550-fcd535a55761,sub_0171,2026-08-30T08:53:49.545917+00:00,2026-08-26T13:31:20.976423+00:00,terminal,"{""cost_paise"": 900, ""failure_class"": ""INSUFFICIENT_FUNDS"", ""gross_recovered_paise"": 0, ""terminal"": ""unrecovered""}"
c93c0206-3d15-4a42-8563-e20588d077f2,sub_0172,2026-08-30T08:53:49.545917+00:00,2026-08-26T13:31:20.976771+00:00,terminal,"{""cost_paise"": 900, ""failure_class"": ""MANDATE_REVOKED"", ""gross_recovered_paise"": 0, ""terminal"": ""voluntary_churn""}"
d8c84a89-5e8c-4a33-8301-8386ea5611b6,sub_0173,2026-08-30T08:53:49.545917+00:00,2026-08-26T13:31:20.977070+00:00,terminal,"{""cost_paise"": 900, ""failure_class"": ""MANDATE_REVOKED"", ""gross_recovered_paise"": 0, ""terminal"": ""voluntary_churn""}"
d738e0fb-df9e-452a-8171-b291630efc64,sub_0174,2026-08-30T08:53:49.545917+00:00,2026-08-26T13:31:20.977429+00:00,terminal,"{""cost_paise"": 900, ""failure_class"": ""RISK_DECLINE"", ""gross_recovered_paise"": 0, ""terminal"": ""unrecovered""}"
aca0a08e-2d73-4c1e-8d59-d67e473e2eb2,sub_0175,2026-08-30T08:53:49.545917+00:00,2026-08-26T13:31:20.977791+00:00,terminal,"{""cost_paise"": 300, ""failure_class"": ""TRANSIENT_ISSUER"", ""gross_recovered_paise"": 49900, ""terminal"": ""recovered""}"
147316e8-df56-4f14-9530-7fedf801c322,sub_0176,2026-08-30T08:53:49.545917+00:00,2026-08-26T13:31:20.978154+00:00,terminal,"{""cost_paise"": 300, ""failure_class"": ""TRANSIENT_ISSUER"", ""gross_recovered_paise"": 49900, ""terminal"": ""recovered""}"
39693b05-011d-4a86-9717-8f2e8596d08f,sub_0177,2026-08-30T08:53:49.545917+00:00,2026-08-26T13:31:20.978497+00:00,terminal,"{""cost_paise"": 300, ""failure_class"": ""UNCLASSIFIED"", ""gross_recovered_paise"": 99900, ""terminal"": ""recovered""}"
690d8bfe-8f04-410c-8632-dbd210740a2b,sub_0178,2026-08-30T08:53:49.545917+00:00,2026-08-26T13:31:20.978799+00:00,terminal,"{""cost_paise"": 600, ""failure_class"": ""INSTRUMENT_INVALID"", ""gross_recovered_paise"": 499900, ""terminal"": ""recovered""}"
22b6694e-9037-43c8-9dd0-ff809d2e92a9,sub_0179,2026-08-30T08:53:49.545917+00:00,2026-08-26T13:31:20.979128+00:00,terminal,"{""cost_paise"": 900, ""failure_class"": ""UNCLASSIFIED"", ""gross_recovered_paise"": 0, ""terminal"": ""unrecovered""}"
296a8607-93dc-419a-b80a-08c1640fef14,sub_0180,2026-08-30T08:53:49.545917+00:00,2026-08-26T13:31:20.979460+00:00,terminal,"{""cost_paise"": 900, ""failure_class"": ""INSTRUMENT_INVALID"", ""gross_recovered_paise"": 0, ""terminal"": ""unrecovered""}"
3d99cfed-5a24-4917-af50-c1e98cd900d7,sub_0181,2026-08-30T08:53:49.545917+00:00,2026-08-26T13:31:20.979844+00:00,terminal,"{""cost_paise"": 900, ""failure_class"": ""INSUFFICIENT_FUNDS"", ""gross_recovered_paise"": 0, ""terminal"": ""unrecovered""}"
322ce9b9-10c7-4a64-bf12-8cffca013850,sub_0182,2026-08-30T08:53:49.545917+00:00,2026-08-26T13:31:20.980254+00:00,terminal,"{""cost_paise"": 300, ""failure_class"": ""UNCLASSIFIED"", ""gross_recovered_paise"": 49900, ""terminal"": ""recovered""}"
836377fd-e90b-459f-9f93-9e3905d69cb4,sub_0183,2026-08-30T08:53:49.545917+00:00,2026-08-26T13:31:20.980617+00:00,terminal,"{""cost_paise"": 900, ""failure_class"": ""TRANSIENT_ISSUER"", ""gross_recovered_paise"": 0, ""terminal"": ""unrecovered""}"
5c271143-e34d-44d6-b281-109e64ab1a1b,sub_0184,2026-08-30T08:53:49.545917+00:00,2026-08-26T13:31:20.980991+00:00,terminal,"{""cost_paise"": 300, ""failure_class"": ""INSUFFICIENT_FUNDS"", ""gross_recovered_paise"": 199900, ""terminal"": ""recovered""}"
a178e957-8204-4ade-bd71-d57b3dda873f,sub_0185,2026-08-30T08:53:49.545917+00:00,2026-08-26T13:31:20.981374+00:00,terminal,"{""cost_paise"": 300, ""failure_class"": ""UNCLASSIFIED"", ""gross_recovered_paise"": 99900, ""terminal"": ""recovered""}"
99552287-6c14-4177-a909-100a37235fbc,sub_0186,2026-08-30T08:53:49.545917+00:00,2026-08-26T13:31:20.981750+00:00,terminal,"{""cost_paise"": 900, ""failure_class"": ""UNCLASSIFIED"", ""gross_recovered_paise"": 49900, ""terminal"": ""recovered""}"
fe955a0b-347c-40a4-b073-e5a85223cac0,sub_0187,2026-08-30T08:53:49.545917+00:00,2026-08-26T13:31:20.982092+00:00,terminal,"{""cost_paise"": 300, ""failure_class"": ""TRANSIENT_ISSUER"", ""gross_recovered_paise"": 199900, ""terminal"": ""recovered""}"
2f97c7ab-f886-41bd-ab04-8d85a7ee79f5,sub_0188,2026-08-30T08:53:49.545917+00:00,2026-08-26T13:31:20.982513+00:00,terminal,"{""cost_paise"": 300, ""failure_class"": ""INSUFFICIENT_FUNDS"", ""gross_recovered_paise"": 49900, ""terminal"": ""recovered""}"
b17b0a14-8af3-4dcb-a723-5c7f62c1cec9,sub_0189,2026-08-30T08:53:49.545917+00:00,2026-08-26T13:31:20.982892+00:00,terminal,"{""cost_paise"": 900, ""failure_class"": ""INSTRUMENT_INVALID"", ""gross_recovered_paise"": 0, ""terminal"": ""unrecovered""}"
0d50d66f-bbd3-46eb-9c3a-11807f4ad810,sub_0190,2026-08-30T08:53:49.545917+00:00,2026-08-26T13:31:20.983241+00:00,terminal,"{""cost_paise"": 300, ""failure_class"": ""INSUFFICIENT_FUNDS"", ""gross_recovered_paise"": 49900, ""terminal"": ""recovered""}"
c6bd189c-9a7a-4390-be26-a069f6c5e6f6,sub_0191,2026-08-30T08:53:49.545917+00:00,2026-08-26T13:31:20.983568+00:00,terminal,"{""cost_paise"": 900, ""failure_class"": ""UNCLASSIFIED"", ""gross_recovered_paise"": 0, ""terminal"": ""unrecovered""}"
89f3c0bc-c2ad-4254-837a-37ad6b9a197f,sub_0192,2026-08-30T08:53:49.545917+00:00,2026-08-26T13:31:20.983942+00:00,terminal,"{""cost_paise"": 900, ""failure_class"": ""INSTRUMENT_INVALID"", ""gross_recovered_paise"": 0, ""terminal"": ""unrecovered""}"
1efca3d8-9591-4e3a-a729-fb9bc8a78154,sub_0193,2026-08-30T08:53:49.545917+00:00,2026-08-26T13:31:20.984324+00:00,terminal,"{""cost_paise"": 900, ""failure_class"": ""INSTRUMENT_INVALID"", ""gross_recovered_paise"": 0, ""terminal"": ""unrecovered""}"
5ded5878-0d94-478a-9bbe-90321aafca1b,sub_0194,2026-08-30T08:53:49.545917+00:00,2026-08-26T13:31:20.984679+00:00,terminal,"{""cost_paise"": 900, ""failure_class"": ""INSTRUMENT_INVALID"", ""gross_recovered_paise"": 0, ""terminal"": ""unrecovered""}"
c1bec7f4-c811-4e64-929b-67c0f6584faa,sub_0195,2026-08-30T08:53:49.545917+00:00,2026-08-26T13:31:20.985036+00:00,terminal,"{""cost_paise"": 900, ""failure_class"": ""INSTRUMENT_INVALID"", ""gross_recovered_paise"": 0, ""terminal"": ""unrecovered""}"
3ee2bb85-cd7f-4faf-bd46-573c49a3fa2a,sub_0196,2026-08-30T08:53:49.545917+00:00,2026-08-26T13:31:20.985393+00:00,terminal,"{""cost_paise"": 900, ""failure_class"": ""INSUFFICIENT_FUNDS"", ""gross_recovered_paise"": 0, ""terminal"": ""unrecovered""}"
d0e8163d-3494-4e1d-9c6d-03827d7b5161,sub_0197,2026-08-30T08:53:49.545917+00:00,2026-08-26T13:31:20.985718+00:00,terminal,"{""cost_paise"": 900, ""failure_class"": ""INSUFFICIENT_FUNDS"", ""gross_recovered_paise"": 0, ""terminal"": ""unrecovered""}"
3a870e09-76da-49ac-9d9c-f8f27c6c63c7,sub_0198,2026-08-30T08:53:49.545917+00:00,2026-08-26T13:31:20.986109+00:00,terminal,"{""cost_paise"": 300, ""failure_class"": ""INSUFFICIENT_FUNDS"", ""gross_recovered_paise"": 99900, ""terminal"": ""recovered""}"
12f02070-b173-48f1-9cd6-dac2dfed363f,sub_0199,2026-08-30T08:53:49.545917+00:00,2026-08-26T13:31:20.986477+00:00,terminal,"{""cost_paise"": 900, ""failure_class"": ""INSUFFICIENT_FUNDS"", ""gross_recovered_paise"": 0, ""terminal"": ""unrecovered""}"
